date,eur1m,eur3m,eur6m,eur1y,eur2y,eur3y,eur4y,eur5y,eur7y,eur10y,eur30y
2020-11-02,-0.54,-0.52,-0.513,-0.529,-0.544,-0.53925,-0.5189,-0.489,-0.4099,-0.2707,-0.0423
2020-11-03,-0.54,-0.52,-0.513,-0.5275,-0.53925,-0.533,-0.50875,-0.4764,-0.39475,-0.254,-0.0253
2020-11-04,-0.55,-0.517,-0.515,-0.5278,-0.5409,-0.5355,-0.5145,-0.48415,-0.4075,-0.27155,-0.0411
2020-11-05,-0.547,-0.517,-0.511,-0.5256,-0.5393,-0.53435,-0.5143,-0.486,-0.4107,-0.2753,-0.03625
2020-11-06,-0.533,-0.513,-0.512,-0.5273,-0.54115,-0.53625,-0.514,-0.48305,-0.40455,-0.2657,-0.015
2020-11-09,-0.539,-0.516,-0.511,-0.5133,-0.5142,-0.5021,-0.4719,-0.4326,-0.3426,-0.1921,0.0753
2020-11-10,-0.527,-0.51,-0.505,-0.509,-0.5063,-0.4909,-0.459,-0.4187,-0.3257,-0.1711,0.10425
2020-11-11,-0.537,-0.518,-0.507,-0.5091,-0.5062,-0.49125,-0.4623,-0.4254,-0.335,-0.1841,0.0904
2020-11-12,-0.542,-0.513,-0.504,-0.5095,-0.5098,-0.498,-0.4733,-0.43975,-0.3565,-0.2119,0.0535
2020-11-13,-0.533,-0.514,-0.503,-0.51275,-0.5174,-0.50765,-0.482,-0.4484,-0.3656,-0.221,0.0464
2020-11-16,-0.537,-0.522,-0.505,-0.5135,-0.5169,-0.506,-0.479,-0.445,-0.3635,-0.2212,0.0395
2020-11-17,-0.552,-0.522,-0.508,-0.5156,-0.518,-0.50775,-0.483,-0.452,-0.37325,-0.2331,0.0225
2020-11-18,-0.546,-0.527,-0.513,-0.5196,-0.5215,-0.5101,-0.4849,-0.4516,-0.37125,-0.2296,0.02475
2020-11-19,-0.556,-0.527,-0.512,-0.5204,-0.524,-0.5135,-0.489,-0.457,-0.379,-0.2417,0.0082
2020-11-20,-0.543,-0.528,-0.509,-0.52055,-0.5285,-0.51925,-0.4965,-0.466,-0.389,-0.25125,0.004
2020-11-23,-0.542,-0.523,-0.509,-0.5181,-0.5213,-0.511,-0.489,-0.4579,-0.381,-0.2439,0.01625
2020-11-24,-0.537,-0.523,-0.51,-0.5182,-0.5202,-0.5085,-0.4849,-0.453,-0.375,-0.237,0.0199
2020-11-25,-0.533,-0.526,-0.508,-0.51575,-0.51825,-0.507,-0.4845,-0.4543,-0.3789,-0.2429,0.00875
2020-11-26,-0.539,-0.528,-0.506,-0.5162,-0.5195,-0.50935,-0.4886,-0.4607,-0.3876,-0.255,-0.00505
2020-11-27,-0.546,-0.528,-0.507,-0.5166,-0.518,-0.5078,-0.4873,-0.4591,-0.3874,-0.2541,-0.007
2020-11-30,-0.551,-0.526,-0.508,-0.5173,-0.519,-0.50925,-0.4874,-0.4585,-0.38675,-0.255,-0.00815
2020-12-01,-0.548,-0.526,-0.508,-0.5145,-0.5133,-0.4998,-0.4745,-0.442,-0.36575,-0.22925,0.0185
2020-12-02,-0.548,-0.524,-0.508,-0.5153,-0.51475,-0.5006,-0.4743,-0.44075,-0.3621,-0.225,0.0271
2020-12-03,-0.539,-0.527,-0.51,-0.5185,-0.5207,-0.50825,-0.4838,-0.45025,-0.3721,-0.2349,0.01875
2020-12-04,-0.545,-0.532,-0.512,-0.5245,-0.5285,-0.516,-0.4896,-0.4555,-0.3715,-0.2291,0.03105
2020-12-07,-0.55,-0.534,-0.513,-0.5302,-0.5385,-0.5295,-0.506,-0.47375,-0.3937,-0.255,0.00405
2020-12-08,-0.549,-0.536,-0.518,-0.5349,-0.5445,-0.537,-0.516,-0.4876,-0.413,-0.2786,-0.024
2020-12-09,-0.552,-0.545,-0.524,-0.539,-0.5459,-0.537,-0.515,-0.4852,-0.4093,-0.2752,-0.018
2020-12-10,-0.573,-0.546,-0.523,-0.5369,-0.545,-0.53625,-0.5164,-0.4879,-0.41495,-0.2819,-0.0314
2020-12-11,-0.554,-0.543,-0.52,-0.539,-0.5495,-0.5425,-0.5245,-0.4988,-0.433,-0.30795,-0.08265
2020-12-14,-0.573,-0.543,-0.522,-0.538,-0.5487,-0.541,-0.5215,-0.4938,-0.4239,-0.2943,-0.06675
2020-12-15,-0.57,-0.544,-0.52,-0.536,-0.54415,-0.5371,-0.51775,-0.49015,-0.421,-0.293,-0.062
2020-12-16,-0.575,-0.54,-0.525,-0.5305,-0.5315,-0.51895,-0.4945,-0.46475,-0.3935,-0.264,-0.03165
2020-12-17,-0.582,-0.541,-0.518,-0.526,-0.529,-0.5179,-0.4973,-0.47,-0.39925,-0.26975,-0.03245
2020-12-18,-0.56,-0.537,-0.52,-0.5234,-0.52275,-0.51,-0.4865,-0.45785,-0.3895,-0.2618,-0.02415
2020-12-21,-0.563,-0.532,-0.518,-0.5226,-0.5233,-0.5105,-0.48875,-0.4604,-0.391,-0.263,-0.033
2020-12-22,-0.574,-0.539,-0.522,-0.5223,-0.5187,-0.5051,-0.48425,-0.4583,-0.39225,-0.2665,-0.0425
2020-12-23,-0.573,-0.541,-0.521,-0.51695,-0.507,-0.48875,-0.465,-0.437,-0.3655,-0.235,-0.00775
2020-12-24,-0.568,-0.542,-0.519,-0.5159,-0.507,-0.489,-0.465,-0.436,-0.367,-0.239,-0.01375
2020-12-28,-0.568,-0.542,-0.52,-0.5164,-0.508,-0.492,-0.4725,-0.4468,-0.3795,-0.2515,-0.01775
2020-12-29,-0.555,-0.538,-0.523,-0.5238,-0.5183,-0.50425,-0.4825,-0.4555,-0.3865,-0.25825,-0.0239
2020-12-30,-0.562,-0.541,-0.52,-0.52525,-0.5211,-0.5065,-0.4849,-0.4587,-0.3874,-0.256,-0.019
2020-12-31,-0.554,-0.545,-0.526,-0.529,-0.521,-0.506,-0.485,-0.459,-0.389,-0.2605,-0.0225
2021-01-04,-0.57,-0.546,-0.532,-0.53925,-0.54075,-0.52775,-0.50675,-0.48125,-0.414,-0.2874,-0.0455
2021-01-05,-0.573,-0.552,-0.524,-0.5374,-0.542,-0.53,-0.5072,-0.47925,-0.40605,-0.274,-0.026
2021-01-06,-0.567,-0.556,-0.53,-0.5365,-0.53425,-0.518,-0.4892,-0.4555,-0.378,-0.242,0.009
2021-01-07,-0.563,-0.554,-0.524,-0.5313,-0.52915,-0.5139,-0.4855,-0.45125,-0.36975,-0.2289,0.033
2021-01-08,-0.555,-0.55,-0.53,-0.53075,-0.5248,-0.50975,-0.483,-0.45,-0.36975,-0.23,0.029
2021-01-11,-0.548,-0.545,-0.523,-0.5268,-0.5231,-0.5061,-0.4765,-0.4405,-0.35475,-0.21,0.05675
2021-01-12,-0.553,-0.549,-0.53,-0.52575,-0.513,-0.48975,-0.4565,-0.417,-0.328,-0.1817,0.08425
2021-01-13,-0.563,-0.545,-0.527,-0.5268,-0.52175,-0.5044,-0.47625,-0.44325,-0.3639,-0.228,0.028
2021-01-14,-0.564,-0.55,-0.533,-0.535,-0.531,-0.51625,-0.4925,-0.4615,-0.3815,-0.2445,0.014
2021-01-15,-0.557,-0.552,-0.532,-0.53625,-0.53325,-0.5175,-0.49025,-0.457,-0.3751,-0.2345,0.03025
2021-01-18,-0.567,-0.553,-0.533,-0.53625,-0.53175,-0.51375,-0.48445,-0.44875,-0.36625,-0.225,0.045
2021-01-19,-0.561,-0.548,-0.528,-0.5325,-0.52825,-0.5095,-0.48,-0.4445,-0.363,-0.2235,0.04525
2021-01-20,-0.559,-0.543,-0.532,-0.53225,-0.52685,-0.50825,-0.47925,-0.4435,-0.3612,-0.222,0.05025
2021-01-21,-0.561,-0.543,-0.527,-0.5275,-0.5175,-0.4963,-0.464,-0.4253,-0.3365,-0.19,0.09725
2021-01-22,-0.557,-0.54,-0.525,-0.5245,-0.5181,-0.4981,-0.46975,-0.4332,-0.3455,-0.2,0.0822
2021-01-25,-0.554,-0.543,-0.521,-0.5281,-0.527,-0.51125,-0.485,-0.4515,-0.369,-0.22875,0.05
2021-01-26,-0.563,-0.539,-0.528,-0.531,-0.5259,-0.50675,-0.47725,-0.43975,-0.3532,-0.208,0.0795
2021-01-27,-0.567,-0.543,-0.526,-0.5381,-0.53715,-0.519,-0.4925,-0.457,-0.3665,-0.2165,0.08125
2021-01-28,-0.568,-0.544,-0.534,-0.5475,-0.54725,-0.52775,-0.49535,-0.4555,-0.3615,-0.207,0.094
2021-01-29,-0.571,-0.548,-0.531,-0.53875,-0.534,-0.512,-0.47775,-0.43575,-0.3405,-0.183,0.1247
2021-02-01,-0.56,-0.543,-0.528,-0.538,-0.53495,-0.5133,-0.48075,-0.43925,-0.344,-0.1866,0.118
2021-02-02,-0.563,-0.54,-0.526,-0.535,-0.5303,-0.50735,-0.47275,-0.4278,-0.328,-0.1673,0.14125
2021-02-03,-0.568,-0.545,-0.521,-0.5285,-0.52335,-0.49815,-0.45975,-0.4135,-0.3102,-0.1475,0.176
2021-02-04,-0.568,-0.543,-0.525,-0.53015,-0.5225,-0.4955,-0.454,-0.405,-0.299,-0.1332,0.1994
2021-02-05,-0.554,-0.535,-0.519,-0.5235,-0.51625,-0.48765,-0.44695,-0.3966,-0.28725,-0.118,0.22
2021-02-08,-0.548,-0.536,-0.521,-0.5225,-0.51425,-0.4865,-0.44625,-0.39725,-0.2885,-0.119,0.2263
2021-02-09,-0.551,-0.54,-0.523,-0.525,-0.5185,-0.4925,-0.453,-0.40625,-0.296,-0.125,0.22225
2021-02-10,-0.55,-0.541,-0.522,-0.52475,-0.51755,-0.4908,-0.449,-0.399,-0.2849,-0.109,0.2462
2021-02-11,-0.548,-0.541,-0.521,-0.525,-0.5195,-0.49425,-0.45645,-0.4095,-0.2999,-0.1256,0.23
2021-02-12,-0.553,-0.547,-0.522,-0.52475,-0.515,-0.4877,-0.4455,-0.39475,-0.27925,-0.097,0.28475
2021-02-15,-0.553,-0.547,-0.521,-0.52075,-0.51025,-0.47825,-0.4305,-0.3725,-0.24925,-0.05875,0.3305
2021-02-16,-0.55,-0.543,-0.52,-0.5175,-0.5035,-0.471,-0.41675,-0.35325,-0.218,-0.0175,0.37975
2021-02-17,-0.552,-0.545,-0.521,-0.5185,-0.5065,-0.475,-0.425,-0.365,-0.2345,-0.038,0.34925
2021-02-18,-0.548,-0.543,-0.518,-0.51575,-0.5025,-0.4665,-0.4105,-0.345,-0.21155,-0.0125,0.36
2021-02-19,-0.553,-0.543,-0.517,-0.51325,-0.4982,-0.46,-0.40175,-0.3345,-0.19125,0.0135,0.39125
2021-02-22,-0.55,-0.543,-0.516,-0.5125,-0.50125,-0.46575,-0.4125,-0.3504,-0.216,-0.0205,0.35155
2021-02-23,-0.55,-0.54,-0.517,-0.51065,-0.49725,-0.4605,-0.4045,-0.3388,-0.2011,-0.0025,0.3734
2021-02-24,-0.549,-0.539,-0.518,-0.513,-0.49785,-0.45865,-0.4002,-0.334,-0.195,0.00545,0.3909
2021-02-25,-0.553,-0.538,-0.518,-0.502,-0.46875,-0.41625,-0.3486,-0.2737,-0.13025,0.072,0.42875
2021-02-26,-0.547,-0.53,-0.516,-0.49635,-0.4614,-0.4135,-0.353,-0.286,-0.1455,0.0528,0.382
2021-03-01,-0.553,-0.533,-0.508,-0.50295,-0.48625,-0.4515,-0.40275,-0.345,-0.2152,-0.02345,0.32025
2021-03-02,-0.548,-0.54,-0.516,-0.51125,-0.4939,-0.46,-0.4119,-0.3565,-0.225,-0.0321,0.3299
2021-03-03,-0.56,-0.546,-0.517,-0.51,-0.4864,-0.44775,-0.393,-0.3275,-0.187,0.0175,0.396
2021-03-04,-0.56,-0.541,-0.518,-0.51045,-0.4886,-0.45225,-0.4,-0.33775,-0.198,0.00675,0.38925
2021-03-05,-0.554,-0.537,-0.514,-0.50835,-0.48475,-0.445,-0.3896,-0.3246,-0.1835,0.022,0.397
2021-03-08,-0.548,-0.537,-0.515,-0.5065,-0.4791,-0.4364,-0.37475,-0.3049,-0.1619,0.04475,0.4175
2021-03-09,-0.557,-0.54,-0.518,-0.5065,-0.479,-0.43675,-0.3787,-0.313,-0.1735,0.02725,0.39845
2021-03-10,-0.553,-0.543,-0.52,-0.50815,-0.48235,-0.44185,-0.38485,-0.3196,-0.18195,0.01695,0.3777
2021-03-11,-0.561,-0.542,-0.518,-0.5094,-0.4876,-0.44895,-0.3948,-0.3318,-0.19445,0.0033,0.38475
2021-03-12,-0.548,-0.539,-0.514,-0.50715,-0.4839,-0.44055,-0.38035,-0.31175,-0.16355,0.04795,0.44355
2021-03-15,-0.556,-0.538,-0.515,-0.5109,-0.49245,-0.456,-0.4044,-0.34345,-0.2003,0.0074,0.41245
2021-03-16,-0.563,-0.542,-0.52,-0.5162,-0.499,-0.46315,-0.4101,-0.3476,-0.2046,0.0029,0.40585
2021-03-17,-0.553,-0.543,-0.52,-0.51345,-0.4934,-0.45115,-0.3917,-0.32215,-0.1685,0.0508,0.4638
2021-03-18,-0.555,-0.54,-0.519,-0.5132,-0.49205,-0.44915,-0.3851,-0.311,-0.15125,0.07605,0.4976
2021-03-19,-0.553,-0.539,-0.515,-0.5173,-0.5022,-0.46065,-0.4007,-0.33055,-0.1727,0.05385,0.4827
2021-03-22,-0.549,-0.538,-0.518,-0.52015,-0.5043,-0.46405,-0.4054,-0.3358,-0.1781,0.0487,0.47975
2021-03-23,-0.552,-0.537,-0.518,-0.52055,-0.5056,-0.46885,-0.41345,-0.3476,-0.1956,0.0261,0.45415
2021-03-24,-0.549,-0.535,-0.516,-0.5205,-0.50795,-0.4732,-0.4199,-0.3552,-0.2051,0.0153,0.4361
2021-03-25,-0.551,-0.538,-0.514,-0.5212,-0.51175,-0.48145,-0.4316,-0.37055,-0.22895,-0.01695,0.3932
2021-03-26,-0.55,-0.537,-0.514,-0.522,-0.5105,-0.47575,-0.42045,-0.35405,-0.20355,0.01735,0.43465
2021-03-29,-0.545,-0.536,-0.513,-0.5207,-0.5081,-0.4684,-0.4084,-0.33805,-0.18185,0.045,0.46985
2021-03-30,-0.555,-0.54,-0.519,-0.5209,-0.5013,-0.4552,-0.38975,-0.3136,-0.15345,0.0746,0.49275
2021-03-31,-0.556,-0.538,-0.509,-0.5161,-0.4992,-0.45465,-0.3925,-0.3198,-0.16235,0.06345,0.4765
2021-04-01,-0.551,-0.538,-0.512,-0.5197,-0.50545,-0.4662,-0.40715,-0.338,-0.1861,0.0339,0.45155
2021-04-02,-0.551,-0.538,-0.512,-0.52005,-0.50545,-0.4669,-0.40825,-0.339,-0.18685,0.0332,0.4504
2021-04-05,-0.551,-0.538,-0.512,-0.52,-0.5055,-0.4669,-0.4083,-0.339,-0.1868,0.0332,0.4504
2021-04-06,-0.55,-0.538,-0.517,-0.5225,-0.50725,-0.4657,-0.4061,-0.3359,-0.1837,0.0369,0.45425
2021-04-07,-0.553,-0.543,-0.517,-0.523,-0.51035,-0.4701,-0.4112,-0.34205,-0.18915,0.0319,0.45305
2021-04-08,-0.556,-0.545,-0.518,-0.52545,-0.5139,-0.47455,-0.41715,-0.3499,-0.1974,0.0244,0.4467
2021-04-09,-0.559,-0.544,-0.522,-0.5253,-0.509,-0.4635,-0.39895,-0.3254,-0.1711,0.05075,0.4605
2021-04-12,-0.558,-0.538,-0.517,-0.5207,-0.50615,-0.46005,-0.3971,-0.3237,-0.16585,0.05915,0.4743
2021-04-13,-0.549,-0.538,-0.523,-0.5239,-0.50605,-0.4599,-0.39565,-0.3218,-0.16315,0.06215,0.47785
2021-04-14,-0.55,-0.538,-0.509,-0.5127,-0.4948,-0.4467,-0.3789,-0.3013,-0.14025,0.08695,0.50305
2021-04-15,-0.561,-0.537,-0.512,-0.51515,-0.49845,-0.4555,-0.39215,-0.3193,-0.1635,0.05885,0.47275
2021-04-16,-0.553,-0.538,-0.511,-0.513,-0.49355,-0.4465,-0.38035,-0.3048,-0.14535,0.0797,0.49165
2021-04-19,-0.552,-0.537,-0.513,-0.5102,-0.48695,-0.4359,-0.36545,-0.28555,-0.1249,0.10045,0.5032
2021-04-20,-0.558,-0.538,-0.513,-0.51015,-0.488,-0.43935,-0.37325,-0.298,-0.14035,0.0806,0.47865
2021-04-21,-0.554,-0.535,-0.513,-0.51035,-0.4878,-0.4397,-0.37465,-0.30115,-0.1449,0.07585,0.4718
2021-04-22,-0.555,-0.539,-0.515,-0.5125,-0.4886,-0.44025,-0.37325,-0.2978,-0.14285,0.0765,0.46455
2021-04-23,-0.557,-0.539,-0.515,-0.51165,-0.4859,-0.4359,-0.36935,-0.2953,-0.13925,0.0812,0.4691
2021-04-26,-0.556,-0.538,-0.514,-0.51085,-0.4844,-0.4328,-0.36575,-0.2908,-0.13545,0.0853,0.4764
2021-04-27,-0.558,-0.535,-0.518,-0.5111,-0.48145,-0.4271,-0.35845,-0.2829,-0.1262,0.09565,0.48765
2021-04-28,-0.557,-0.534,-0.518,-0.51065,-0.4773,-0.4196,-0.34985,-0.273,-0.11435,0.10895,0.5051
2021-04-29,-0.558,-0.536,-0.518,-0.50925,-0.4718,-0.40785,-0.3318,-0.2503,-0.08385,0.1474,0.55575
2021-04-30,-0.556,-0.535,-0.521,-0.5133,-0.4782,-0.4158,-0.341,-0.2596,-0.0922,0.13925,0.54755
2021-05-03,-0.559,-0.535,-0.518,-0.51245,-0.4779,-0.4154,-0.34135,-0.26075,-0.0929,0.1394,0.5514
2021-05-04,-0.562,-0.535,-0.516,-0.5136,-0.4856,-0.42985,-0.36205,-0.2871,-0.126,0.09975,0.5044
2021-05-05,-0.553,-0.531,-0.515,-0.51125,-0.4827,-0.4264,-0.35775,-0.28165,-0.1178,0.1118,0.52085
2021-05-06,-0.558,-0.532,-0.513,-0.51165,-0.4824,-0.42525,-0.35635,-0.28165,-0.1201,0.1072,0.51895
2021-05-07,-0.553,-0.529,-0.514,-0.5097,-0.47605,-0.41715,-0.3477,-0.2722,-0.1119,0.1134,0.51645
2021-05-10,-0.551,-0.533,-0.513,-0.509,-0.4767,-0.4187,-0.34865,-0.2726,-0.1093,0.1188,0.52835
2021-05-11,-0.548,-0.533,-0.513,-0.5059,-0.4699,-0.40685,-0.32875,-0.24485,-0.07645,0.15565,0.56295
2021-05-12,-0.552,-0.539,-0.513,-0.506,-0.466,-0.39695,-0.3142,-0.22715,-0.05755,0.17295,0.57475
2021-05-13,-0.553,-0.541,-0.515,-0.5076,-0.4648,-0.39325,-0.30785,-0.22055,-0.05335,0.17445,0.55615
2021-05-14,-0.561,-0.549,-0.513,-0.5084,-0.4676,-0.3967,-0.3145,-0.22865,-0.06295,0.16045,0.54925
2021-05-17,-0.563,-0.548,-0.515,-0.50715,-0.4637,-0.3922,-0.31,-0.2244,-0.0569,0.16835,0.5603
2021-05-18,-0.559,-0.553,-0.515,-0.5091,-0.466,-0.3931,-0.3072,-0.21875,-0.0465,0.18345,0.5814
2021-05-19,-0.562,-0.552,-0.515,-0.5066,-0.46275,-0.39015,-0.3026,-0.2125,-0.0434,0.1824,0.5712
2021-05-20,-0.562,-0.545,-0.517,-0.5057,-0.46055,-0.38575,-0.29775,-0.2079,-0.037,0.1882,0.5691
2021-05-21,-0.563,-0.543,-0.513,-0.50535,-0.46505,-0.3965,-0.3141,-0.2291,-0.05965,0.16575,0.5464
2021-05-24,-0.561,-0.542,-0.509,-0.5032,-0.46565,-0.40085,-0.3212,-0.2376,-0.0695,0.1549,0.54095
2021-05-25,-0.557,-0.538,-0.505,-0.5017,-0.46675,-0.40645,-0.33005,-0.2487,-0.0831,0.1407,0.5327
2021-05-26,-0.561,-0.537,-0.507,-0.5024,-0.46965,-0.41305,-0.3445,-0.27,-0.1133,0.10455,0.49515
2021-05-27,-0.557,-0.54,-0.509,-0.50245,-0.4634,-0.402,-0.32835,-0.2496,-0.0885,0.1322,0.5263
2021-05-28,-0.558,-0.543,-0.512,-0.5053,-0.4681,-0.40655,-0.33545,-0.25995,-0.09985,0.12205,0.51715
2021-05-31,-0.563,-0.544,-0.513,-0.50665,-0.4688,-0.40655,-0.3354,-0.2601,-0.10025,0.12065,0.50855
2021-06-01,-0.56,-0.545,-0.517,-0.50925,-0.47075,-0.40945,-0.3376,-0.2609,-0.09875,0.1251,0.5223
2021-06-02,-0.556,-0.543,-0.516,-0.51045,-0.475,-0.41605,-0.346,-0.27045,-0.11105,0.1111,0.5108
2021-06-03,-0.558,-0.542,-0.517,-0.50985,-0.47155,-0.41055,-0.33915,-0.26225,-0.09785,0.1305,0.53105
2021-06-04,-0.558,-0.546,-0.513,-0.5074,-0.4731,-0.41445,-0.34575,-0.2709,-0.11105,0.1135,0.51465
2021-06-07,-0.557,-0.546,-0.513,-0.50605,-0.47045,-0.41275,-0.34205,-0.26485,-0.104,0.12175,0.51955
2021-06-08,-0.553,-0.543,-0.516,-0.50735,-0.4715,-0.4169,-0.3497,-0.2757,-0.1199,0.0994,0.4928
2021-06-09,-0.547,-0.542,-0.518,-0.5096,-0.4762,-0.42515,-0.3626,-0.2926,-0.1423,0.0734,0.4614
2021-06-10,-0.549,-0.545,-0.519,-0.512,-0.4796,-0.42755,-0.3623,-0.29025,-0.1364,0.08255,0.47895
2021-06-11,-0.551,-0.548,-0.521,-0.51565,-0.4851,-0.4344,-0.3712,-0.3011,-0.1512,0.0645,0.4533
2021-06-14,-0.55,-0.546,-0.522,-0.51465,-0.48135,-0.42845,-0.3641,-0.29315,-0.13885,0.08135,0.4727
2021-06-15,-0.547,-0.542,-0.522,-0.5134,-0.47715,-0.4216,-0.3521,-0.2765,-0.11855,0.10545,0.49465
2021-06-16,-0.548,-0.547,-0.519,-0.51285,-0.4789,-0.42465,-0.35875,-0.2871,-0.13165,0.09015,0.48405
2021-06-17,-0.555,-0.543,-0.513,-0.5084,-0.47085,-0.4125,-0.3429,-0.2688,-0.11775,0.0983,0.46995
2021-06-18,-0.548,-0.544,-0.513,-0.5059,-0.4665,-0.4065,-0.3365,-0.2644,-0.1224,0.07985,0.41535
2021-06-21,-0.55,-0.542,-0.511,-0.50145,-0.4562,-0.39145,-0.3177,-0.24185,-0.0961,0.10715,0.45345
2021-06-22,-0.553,-0.54,-0.508,-0.4979,-0.45375,-0.3901,-0.31795,-0.2434,-0.09375,0.11315,0.4653
2021-06-23,-0.553,-0.538,-0.509,-0.49865,-0.4551,-0.39475,-0.32615,-0.2544,-0.10595,0.10115,0.46505
2021-06-24,-0.558,-0.538,-0.508,-0.4977,-0.45265,-0.3911,-0.3204,-0.2472,-0.1014,0.10455,0.4694
2021-06-25,-0.562,-0.538,-0.513,-0.49925,-0.45105,-0.38475,-0.3104,-0.234,-0.0817,0.13085,0.49855
2021-06-28,-0.564,-0.543,-0.513,-0.501,-0.4527,-0.38835,-0.3177,-0.2449,-0.0974,0.11025,0.48285
2021-06-29,-0.555,-0.541,-0.513,-0.5009,-0.45185,-0.38595,-0.31205,-0.23605,-0.0844,0.12865,0.5048
2021-06-30,-0.569,-0.542,-0.515,-0.50425,-0.4582,-0.3954,-0.326,-0.2542,-0.10645,0.1024,0.4777
2021-07-01,-0.561,-0.54,-0.513,-0.5051,-0.46035,-0.3984,-0.32745,-0.25435,-0.10495,0.10755,0.4874
2021-07-02,-0.555,-0.546,-0.512,-0.5062,-0.46465,-0.4073,-0.3425,-0.27435,-0.13025,0.0781,0.4595
2021-07-05,-0.553,-0.542,-0.513,-0.5054,-0.4608,-0.4005,-0.3309,-0.2579,-0.11015,0.10165,0.4849
2021-07-06,-0.553,-0.539,-0.513,-0.5059,-0.46685,-0.4146,-0.35575,-0.2937,-0.1576,0.044,0.41875
2021-07-07,-0.554,-0.547,-0.511,-0.5051,-0.4676,-0.41855,-0.36355,-0.30425,-0.1728,0.024,0.38835
2021-07-08,-0.556,-0.546,-0.515,-0.50765,-0.47075,-0.42365,-0.3724,-0.3163,-0.19135,0.00095,0.35305
2021-07-09,-0.552,-0.543,-0.514,-0.5062,-0.46515,-0.4137,-0.3588,-0.2995,-0.1683,0.02935,0.3868
2021-07-12,-0.549,-0.543,-0.511,-0.50505,-0.46505,-0.41505,-0.3611,-0.30255,-0.17275,0.0242,0.38015
2021-07-13,-0.56,-0.546,-0.513,-0.50475,-0.46395,-0.41375,-0.3584,-0.2984,-0.16735,0.03005,0.39165
2021-07-14,-0.559,-0.546,-0.513,-0.5035,-0.4618,-0.41285,-0.3601,-0.30295,-0.175,0.0205,0.38025
2021-07-15,-0.557,-0.548,-0.513,-0.5034,-0.46295,-0.41485,-0.3627,-0.30735,-0.18485,0.0055,0.35425
2021-07-16,-0.557,-0.548,-0.515,-0.50415,-0.4649,-0.4186,-0.3691,-0.3159,-0.19525,-0.00695,0.34065
2021-07-19,-0.56,-0.548,-0.515,-0.5055,-0.46755,-0.42595,-0.3808,-0.3319,-0.21965,-0.03905,0.2866
2021-07-20,-0.558,-0.543,-0.518,-0.50315,-0.46705,-0.42915,-0.3889,-0.34415,-0.23355,-0.05475,0.2541
2021-07-21,-0.553,-0.546,-0.513,-0.50195,-0.46425,-0.4239,-0.38035,-0.33225,-0.21635,-0.0316,0.2984
2021-07-22,-0.553,-0.549,-0.517,-0.50945,-0.47655,-0.43915,-0.3972,-0.3495,-0.2367,-0.0539,0.2842
2021-07-23,-0.56,-0.544,-0.519,-0.51375,-0.4831,-0.44405,-0.39905,-0.3501,-0.235,-0.051,0.2861
2021-07-26,-0.558,-0.544,-0.519,-0.5156,-0.4867,-0.4469,-0.40055,-0.3496,-0.23115,-0.04385,0.2922
2021-07-27,-0.557,-0.543,-0.523,-0.51855,-0.4902,-0.45085,-0.4068,-0.35805,-0.24385,-0.0605,0.27535
2021-07-28,-0.558,-0.547,-0.524,-0.51825,-0.489,-0.4486,-0.40275,-0.3526,-0.23615,-0.05065,0.29135
2021-07-29,-0.558,-0.544,-0.524,-0.51915,-0.4903,-0.4503,-0.40595,-0.3576,-0.2458,-0.06275,0.2731
2021-07-30,-0.556,-0.544,-0.523,-0.52075,-0.49335,-0.4542,-0.4103,-0.3633,-0.25225,-0.0702,0.26185
2021-08-02,-0.556,-0.543,-0.523,-0.52395,-0.50115,-0.4664,-0.4264,-0.38215,-0.27555,-0.09795,0.23045
2021-08-03,-0.563,-0.545,-0.525,-0.5263,-0.5036,-0.4697,-0.42755,-0.3817,-0.27675,-0.10085,0.221
2021-08-04,-0.56,-0.543,-0.531,-0.5293,-0.50405,-0.46995,-0.43055,-0.38635,-0.2823,-0.1061,0.201
2021-08-05,-0.568,-0.54,-0.527,-0.52515,-0.5,-0.4654,-0.42325,-0.37685,-0.27465,-0.09985,0.1927
2021-08-06,-0.561,-0.541,-0.524,-0.5222,-0.49445,-0.4556,-0.4103,-0.3603,-0.25095,-0.07035,0.23715
2021-08-09,-0.561,-0.543,-0.527,-0.52295,-0.49465,-0.45685,-0.41275,-0.36425,-0.25925,-0.0838,0.2182
2021-08-10,-0.561,-0.547,-0.528,-0.52395,-0.49565,-0.4571,-0.4129,-0.36505,-0.2601,-0.08525,0.21465
2021-08-11,-0.565,-0.549,-0.53,-0.5255,-0.49875,-0.46195,-0.41855,-0.37175,-0.26895,-0.096,0.2091
2021-08-12,-0.566,-0.553,-0.527,-0.52355,-0.4983,-0.46095,-0.41815,-0.37215,-0.2696,-0.09655,0.20745
2021-08-13,-0.561,-0.552,-0.528,-0.5226,-0.49525,-0.4585,-0.41705,-0.37325,-0.27345,-0.10195,0.2019
2021-08-16,-0.564,-0.55,-0.527,-0.5225,-0.4949,-0.45815,-0.41705,-0.3728,-0.27145,-0.1,0.2059
2021-08-17,-0.565,-0.55,-0.527,-0.5222,-0.49285,-0.45515,-0.4132,-0.36805,-0.26645,-0.0947,0.21195
2021-08-18,-0.558,-0.548,-0.527,-0.5228,-0.49605,-0.4606,-0.42075,-0.3777,-0.27725,-0.1067,0.2023
2021-08-19,-0.56,-0.55,-0.529,-0.5255,-0.49695,-0.4621,-0.4225,-0.38065,-0.28065,-0.11055,0.1937
2021-08-20,-0.552,-0.548,-0.528,-0.52395,-0.4959,-0.46145,-0.42465,-0.3846,-0.28765,-0.1207,0.18535
2021-08-23,-0.557,-0.549,-0.529,-0.525,-0.49635,-0.46045,-0.4208,-0.37745,-0.27785,-0.1088,0.2004
2021-08-24,-0.557,-0.549,-0.527,-0.52415,-0.49785,-0.46215,-0.42245,-0.37985,-0.2797,-0.11075,0.2007
2021-08-25,-0.559,-0.55,-0.528,-0.52365,-0.4928,-0.4506,-0.40345,-0.35315,-0.24075,-0.05985,0.2652
2021-08-26,-0.56,-0.55,-0.53,-0.52445,-0.49055,-0.4468,-0.39985,-0.3495,-0.2374,-0.05675,0.26305
2021-08-27,-0.556,-0.55,-0.529,-0.5231,-0.4903,-0.4473,-0.39985,-0.34935,-0.2365,-0.05625,0.2749
2021-08-30,-0.559,-0.549,-0.529,-0.5236,-0.49145,-0.44855,-0.4027,-0.353,-0.24175,-0.0623,0.26885
2021-08-31,-0.554,-0.548,-0.522,-0.5163,-0.48135,-0.4359,-0.3848,-0.3307,-0.21165,-0.02515,0.3059
2021-09-01,-0.554,-0.55,-0.521,-0.5154,-0.48015,-0.43465,-0.38365,-0.32835,-0.207,-0.0171,0.3203
2021-09-02,-0.558,-0.551,-0.52,-0.5154,-0.48255,-0.4398,-0.3892,-0.33405,-0.21095,-0.0189,0.3231
2021-09-03,-0.553,-0.548,-0.519,-0.51405,-0.4801,-0.43385,-0.3806,-0.32155,-0.1941,0.00105,0.34595
2021-09-06,-0.555,-0.549,-0.52,-0.5136,-0.4766,-0.42925,-0.3762,-0.3192,-0.1949,-0.00195,0.34595
2021-09-07,-0.552,-0.543,-0.518,-0.5094,-0.46615,-0.41285,-0.35185,-0.288,-0.15715,0.04075,0.3828
2021-09-08,-0.557,-0.541,-0.517,-0.50635,-0.46465,-0.41095,-0.35085,-0.2881,-0.16,0.03495,0.3663
2021-09-09,-0.558,-0.543,-0.522,-0.50955,-0.4701,-0.42135,-0.36845,-0.313,-0.19265,-0.00365,0.3312
2021-09-10,-0.558,-0.544,-0.519,-0.50495,-0.4628,-0.4095,-0.3519,-0.29175,-0.16535,0.02815,0.3633
2021-09-13,-0.557,-0.544,-0.52,-0.505,-0.4612,-0.40645,-0.3483,-0.2882,-0.162,0.03105,0.37205
2021-09-14,-0.556,-0.548,-0.522,-0.5062,-0.46115,-0.4091,-0.3529,-0.29415,-0.16985,0.0201,0.3602
2021-09-15,-0.557,-0.543,-0.524,-0.5069,-0.45885,-0.40275,-0.34095,-0.2776,-0.1477,0.04835,0.39325
2021-09-16,-0.559,-0.545,-0.522,-0.5048,-0.454,-0.39575,-0.3334,-0.26915,-0.1375,0.06125,0.4051
2021-09-17,-0.562,-0.548,-0.526,-0.50605,-0.4497,-0.38515,-0.31675,-0.24795,-0.1114,0.0898,0.43795
2021-09-20,-0.558,-0.545,-0.528,-0.50665,-0.45,-0.3895,-0.32495,-0.2587,-0.12775,0.067,0.40765
2021-09-21,-0.563,-0.546,-0.53,-0.5079,-0.45135,-0.39375,-0.33165,-0.2679,-0.14165,0.0485,0.3802
2021-09-22,-0.561,-0.544,-0.523,-0.50275,-0.4463,-0.38855,-0.32625,-0.2623,-0.14005,0.04485,0.3705
2021-09-23,-0.557,-0.543,-0.528,-0.503,-0.43355,-0.36145,-0.28915,-0.21805,-0.08545,0.10425,0.42445
2021-09-24,-0.553,-0.543,-0.523,-0.50065,-0.43175,-0.35675,-0.28,-0.2033,-0.06315,0.13345,0.46345
2021-09-27,-0.561,-0.542,-0.517,-0.4983,-0.4281,-0.35115,-0.2721,-0.1949,-0.05435,0.1423,0.4689
2021-09-28,-0.558,-0.543,-0.523,-0.4987,-0.42435,-0.3445,-0.2627,-0.18195,-0.0343,0.16595,0.4777
2021-09-29,-0.558,-0.543,-0.523,-0.4995,-0.4276,-0.3523,-0.2732,-0.19395,-0.0476,0.1532,0.4697
2021-09-30,-0.563,-0.545,-0.528,-0.501,-0.4274,-0.3482,-0.26625,-0.18545,-0.0342,0.172,0.4987
2021-10-01,-0.557,-0.547,-0.526,-0.5039,-0.4363,-0.3616,-0.283,-0.20485,-0.0561,0.1493,0.482
2021-10-04,-0.559,-0.548,-0.527,-0.50575,-0.43855,-0.36285,-0.28275,-0.20205,-0.0511,0.15705,0.49725
2021-10-05,-0.567,-0.551,-0.525,-0.50395,-0.4329,-0.35395,-0.269,-0.18445,-0.0297,0.1817,0.5264
2021-10-06,-0.564,-0.551,-0.53,-0.50135,-0.42685,-0.345,-0.2599,-0.1754,-0.019,0.1914,0.5343
2021-10-07,-0.562,-0.547,-0.526,-0.49835,-0.4248,-0.3441,-0.2598,-0.1758,-0.01685,0.1969,0.5461
2021-10-08,-0.561,-0.548,-0.518,-0.48925,-0.4058,-0.3142,-0.22575,-0.13875,0.02345,0.239,0.58595
2021-10-11,-0.563,-0.551,-0.521,-0.49055,-0.39425,-0.29305,-0.1987,-0.10755,0.0559,0.2692,0.6151
2021-10-12,-0.561,-0.552,-0.523,-0.4894,-0.3821,-0.2746,-0.1762,-0.0833,0.0791,0.28935,0.615
2021-10-13,-0.561,-0.548,-0.524,-0.4926,-0.3856,-0.27685,-0.1825,-0.09355,0.05795,0.25285,0.5402
2021-10-14,-0.563,-0.551,-0.523,-0.4988,-0.40495,-0.3087,-0.2216,-0.14085,0.0072,0.2013,0.489
2021-10-15,-0.564,-0.548,-0.528,-0.50075,-0.4016,-0.3016,-0.21405,-0.1325,0.01775,0.2145,0.49715
2021-10-18,-0.561,-0.548,-0.527,-0.4819,-0.3482,-0.237,-0.14985,-0.07165,0.0641,0.2416,0.4646
2021-10-19,-0.557,-0.548,-0.524,-0.48165,-0.3463,-0.2297,-0.13895,-0.059,0.08335,0.26595,0.4943
2021-10-20,-0.563,-0.547,-0.527,-0.4898,-0.36595,-0.2536,-0.16235,-0.0799,0.0677,0.2576,0.499
2021-10-21,-0.559,-0.548,-0.532,-0.4873,-0.351,-0.22365,-0.1233,-0.0395,0.10165,0.2774,0.47665
2021-10-22,-0.563,-0.549,-0.534,-0.4831,-0.33245,-0.1963,-0.0971,-0.0137,0.12245,0.2918,0.4537
2021-10-25,-0.557,-0.548,-0.528,-0.48665,-0.34725,-0.2155,-0.1196,-0.03875,0.1009,0.27735,0.4676
2021-10-26,-0.556,-0.55,-0.533,-0.4914,-0.34695,-0.21215,-0.11485,-0.035,0.0995,0.2702,0.44935
2021-10-27,-0.558,-0.556,-0.536,-0.47545,-0.32625,-0.1995,-0.1187,-0.05595,0.05545,0.2041,0.34495
2021-10-28,-0.556,-0.557,-0.533,-0.468,-0.2981,-0.1756,-0.0973,-0.0345,0.07905,0.23005,0.3301
2021-10-29,-0.557,-0.553,-0.527,-0.4453,-0.2319,-0.08675,-0.01025,0.0472,0.1493,0.2906,0.31025
2021-11-01,-0.557,-0.558,-0.529,-0.45815,-0.2527,-0.1082,-0.027,0.03305,0.13795,0.28275,0.32555
2021-11-02,-0.56,-0.567,-0.534,-0.4839,-0.31865,-0.1918,-0.11185,-0.05005,0.0567,0.21115,0.3468
2021-11-03,-0.565,-0.573,-0.538,-0.47825,-0.31165,-0.18895,-0.1112,-0.0491,0.0546,0.208,0.3337
2021-11-04,-0.567,-0.568,-0.538,-0.4924,-0.36515,-0.2628,-0.19555,-0.1378,-0.0193,0.15485,0.363
2021-11-05,-0.567,-0.567,-0.536,-0.49625,-0.37775,-0.2818,-0.2165,-0.16115,-0.05715,0.101,0.2757
2021-11-08,-0.573,-0.572,-0.537,-0.49245,-0.3626,-0.2593,-0.18975,-0.13165,-0.02365,0.13995,0.32455
2021-11-09,-0.563,-0.565,-0.533,-0.4914,-0.3626,-0.2635,-0.20175,-0.15285,-0.05695,0.09615,0.20635
2021-11-10,-0.566,-0.569,-0.532,-0.47735,-0.31025,-0.19045,-0.1245,-0.07315,0.0174,0.1656,0.2684
2021-11-11,-0.574,-0.563,-0.527,-0.4682,-0.28565,-0.1551,-0.082,-0.03005,0.0557,0.19865,0.28255
2021-11-12,-0.566,-0.562,-0.533,-0.48115,-0.3218,-0.20125,-0.12335,-0.0672,0.031,0.186,0.31115
2021-11-15,-0.566,-0.561,-0.528,-0.48205,-0.32285,-0.20395,-0.12745,-0.071,0.0349,0.19555,0.33785
2021-11-16,-0.563,-0.558,-0.53,-0.48425,-0.32425,-0.2058,-0.1295,-0.07355,0.0357,0.20145,0.35635
2021-11-17,-0.567,-0.567,-0.538,-0.4925,-0.3375,-0.21875,-0.14185,-0.08345,0.0278,0.1949,0.3487
2021-11-18,-0.563,-0.564,-0.533,-0.49595,-0.3529,-0.23515,-0.1586,-0.10095,0.0069,0.17065,0.30625
2021-11-19,-0.558,-0.559,-0.528,-0.49865,-0.36885,-0.2596,-0.19085,-0.14005,-0.03975,0.11825,0.26755
2021-11-22,-0.56,-0.564,-0.528,-0.4919,-0.3536,-0.241,-0.1687,-0.115,-0.0093,0.15465,0.30175
2021-11-23,-0.57,-0.572,-0.533,-0.4865,-0.3419,-0.2211,-0.14055,-0.0789,0.0374,0.2101,0.35425
2021-11-24,-0.565,-0.583,-0.54,-0.4918,-0.35135,-0.2243,-0.13905,-0.07395,0.0472,0.2265,0.38335
2021-11-25,-0.568,-0.575,-0.542,-0.49355,-0.3533,-0.2282,-0.14295,-0.07775,0.04075,0.217,0.3639
2021-11-26,-0.567,-0.572,-0.537,-0.5025,-0.3893,-0.2882,-0.21345,-0.15335,-0.041,0.1304,0.2885
2021-11-29,-0.563,-0.57,-0.536,-0.50195,-0.37975,-0.26755,-0.1901,-0.1277,-0.0155,0.15675,0.3028
2021-11-30,-0.57,-0.573,-0.538,-0.4988,-0.37095,-0.25865,-0.1825,-0.1241,-0.025,0.13085,0.24165
2021-12-01,-0.573,-0.572,-0.541,-0.4929,-0.35225,-0.2336,-0.1617,-0.1086,-0.01235,0.1393,0.22905
2021-12-02,-0.568,-0.565,-0.541,-0.4976,-0.36785,-0.25835,-0.1926,-0.14505,-0.05155,0.101,0.20365
2021-12-03,-0.569,-0.563,-0.537,-0.49335,-0.35905,-0.24865,-0.1853,-0.14,-0.0486,0.10285,0.1968
2021-12-06,-0.567,-0.562,-0.543,-0.49345,-0.36375,-0.25555,-0.18795,-0.13935,-0.04825,0.1032,0.19825
2021-12-07,-0.573,-0.565,-0.538,-0.48725,-0.34825,-0.239,-0.1717,-0.12505,-0.0404,0.1041,0.18785
2021-12-08,-0.565,-0.574,-0.54,-0.48525,-0.3383,-0.2199,-0.1449,-0.09295,-0.0022,0.14595,0.2471
2021-12-09,-0.581,-0.585,-0.546,-0.489,-0.35475,-0.2455,-0.1736,-0.12335,-0.0314,0.11855,0.23995
2021-12-10,-0.576,-0.588,-0.543,-0.49035,-0.36165,-0.25145,-0.178,-0.1263,-0.03595,0.11105,0.24235
2021-12-13,-0.593,-0.603,-0.547,-0.4976,-0.36805,-0.2576,-0.19075,-0.14435,-0.06045,0.0815,0.21365
2021-12-14,-0.625,-0.605,-0.545,-0.49255,-0.3578,-0.24525,-0.17695,-0.1305,-0.0469,0.09435,0.22645
2021-12-15,-0.598,-0.602,-0.547,-0.4919,-0.3453,-0.2305,-0.16285,-0.1175,-0.03265,0.11205,0.25085
2021-12-16,-0.593,-0.589,-0.548,-0.50195,-0.3522,-0.2333,-0.1605,-0.1106,-0.0227,0.12445,0.2761
2021-12-17,-0.611,-0.581,-0.551,-0.51065,-0.3733,-0.2577,-0.1866,-0.1379,-0.04875,0.09845,0.2502
2021-12-20,-0.625,-0.588,-0.554,-0.51365,-0.3756,-0.25705,-0.18175,-0.1288,-0.032,0.1235,0.2934
2021-12-21,-0.611,-0.588,-0.551,-0.50475,-0.35535,-0.2292,-0.14675,-0.08785,0.01975,0.18405,0.3683
2021-12-22,-0.643,-0.591,-0.545,-0.4972,-0.3411,-0.21015,-0.1262,-0.0662,0.0368,0.1959,0.3707
2021-12-23,-0.648,-0.588,-0.537,-0.48835,-0.31985,-0.1811,-0.0897,-0.02535,0.0815,0.2449,0.42585
2021-12-24,-0.621,-0.587,-0.544,-0.48705,-0.32,-0.18185,-0.09345,-0.03125,0.07795,0.2434,0.42005
2021-12-27,-0.614,-0.59,-0.544,-0.4871,-0.32,-0.1818,-0.0935,-0.0313,0.0779,0.2434,0.4201
2021-12-28,-0.598,-0.583,-0.548,-0.4887,-0.3002,-0.153,-0.06555,-0.006,0.09385,0.24875,0.40685
2021-12-29,-0.594,-0.571,-0.544,-0.4832,-0.2954,-0.14455,-0.04645,0.0224,0.13655,0.30785,0.4814
2021-12-30,-0.585,-0.573,-0.546,-0.48795,-0.29605,-0.1466,-0.04875,0.0195,0.132,0.3035,0.4734
2021-12-31,-0.583,-0.572,-0.546,-0.4861,-0.29745,-0.14715,-0.0507,0.01635,0.1299,0.30255,0.4786
2022-01-03,-0.576,-0.57,-0.539,-0.4798,-0.2819,-0.1262,-0.027,0.04335,0.1611,0.3368,0.5117
2022-01-04,-0.569,-0.565,-0.535,-0.48015,-0.28645,-0.1307,-0.0329,0.03465,0.14905,0.3209,0.50665
2022-01-05,-0.566,-0.576,-0.541,-0.48785,-0.2977,-0.14065,-0.03995,0.03065,0.14985,0.32605,0.50905
2022-01-06,-0.57,-0.574,-0.534,-0.48045,-0.2724,-0.1091,-0.0084,0.06005,0.1801,0.3534,0.5138
2022-01-07,-0.565,-0.576,-0.536,-0.47995,-0.26905,-0.1007,0.00645,0.08225,0.2048,0.37355,0.51575
2022-01-10,-0.563,-0.57,-0.531,-0.4772,-0.26625,-0.09775,0.00995,0.085,0.20935,0.38005,0.5284
2022-01-11,-0.564,-0.564,-0.528,-0.4665,-0.24855,-0.0794,0.029,0.103,0.22515,0.3905,0.54085
2022-01-12,-0.563,-0.563,-0.529,-0.46675,-0.2594,-0.0988,0.0054,0.0766,0.19915,0.3679,0.5109
2022-01-13,-0.568,-0.563,-0.534,-0.46865,-0.2641,-0.1081,-0.00875,0.05765,0.1729,0.3341,0.4573
2022-01-14,-0.565,-0.568,-0.533,-0.4642,-0.24695,-0.0818,0.0225,0.0947,0.2139,0.3774,0.50385
2022-01-17,-0.562,-0.56,-0.523,-0.45095,-0.2238,-0.0548,0.05035,0.12305,0.2413,0.4022,0.5193
2022-01-18,-0.563,-0.558,-0.524,-0.4507,-0.2288,-0.06045,0.04415,0.1175,0.24045,0.4072,0.52275
2022-01-19,-0.563,-0.557,-0.524,-0.44965,-0.22865,-0.05705,0.0492,0.1227,0.24645,0.41295,0.52685
2022-01-20,-0.561,-0.553,-0.521,-0.4512,-0.23405,-0.06165,0.04275,0.11525,0.23475,0.39705,0.50035
2022-01-21,-0.559,-0.552,-0.522,-0.4546,-0.2386,-0.06605,0.03685,0.10715,0.22235,0.3801,0.47505
2022-01-24,-0.563,-0.543,-0.522,-0.4567,-0.24575,-0.07835,0.0205,0.08825,0.2045,0.36455,0.46475
2022-01-25,-0.562,-0.548,-0.523,-0.4553,-0.24425,-0.07745,0.02755,0.1003,0.2193,0.381,0.48085
2022-01-26,-0.565,-0.554,-0.524,-0.45045,-0.2334,-0.06645,0.03695,0.1082,0.2278,0.39065,0.49865
2022-01-27,-0.565,-0.547,-0.518,-0.44225,-0.2018,-0.0247,0.07695,0.1426,0.2496,0.39645,0.4689
2022-01-28,-0.563,-0.55,-0.519,-0.43615,-0.18555,-0.00435,0.0976,0.1627,0.26735,0.41305,0.4766
2022-01-31,-0.567,-0.552,-0.514,-0.4101,-0.12215,0.06865,0.17045,0.23465,0.32885,0.4619,0.5096
2022-02-01,-0.56,-0.547,-0.503,-0.40015,-0.109,0.0822,0.1882,0.25365,0.3497,0.48525,0.542
2022-02-02,-0.561,-0.547,-0.502,-0.3976,-0.09465,0.1029,0.2123,0.27865,0.3686,0.494,0.52895
2022-02-03,-0.56,-0.551,-0.499,-0.32945,0.04335,0.2491,0.35105,0.4082,0.47775,0.57945,0.55365
2022-02-04,-0.551,-0.548,-0.473,-0.28685,0.1401,0.35745,0.46,0.51275,0.5699,0.655,0.5778
2022-02-07,-0.548,-0.53,-0.456,-0.2847,0.12715,0.3501,0.46685,0.5287,0.5987,0.6925,0.6377
2022-02-08,-0.545,-0.538,-0.463,-0.28665,0.15225,0.39135,0.5214,0.593,0.6688,0.76675,0.72895
2022-02-09,-0.547,-0.523,-0.457,-0.2941,0.12935,0.3623,0.4851,0.5521,0.6317,0.7326,0.69815
2022-02-10,-0.552,-0.528,-0.467,-0.27125,0.1939,0.44705,0.57135,0.6378,0.71525,0.8141,0.7347
2022-02-11,-0.557,-0.523,-0.458,-0.2523,0.229,0.47815,0.59995,0.66415,0.74705,0.84945,0.77505
2022-02-14,-0.551,-0.516,-0.448,-0.2507,0.2292,0.47405,0.5958,0.66115,0.75405,0.8682,0.8059
2022-02-15,-0.555,-0.523,-0.455,-0.25545,0.2199,0.45925,0.5823,0.6529,0.7561,0.8833,0.84525
2022-02-16,-0.558,-0.524,-0.461,-0.27865,0.1695,0.404,0.52645,0.5976,0.69655,0.8229,0.8057
2022-02-17,-0.562,-0.529,-0.478,-0.3009,0.13295,0.36405,0.48975,0.56465,0.6666,0.8004,0.7808
2022-02-18,-0.557,-0.528,-0.487,-0.30355,0.1271,0.3547,0.4789,0.55415,0.66295,0.805,0.8029
2022-02-21,-0.556,-0.527,-0.482,-0.3025,0.1313,0.3589,0.48225,0.5578,0.664,0.80295,0.7954
2022-02-22,-0.555,-0.528,-0.49,-0.29585,0.16315,0.40325,0.52985,0.6058,0.7062,0.83985,0.8214
2022-02-23,-0.544,-0.529,-0.483,-0.28375,0.18925,0.43325,0.55955,0.63235,0.72365,0.8439,0.80505
2022-02-24,-0.548,-0.53,-0.48,-0.3103,0.1394,0.37795,0.49975,0.57145,0.67485,0.8125,0.8013
2022-02-25,-0.543,-0.528,-0.488,-0.30965,0.15205,0.3979,0.53325,0.6175,0.728,0.8733,0.8477
2022-02-28,-0.551,-0.533,-0.493,-0.3423,0.0696,0.30215,0.43795,0.52505,0.6624,0.83465,0.81525
2022-03-01,-0.553,-0.534,-0.496,-0.3965,-0.0747,0.1201,0.2429,0.32705,0.47005,0.6581,0.6535
2022-03-02,-0.558,-0.532,-0.502,-0.35645,0.02005,0.2239,0.3428,0.4232,0.54315,0.70785,0.6729
2022-03-03,-0.549,-0.526,-0.485,-0.34935,0.01605,0.21165,0.33815,0.4251,0.55015,0.72035,0.67385
2022-03-04,-0.546,-0.52,-0.482,-0.35015,-0.0218,0.1529,0.27955,0.37885,0.5234,0.7099,0.5965
2022-03-07,-0.517,-0.498,-0.453,-0.30775,0.03205,0.20165,0.3243,0.42065,0.55985,0.74135,0.5829
2022-03-08,-0.528,-0.499,-0.443,-0.2741,0.08445,0.259,0.3846,0.4856,0.6353,0.8263,0.6908
2022-03-09,-0.53,-0.491,-0.424,-0.2525,0.12705,0.30715,0.4282,0.5263,0.68695,0.8898,0.75465
2022-03-10,-0.549,-0.505,-0.427,-0.208,0.25965,0.46065,0.57665,0.66155,0.79115,0.96315,0.8066
2022-03-11,-0.548,-0.502,-0.414,-0.204,0.27585,0.4953,0.6186,0.7085,0.8201,0.9776,0.8137
2022-03-14,-0.556,-0.5,-0.413,-0.1913,0.316,0.5463,0.6758,0.7682,0.8902,1.0556,0.9203
2022-03-15,-0.553,-0.502,-0.407,-0.19515,0.27555,0.4963,0.6262,0.71975,0.85,1.0259,0.91525
2022-03-16,-0.554,-0.488,-0.393,-0.182,0.291,0.51755,0.65505,0.755,0.8824,1.0533,0.9233
2022-03-17,-0.548,-0.493,-0.402,-0.19825,0.27125,0.49515,0.63525,0.7375,0.85815,1.0202,0.90505
2022-03-18,-0.557,-0.487,-0.393,-0.1844,0.27745,0.49675,0.6292,0.72665,0.84705,1.00875,0.8992
2022-03-21,-0.55,-0.494,-0.391,-0.17645,0.3132,0.5436,0.67975,0.77845,0.9076,1.0762,0.9773
2022-03-22,-0.562,-0.499,-0.393,-0.15645,0.3854,0.63215,0.7621,0.85125,0.972,1.13105,1.00085
2022-03-23,-0.549,-0.493,-0.392,-0.1607,0.3656,0.611,0.74045,0.82575,0.94165,1.09505,0.96405
2022-03-24,-0.541,-0.483,-0.397,-0.14945,0.41425,0.672,0.8007,0.88515,0.9932,1.1379,0.9871
2022-03-25,-0.546,-0.477,-0.392,-0.13165,0.4518,0.7225,0.8553,0.938,1.0399,1.1796,1.0126
2022-03-28,-0.536,-0.477,-0.388,-0.10355,0.49515,0.7706,0.90005,0.9771,1.07245,1.20005,1.0064
2022-03-29,-0.533,-0.473,-0.381,-0.07805,0.55415,0.8412,0.9716,1.04495,1.136,1.25765,1.0554
2022-03-30,-0.527,-0.464,-0.371,-0.0519,0.6188,0.9048,1.0312,1.0959,1.1715,1.2753,1.07045
2022-03-31,-0.532,-0.458,-0.367,-0.0796,0.5468,0.8138,0.9344,0.9997,1.08345,1.20105,1.02575
2022-04-01,-0.541,-0.461,-0.362,-0.0757,0.55825,0.8371,0.95225,1.0113,1.09415,1.2111,1.0397
2022-04-04,-0.551,-0.447,-0.358,-0.0818,0.54805,0.81755,0.9322,0.991,1.06635,1.178,1.0149
2022-04-05,-0.548,-0.467,-0.375,-0.0559,0.6147,0.9036,1.0258,1.0896,1.1656,1.2809,1.0994
2022-04-06,-0.54,-0.463,-0.361,-0.05375,0.6104,0.90055,1.02945,1.0975,1.1899,1.321,1.15345
2022-04-07,-0.548,-0.465,-0.355,-0.0345,0.6487,0.94095,1.06685,1.1302,1.2201,1.348,1.15895
2022-04-08,-0.541,-0.449,-0.35,-0.0019,0.72045,1.0154,1.13705,1.19915,1.27895,1.3971,1.19025
2022-04-11,-0.529,-0.435,-0.334,0.0273,0.7812,1.08245,1.211,1.2787,1.36655,1.49355,1.282
2022-04-12,-0.538,-0.433,-0.32,0.00745,0.7176,1.01745,1.1583,1.2403,1.34665,1.49155,1.3056
2022-04-13,-0.543,-0.448,-0.328,0.0245,0.72975,1.02775,1.1602,1.23565,1.3409,1.48505,1.28665
2022-04-14,-0.547,-0.452,-0.317,0.024,0.72375,1.03325,1.1868,1.28095,1.40525,1.5677,1.3895
2022-04-15,-0.547,-0.452,-0.317,0.02,0.71145,1.0237,1.18015,1.2767,1.4067,1.5749,1.39785
2022-04-18,-0.547,-0.452,-0.317,0.02,0.7115,1.0237,1.1802,1.2767,1.4067,1.5749,1.3979
2022-04-19,-0.56,-0.468,-0.333,0.00955,0.71195,1.03925,1.20865,1.314,1.45785,1.63625,1.46125
2022-04-20,-0.569,-0.475,-0.332,0.02125,0.69865,1.0144,1.17935,1.2808,1.40995,1.5748,1.3805
2022-04-21,-0.541,-0.463,-0.31,0.0973,0.7988,1.09775,1.2508,1.3396,1.45715,1.60895,1.3919
2022-04-22,-0.52,-0.427,-0.268,0.1774,0.91495,1.21015,1.3465,1.4226,1.52625,1.66555,1.4084
2022-04-25,-0.5,-0.415,-0.239,0.1571,0.82405,1.0901,1.22435,1.30245,1.4238,1.5834,1.3698
2022-04-26,-0.513,-0.43,-0.246,0.1439,0.79975,1.06345,1.1972,1.2763,1.3938,1.5494,1.3277
2022-04-27,-0.52,-0.445,-0.251,0.14775,0.7932,1.0541,1.1933,1.2786,1.40865,1.57945,1.3828
2022-04-28,-0.522,-0.438,-0.242,0.2087,0.89375,1.16065,1.29835,1.38295,1.51115,1.6802,1.46875
2022-04-29,-0.538,-0.429,-0.226,0.2594,0.96515,1.22705,1.3607,1.4424,1.5641,1.72705,1.4948
2022-05-02,-0.527,-0.416,-0.204,0.26535,0.9633,1.2291,1.3685,1.45635,1.5884,1.7613,1.52935
2022-05-03,-0.543,-0.425,-0.198,0.277,0.97695,1.2383,1.37455,1.4609,1.58235,1.7429,1.46755
2022-05-04,-0.544,-0.427,-0.205,0.27725,0.99665,1.26675,1.40555,1.4907,1.60915,1.76575,1.455
2022-05-05,-0.553,-0.421,-0.206,0.2738,0.9963,1.2725,1.4163,1.5093,1.64305,1.8166,1.5264
2022-05-06,-0.553,-0.426,-0.206,0.3139,1.07195,1.37305,1.5392,1.64745,1.7844,1.9562,1.62245
2022-05-09,-0.533,-0.402,-0.183,0.2912,0.9951,1.28715,1.4571,1.57135,1.73815,1.94015,1.62065
2022-05-10,-0.553,-0.417,-0.202,0.2554,0.9275,1.21415,1.3838,1.49855,1.6627,1.8626,1.55975
2022-05-11,-0.566,-0.414,-0.208,0.24755,0.8939,1.1757,1.3465,1.4662,1.6384,1.8443,1.5747
2022-05-12,-0.544,-0.406,-0.211,0.1999,0.7756,1.02455,1.18375,1.3013,1.4684,1.66975,1.4605
2022-05-13,-0.546,-0.403,-0.209,0.22045,0.79725,1.04265,1.2024,1.32215,1.4997,1.7112,1.53215
2022-05-16,-0.558,-0.403,-0.192,0.2585,0.82565,1.05415,1.20355,1.31315,1.4797,1.6833,1.5046
2022-05-17,-0.544,-0.38,-0.166,0.3374,0.94275,1.17105,1.3147,1.42085,1.5767,1.77165,1.54835
2022-05-18,-0.552,-0.368,-0.126,0.36495,0.9506,1.1737,1.3044,1.397,1.5415,1.72585,1.49265
2022-05-19,-0.542,-0.348,-0.096,0.38275,0.95345,1.16805,1.2957,1.38615,1.5159,1.68255,1.45065
2022-05-20,-0.535,-0.348,-0.078,0.38785,0.9357,1.1457,1.2735,1.36585,1.50505,1.6834,1.497
2022-05-23,-0.543,-0.363,-0.085,0.40815,0.98555,1.19825,1.32945,1.4248,1.55715,1.7296,1.55585
2022-05-24,-0.543,-0.356,-0.073,0.40275,0.9343,1.13225,1.2619,1.3588,1.4984,1.6785,1.5403
2022-05-25,-0.547,-0.351,-0.062,0.40155,0.9135,1.11745,1.2522,1.35395,1.5042,1.6968,1.58515
2022-05-26,-0.544,-0.352,-0.061,0.4022,0.92515,1.1384,1.27745,1.38365,1.54925,1.75565,1.68505
2022-05-27,-0.545,-0.368,-0.076,0.3986,0.9382,1.14425,1.27015,1.3666,1.5178,1.7144,1.6262
2022-05-30,-0.545,-0.354,-0.068,0.44135,1.00995,1.21815,1.34095,1.4312,1.5744,1.76285,1.65585
2022-05-31,-0.546,-0.338,-0.045,0.4827,1.08715,1.3054,1.4312,1.52275,1.66315,1.8496,1.73575
2022-06-01,-0.541,-0.335,-0.034,0.5118,1.14125,1.3657,1.4843,1.5697,1.7096,1.8978,1.79745
2022-06-02,-0.538,-0.327,-0.017,0.54955,1.2007,1.4321,1.5561,1.64575,1.77115,1.9429,1.8203
2022-06-03,-0.538,-0.328,-0.008,0.5926,1.2622,1.4991,1.6179,1.703,1.8216,1.98615,1.8407
2022-06-06,-0.531,-0.314,0.009,0.6117,1.2831,1.5157,1.6415,1.72985,1.85135,2.0212,1.87905
2022-06-07,-0.525,-0.298,0.029,0.62345,1.27445,1.49615,1.6146,1.69975,1.82085,1.9914,1.8538
2022-06-08,-0.537,-0.302,0.034,0.6636,1.31175,1.5369,1.66305,1.7528,1.8788,2.056,1.91975
2022-06-09,-0.533,-0.282,0.063,0.76215,1.4509,1.6712,1.7868,1.8681,1.9746,2.12945,1.9531
2022-06-10,-0.539,-0.298,0.083,0.8594,1.579,1.79475,1.9046,1.9778,2.0638,2.1976,1.9765
2022-06-13,-0.536,-0.281,0.108,0.96445,1.8128,2.04775,2.1465,2.20335,2.26705,2.3723,2.0533
2022-06-14,-0.512,-0.243,0.175,1.08075,1.9137,2.1398,2.24135,2.3076,2.40225,2.54165,2.2139
2022-06-15,-0.494,-0.182,0.237,1.0445,1.76575,1.9872,2.10895,2.1937,2.30425,2.46215,2.1765
2022-06-16,-0.498,-0.172,0.249,1.08755,1.82595,2.0522,2.1729,2.252,2.35145,2.48925,2.17165
2022-06-17,-0.487,-0.169,0.291,1.06215,1.7698,1.9995,2.11895,2.19675,2.2964,2.42965,2.1735
2022-06-20,-0.5,-0.178,0.273,1.06725,1.80755,2.04755,2.179,2.2696,2.3794,2.5183,2.26625
2022-06-21,-0.512,-0.163,0.289,1.08015,1.81815,2.058,2.19115,2.2839,2.3955,2.53655,2.3098
2022-06-22,-0.512,-0.172,0.291,1.04945,1.7295,1.95075,2.07855,2.168,2.27795,2.41965,2.1933
2022-06-23,-0.528,-0.186,0.273,0.9282,1.4969,1.68065,1.8102,1.9113,2.0468,2.21505,2.03605
2022-06-24,-0.553,-0.218,0.223,0.8844,1.4681,1.6614,1.79705,1.90345,2.0471,2.2289,2.03935
2022-06-27,-0.551,-0.218,0.223,0.92345,1.55595,1.7729,1.90975,2.0192,2.15695,2.3345,2.09835
2022-06-28,-0.536,-0.211,0.225,0.96375,1.624,1.84285,1.9804,2.09285,2.2344,2.41425,2.16215
2022-06-29,-0.535,-0.191,0.278,0.93645,1.53775,1.73725,1.8695,1.9805,2.1361,2.33195,2.10655
2022-06-30,-0.508,-0.195,0.263,0.85555,1.39605,1.5799,1.70605,1.8159,1.98045,2.1877,1.9989
2022-07-01,-0.506,-0.176,0.238,0.74065,1.2289,1.40445,1.53115,1.64925,1.83225,2.06595,1.97155
2022-07-04,-0.485,-0.165,0.241,0.8319,1.36375,1.54275,1.6757,1.79565,1.97005,2.19185,2.0758
2022-07-05,-0.46,-0.145,0.234,0.7449,1.21455,1.38515,1.52655,1.65545,1.84105,2.0726,1.97875
2022-07-06,-0.465,-0.152,0.226,0.71855,1.13655,1.2928,1.4355,1.56795,1.7645,2.0082,1.9402
2022-07-07,-0.464,-0.141,0.238,0.82995,1.29505,1.46045,1.59725,1.7205,1.89325,2.1098,1.96915
2022-07-08,-0.427,-0.087,0.322,0.87605,1.3112,1.47125,1.615,1.74665,1.93015,2.15575,2.0214
2022-07-11,-0.398,-0.07,0.365,0.8744,1.2504,1.3902,1.52365,1.64975,1.83955,2.07335,1.97355
2022-07-12,-0.4,-0.058,0.379,0.8173,1.16255,1.3029,1.43645,1.5613,1.74675,1.97395,1.8637
2022-07-13,-0.421,-0.052,0.363,0.8818,1.24065,1.37495,1.49745,1.61125,1.77185,1.9688,1.82895
2022-07-14,-0.378,0.002,0.448,0.96875,1.30915,1.43055,1.5454,1.65535,1.80945,2.0018,1.8342
2022-07-15,-0.317,0.072,0.532,0.98345,1.29275,1.40735,1.51755,1.62225,1.7755,1.96665,1.8278
2022-07-18,-0.32,0.047,0.503,0.9913,1.33385,1.46115,1.5759,1.6838,1.8371,2.02705,1.87535
2022-07-19,-0.325,0.042,0.534,1.0751,1.4341,1.56005,1.667,1.7659,1.90225,2.07335,1.88345
2022-07-20,-0.259,0.125,0.635,1.1171,1.43475,1.54555,1.6473,1.7418,1.87275,2.0379,1.84345
2022-07-21,-0.252,0.145,0.632,1.15015,1.4666,1.5649,1.6584,1.74545,1.86125,2.0119,1.79585
2022-07-22,-0.17,0.2,0.706,1.0621,1.2713,1.34905,1.43265,1.5199,1.6678,1.8538,1.71435
2022-07-25,-0.131,0.233,0.633,1.01505,1.2393,1.3178,1.40865,1.5012,1.6449,1.82675,1.6884
2022-07-26,-0.089,0.212,0.623,0.97735,1.18305,1.2536,1.32915,1.41075,1.5541,1.73585,1.6283
2022-07-27,-0.062,0.238,0.631,1.02915,1.2429,1.30915,1.37755,1.45495,1.58025,1.74605,1.63955
2022-07-28,-0.035,0.267,0.66,0.947,1.0956,1.1528,1.2226,1.30235,1.44565,1.6349,1.5469
2022-07-29,-0.071,0.232,0.653,0.9528,1.12005,1.18405,1.2528,1.33185,1.4721,1.6515,1.5184
2022-08-01,-0.062,0.246,0.654,0.94785,1.1094,1.17045,1.2369,1.3144,1.44385,1.6133,1.5002
2022-08-02,-0.048,0.26,0.652,0.96745,1.1454,1.21,1.2749,1.3494,1.4765,1.63875,1.49215
2022-08-03,-0.04,0.252,0.667,1.024,1.23485,1.30435,1.36625,1.43515,1.54405,1.6886,1.5118
2022-08-04,-0.039,0.269,0.689,1.0095,1.1981,1.25605,1.30735,1.3695,1.4813,1.632,1.47985
2022-08-05,-0.041,0.277,0.678,1.07835,1.32475,1.40365,1.47885,1.5572,1.6662,1.80975,1.6309
2022-08-08,-0.032,0.301,0.729,1.0948,1.3108,1.37995,1.44355,1.51285,1.61775,1.7562,1.59645
2022-08-09,-0.015,0.321,0.737,1.1185,1.34505,1.41595,1.48035,1.54785,1.6529,1.7932,1.6385
2022-08-10,-0.025,0.325,0.774,1.12275,1.3218,1.3825,1.44175,1.5059,1.61035,1.7527,1.6029
2022-08-11,-0.027,0.321,0.764,1.1289,1.36205,1.43165,1.4923,1.5593,1.6741,1.82565,1.68155
2022-08-12,-0.035,0.333,0.766,1.1461,1.41125,1.4844,1.53865,1.59805,1.697,1.83595,1.687
2022-08-15,-0.016,0.339,0.745,1.08805,1.33075,1.39425,1.4443,1.4983,1.59445,1.72995,1.59535
2022-08-16,-0.028,0.333,0.735,1.10775,1.37255,1.4444,1.4928,1.5459,1.64765,1.7903,1.65345
2022-08-17,-0.014,0.351,0.753,1.2051,1.5226,1.59515,1.63485,1.6776,1.76145,1.8897,1.7112
2022-08-18,0.003,0.391,0.826,1.2512,1.55735,1.62495,1.66635,1.7064,1.77885,1.8965,1.699
2022-08-19,0.026,0.43,0.862,1.33245,1.6764,1.76175,1.8089,1.85365,1.9314,2.0505,1.8294
2022-08-22,0.046,0.453,0.908,1.40525,1.77965,1.8661,1.9166,1.9596,2.0285,2.13325,1.8722
2022-08-23,0.059,0.468,0.926,1.41475,1.7899,1.8817,1.9329,1.97715,2.0613,2.18255,1.9127
2022-08-24,0.079,0.493,0.947,1.46695,1.8486,1.93435,1.9875,2.03325,2.1214,2.24515,1.9474
2022-08-25,0.085,0.518,0.984,1.4688,1.80905,1.88355,1.93755,1.9838,2.0741,2.20645,1.9506
2022-08-26,0.094,0.542,0.983,1.57165,1.9207,1.9845,2.0334,2.07615,2.1551,2.2757,1.9804
2022-08-29,0.12,0.582,1.077,1.72555,2.0783,2.1398,2.1849,2.2268,2.29855,2.40865,2.0664
2022-08-30,0.196,0.62,1.193,1.8108,2.1505,2.1859,2.2137,2.24305,2.30325,2.406,2.0502
2022-08-31,0.23,0.654,1.203,1.8369,2.17185,2.20275,2.2308,2.2633,2.31435,2.4118,2.0525
2022-09-01,0.228,0.712,1.24,1.84095,2.1544,2.19045,2.2182,2.2502,2.3232,2.44535,2.11415
2022-09-02,0.314,0.763,1.29,1.83435,2.1134,2.14155,2.1769,2.21735,2.29475,2.4219,2.117
2022-09-05,0.298,0.783,1.298,1.8668,2.1767,2.21675,2.2527,2.29365,2.36805,2.49335,2.17615
2022-09-06,0.368,0.816,1.337,1.8768,2.1862,2.2353,2.2738,2.3187,2.39115,2.51455,2.1476
2022-09-07,0.394,0.822,1.363,1.874,2.15205,2.19485,2.23785,2.28305,2.3471,2.46355,2.065
2022-09-08,0.381,0.836,1.354,1.9462,2.2244,2.2563,2.291,2.33165,2.38905,2.49165,2.0696
2022-09-09,0.48,0.934,1.442,2.01085,2.255,2.2814,2.3105,2.3493,2.4075,2.5125,2.1372
2022-09-12,0.586,0.988,1.494,2.03685,2.25455,2.2624,2.2788,2.30595,2.3517,2.4479,2.0763
2022-09-13,0.619,1.0,1.538,2.1358,2.3762,2.386,2.40155,2.4279,2.46225,2.54205,2.1471
2022-09-14,0.669,1.013,1.548,2.1848,2.4297,2.42835,2.4294,2.44245,2.45875,2.52165,2.07835
2022-09-15,0.68,1.03,1.608,2.2533,2.5099,2.4943,2.4822,2.4833,2.484,2.5314,2.0644
2022-09-16,0.678,1.063,1.672,2.30025,2.5422,2.5233,2.50685,2.5079,2.50355,2.5466,2.06395
2022-09-19,0.692,1.066,1.737,2.3514,2.58465,2.55115,2.5316,2.5268,2.5217,2.5614,2.0797
2022-09-20,0.7,1.1,1.74,2.4181,2.70005,2.68855,2.67,2.66985,2.6668,2.7079,2.2064
2022-09-21,0.708,1.118,1.766,2.45325,2.7512,2.7424,2.70915,2.69585,2.67095,2.6891,2.1173
2022-09-22,0.68,1.12,1.763,2.4908,2.8288,2.83975,2.822,2.81445,2.78325,2.78645,2.1592
2022-09-23,0.698,1.153,1.803,2.54195,2.94235,2.9621,2.9413,2.9281,2.8842,2.8697,2.1568
2022-09-26,0.7,1.168,1.803,2.57425,2.99625,3.04265,3.03545,3.0251,2.9814,2.9611,2.17115
2022-09-27,0.722,1.228,1.851,2.6193,3.0615,3.12625,3.1316,3.13535,3.1213,3.1339,2.34575
2022-09-28,0.685,1.193,1.858,2.55095,2.9381,3.01225,3.03635,3.0494,3.06865,3.11285,2.33885
2022-09-29,0.666,1.16,1.8,2.50815,2.8846,2.9662,3.01065,3.0498,3.09585,3.15775,2.4465
2022-09-30,0.679,1.173,1.809,2.4721,2.814,2.88275,2.924,2.95775,3.00885,3.08005,2.401
2022-10-03,0.674,1.185,1.775,2.36605,2.64465,2.6892,2.7214,2.75045,2.79465,2.85805,2.22415
2022-10-04,0.664,1.173,1.762,2.3424,2.61915,2.6569,2.6858,2.716,2.762,2.8361,2.2337
2022-10-05,0.706,1.2,1.731,2.36735,2.6887,2.7564,2.8018,2.8422,2.892,2.9668,2.3385
2022-10-06,0.733,1.248,1.838,2.49595,2.8426,2.9042,2.94415,2.97835,3.0081,3.0626,2.37025
2022-10-07,0.783,1.288,1.897,2.58335,2.95685,3.0338,3.07425,3.1078,3.1436,3.2031,2.49305
2022-10-10,0.809,1.319,1.962,2.62965,3.00675,3.09605,3.1419,3.1848,3.23895,3.3127,2.6228
2022-10-11,0.843,1.34,2.003,2.6377,2.9838,3.05795,3.1072,3.1562,3.2267,3.3212,2.64785
2022-10-12,0.854,1.363,1.998,2.6352,2.97905,3.0542,3.10555,3.1581,3.2345,3.33655,2.6951
2022-10-13,0.845,1.378,2.012,2.6503,2.9968,3.0658,3.10715,3.15015,3.2046,3.2857,2.6114
2022-10-14,0.892,1.403,2.027,2.67175,3.0099,3.07145,3.11095,3.15835,3.2194,3.3108,2.6801
2022-10-17,0.913,1.458,2.032,2.66625,2.9916,3.0431,3.0809,3.1241,3.16615,3.23575,2.5806
2022-10-18,0.919,1.456,2.038,2.66435,2.983,3.03295,3.06495,3.1047,3.14575,3.2136,2.5746
2022-10-19,0.938,1.462,2.057,2.7029,3.03305,3.0896,3.1156,3.1444,3.17335,3.2287,2.55495
2022-10-20,0.943,1.502,2.083,2.7293,3.0656,3.11885,3.1427,3.17265,3.20775,3.2698,2.6098
2022-10-21,0.983,1.543,2.107,2.6933,3.00095,3.0599,3.09495,3.13355,3.1971,3.28845,2.67185
2022-10-24,0.979,1.558,2.132,2.67465,2.95305,3.00225,3.0312,3.0647,3.10955,3.18765,2.5815
2022-10-25,1.038,1.577,2.106,2.61155,2.8541,2.88225,2.895,2.9134,2.94025,3.00245,2.4112
2022-10-26,1.109,1.578,2.103,2.6077,2.8497,2.8789,2.89185,2.91375,2.9405,3.001,2.44135
2022-10-27,1.133,1.605,2.118,2.50125,2.68075,2.7065,2.7197,2.7415,2.7845,2.8655,2.38505
2022-10-28,1.208,1.641,2.034,2.547,2.8005,2.8343,2.85925,2.8843,2.9067,2.96335,2.3932
2022-10-31,1.253,1.704,2.13,2.6417,2.8762,2.9065,2.9165,2.9335,2.966,3.0324,2.48
2022-11-01,1.376,1.737,2.168,2.662,2.8809,2.8976,2.90175,2.9148,2.9473,3.0168,2.484
2022-11-02,1.385,1.726,2.198,2.6945,2.91335,2.925,2.926,2.937,2.956,3.014,2.454
2022-11-03,1.401,1.732,2.225,2.7665,3.0166,3.0337,3.0375,3.04915,3.067,3.124,2.54475
2022-11-04,1.398,1.734,2.278,2.812,3.059,3.068,3.067,3.07625,3.092,3.14725,2.574
2022-11-07,1.405,1.742,2.296,2.82925,3.06525,3.0586,3.052,3.06,3.074,3.131,2.56975
2022-11-08,1.415,1.791,2.316,2.836,3.04425,3.024,3.005,3.003,3.004,3.05,2.487
2022-11-09,1.415,1.802,2.333,2.80875,2.9686,2.932,2.90775,2.902,2.903,2.953,2.4171
2022-11-10,1.395,1.798,2.319,2.7267,2.841,2.786,2.754,2.749,2.7515,2.805,2.32475
2022-11-11,1.362,1.762,2.291,2.78125,2.9208,2.866,2.8367,2.8355,2.8415,2.9075,2.411
2022-11-14,1.405,1.791,2.337,2.79475,2.9126,2.8525,2.818,2.811,2.8155,2.8805,2.4
2022-11-15,1.414,1.795,2.3,2.756,2.8673,2.80105,2.7586,2.7465,2.7422,2.7965,2.3215
2022-11-16,1.395,1.803,2.311,2.756,2.84115,2.7658,2.7091,2.6815,2.67125,2.719,2.241
2022-11-17,1.425,1.802,2.294,2.76675,2.881,2.8129,2.7635,2.7445,2.72775,2.7685,2.25325
2022-11-18,1.413,1.821,2.342,2.77275,2.867,2.798,2.7575,2.7417,2.7217,2.757,2.252
2022-11-21,1.4,1.817,2.327,2.76425,2.85275,2.7803,2.7297,2.7078,2.68425,2.7134,2.2044
2022-11-22,1.418,1.863,2.338,2.77175,2.849,2.7756,2.7235,2.69725,2.67475,2.7055,2.191
2022-11-23,1.448,1.898,2.36,2.78975,2.86,2.77325,2.708,2.669,2.63,2.639,2.113
2022-11-24,1.462,1.908,2.368,2.781,2.83735,2.73355,2.6579,2.612,2.5654,2.5735,2.0403
2022-11-25,1.476,1.922,2.374,2.81485,2.9056,2.816,2.74835,2.71035,2.66695,2.6789,2.10885
2022-11-28,1.492,1.954,2.436,2.8395,2.91995,2.83355,2.76185,2.7188,2.6785,2.6923,2.11515
2022-11-29,1.497,1.984,2.442,2.7981,2.8532,2.762,2.69035,2.6477,2.6165,2.64335,2.08785
2022-11-30,1.512,1.973,2.414,2.8043,2.87325,2.77925,2.71285,2.6769,2.64645,2.67555,2.0903
2022-12-01,1.526,1.972,2.405,2.7609,2.79045,2.68085,2.6045,2.56555,2.5352,2.5701,2.00655
2022-12-02,1.514,1.975,2.406,2.7902,2.83855,2.7354,2.65685,2.61205,2.56785,2.58735,1.96685
2022-12-05,1.523,1.975,2.436,2.81865,2.8711,2.7666,2.68665,2.6413,2.59035,2.60005,1.95295
2022-12-06,1.519,1.993,2.443,2.80045,2.8287,2.7148,2.62815,2.5784,2.5262,2.5351,1.8876
2022-12-07,1.552,1.977,2.442,2.79225,2.81175,2.698,2.61775,2.57475,2.5261,2.54005,1.90405
2022-12-08,1.538,1.99,2.456,2.80245,2.826,2.717,2.64065,2.5981,2.5435,2.55205,1.89165
2022-12-09,1.605,2.005,2.466,2.8236,2.8668,2.7643,2.6904,2.649,2.5997,2.60825,1.92845
2022-12-12,1.622,2.052,2.527,2.87295,2.91685,2.81275,2.73565,2.6919,2.62775,2.61495,1.913
2022-12-13,1.686,2.046,2.479,2.82405,2.86645,2.7769,2.70985,2.66955,2.61595,2.6113,1.9495
2022-12-14,1.697,2.081,2.519,2.8346,2.852,2.7526,2.6819,2.64,2.5949,2.59465,1.99025
2022-12-15,1.691,2.062,2.493,2.9556,3.0276,2.92445,2.85755,2.81395,2.74475,2.71275,2.0262
2022-12-16,1.748,2.047,2.569,3.07785,3.1644,3.04515,2.9695,2.919,2.85875,2.8322,2.12925
2022-12-19,1.797,2.063,2.585,3.09425,3.16265,3.03525,2.9573,2.9124,2.85755,2.8398,2.15415
2022-12-20,1.898,2.081,2.625,3.1484,3.2277,3.1057,3.03465,2.99705,2.94655,2.93745,2.2617
2022-12-21,1.913,2.102,2.645,3.1848,3.2695,3.15395,3.07775,3.03635,2.98215,2.9716,2.3068
2022-12-22,1.894,2.125,2.696,3.22705,3.31505,3.20515,3.13095,3.09105,3.0404,3.03135,2.36445
2022-12-23,1.91,2.141,2.701,3.2592,3.3581,3.252,3.17845,3.1393,3.0775,3.0544,2.3876
2022-12-26,1.91,2.141,2.701,3.2615,3.3614,3.2554,3.1808,3.14185,3.0807,3.0584,2.3925
2022-12-27,1.895,2.128,2.703,3.2615,3.3614,3.2554,3.1808,3.1419,3.0807,3.0584,2.3925
2022-12-28,1.898,2.202,2.752,3.29345,3.3865,3.2845,3.2239,3.1959,3.1545,3.14735,2.47305
2022-12-29,1.901,2.184,2.726,3.26505,3.35245,3.25205,3.1855,3.1491,3.1078,3.09985,2.43235
2022-12-30,1.884,2.132,2.693,3.27645,3.392,3.3036,3.25135,3.22735,3.18995,3.19145,2.52205
2023-01-02,1.883,2.162,2.732,3.26635,3.34115,3.23125,3.16325,3.1275,3.0812,3.07455,2.4044
2023-01-03,1.854,2.172,2.739,3.2447,3.2987,3.17215,3.0844,3.03345,2.97885,2.98025,2.31835
2023-01-04,1.888,2.17,2.761,3.21275,3.2226,3.0756,2.9822,2.92775,2.8743,2.88585,2.2777
2023-01-05,1.894,2.178,2.772,3.24525,3.2741,3.1348,3.0399,2.98445,2.9334,2.9413,2.33785
2023-01-06,1.904,2.254,2.805,3.24805,3.24015,3.07735,2.9662,2.90145,2.83795,2.83635,2.24715
2023-01-09,1.898,2.27,2.809,3.25415,3.2336,3.06405,2.95325,2.8884,2.8343,2.84385,2.26255
2023-01-10,1.935,2.284,2.82,3.2852,3.27095,3.10365,3.00825,2.95665,2.9036,2.912,2.32035
2023-01-11,1.922,2.298,2.858,3.29765,3.2495,3.05315,2.9324,2.8639,2.7982,2.7944,2.2187
2023-01-12,1.918,2.288,2.818,3.2313,3.167,2.968,2.84975,2.7845,2.72525,2.7317,2.1854
2023-01-13,1.908,2.328,2.876,3.26815,3.18,2.96785,2.8436,2.7734,2.70645,2.70605,2.1728
2023-01-16,1.97,2.334,2.843,3.24965,3.1702,2.9617,2.8388,2.77205,2.71455,2.7201,2.18605
2023-01-17,1.98,2.335,2.878,3.1917,3.0764,2.86565,2.73955,2.6722,2.61965,2.6316,2.13275
2023-01-18,1.985,2.342,2.832,3.17425,3.06935,2.86185,2.7285,2.64925,2.58005,2.57745,2.06095
2023-01-19,1.99,2.393,2.857,3.2252,3.125,2.917,2.78465,2.7057,2.631,2.6218,2.09375
2023-01-20,1.999,2.417,2.895,3.2742,3.1949,2.998,2.8818,2.81645,2.7469,2.74165,2.2196
2023-01-23,2.014,2.449,2.917,3.29965,3.232,3.04505,2.9284,2.8617,2.79535,2.7919,2.2766
2023-01-24,2.052,2.501,2.922,3.2894,3.21265,3.02315,2.90245,2.8315,2.7651,2.7615,2.2313
2023-01-25,2.064,2.458,2.928,3.28355,3.19985,3.01225,2.8948,2.8299,2.76745,2.7683,2.2648
2023-01-26,2.077,2.468,2.922,3.28935,3.22565,3.0502,2.9368,2.87365,2.8118,2.8127,2.3099
2023-01-27,2.13,2.492,2.942,3.3044,3.2407,3.0673,2.9566,2.8945,2.8373,2.8393,2.3291
2023-01-30,2.144,2.482,2.959,3.35155,3.30595,3.1389,3.028,2.965,2.90115,2.894,2.35205
2023-01-31,2.177,2.512,2.988,3.35175,3.28225,3.10605,2.9892,2.9226,2.8634,2.86085,2.34095
2023-02-01,2.19,2.483,3.009,3.38415,3.30735,3.12175,3.00395,2.9376,2.87285,2.86355,2.3367
2023-02-02,2.262,2.54,3.029,3.30775,3.1504,2.9301,2.7957,2.71995,2.65115,2.647,2.20255
2023-02-03,2.255,2.545,3.011,3.3242,3.1937,2.9949,2.88005,2.8204,2.76325,2.7661,2.33335
2023-02-06,2.325,2.565,3.008,3.35385,3.2634,3.08825,2.978,2.91875,2.8565,2.8541,2.3622
2023-02-07,2.361,2.602,3.029,3.3834,3.29415,3.12025,3.0057,2.9428,2.8824,2.88095,2.3757
2023-02-08,2.381,2.608,3.054,3.4157,3.3182,3.1368,3.02095,2.95555,2.89765,2.89895,2.3882
2023-02-09,2.363,2.607,3.103,3.4323,3.3133,3.11655,2.99525,2.92415,2.8569,2.8509,2.34675
2023-02-10,2.375,2.621,3.08,3.46165,3.375,3.1826,3.05905,2.9864,2.91495,2.90635,2.3891
2023-02-13,2.402,2.654,3.102,3.4823,3.40425,3.21565,3.0907,3.0138,2.9344,2.91555,2.39495
2023-02-14,2.374,2.66,3.135,3.5272,3.4853,3.30915,3.17895,3.09765,3.0109,2.98355,2.4454
2023-02-15,2.405,2.682,3.166,3.5471,3.5092,3.3343,3.20465,3.12355,3.04185,3.0212,2.49695
2023-02-16,2.406,2.703,3.192,3.55035,3.51935,3.35185,3.21855,3.13275,3.04575,3.0215,2.5107
2023-02-17,2.374,2.667,3.212,3.56465,3.515,3.34025,3.2108,3.1267,3.0352,3.00675,2.487
2023-02-20,2.383,2.654,3.192,3.5639,3.51785,3.348,3.2208,3.13875,3.0447,3.01065,2.4872
2023-02-21,2.392,2.682,3.225,3.6097,3.58045,3.41745,3.2948,3.21595,3.1252,3.0926,2.5569
2023-02-22,2.396,2.683,3.197,3.5855,3.55425,3.39245,3.2758,3.2013,3.11855,3.09205,2.5772
2023-02-23,2.403,2.693,3.198,3.57935,3.54295,3.3786,3.25885,3.18155,3.09535,3.0673,2.5435
2023-02-24,2.429,2.698,3.233,3.64625,3.658,3.49285,3.35395,3.25915,3.16205,3.122,2.5892
2023-02-27,2.422,2.716,3.242,3.67735,3.7162,3.55085,3.40995,3.31835,3.219,3.183,2.67615
2023-02-28,2.478,2.744,3.29,3.71545,3.7646,3.60155,3.4564,3.3599,3.2585,3.2188,2.70325
2023-03-01,2.487,2.783,3.311,3.7727,3.83915,3.67665,3.5402,3.4503,3.34145,3.28975,2.75205
2023-03-02,2.502,2.801,3.366,3.80365,3.8445,3.68075,3.5504,3.46505,3.36535,3.3223,2.77675
2023-03-03,2.551,2.849,3.353,3.80645,3.8252,3.65535,3.52155,3.4344,3.32895,3.2747,2.71945
2023-03-06,2.511,2.875,3.363,3.8557,3.87835,3.6891,3.5467,3.45295,3.33245,3.265,2.69385
2023-03-07,2.562,2.92,3.418,3.91215,3.9069,3.69985,3.5417,3.43935,3.31405,3.2437,2.68185
2023-03-08,2.565,2.944,3.451,3.93985,3.9217,3.699,3.5236,3.4068,3.26815,3.1862,2.61735
2023-03-09,2.573,2.948,3.461,3.92055,3.8863,3.66595,3.49465,3.3845,3.2556,3.1855,2.65435
2023-03-10,2.63,2.978,3.445,3.8318,3.75915,3.53805,3.3759,3.27615,3.15265,3.0945,2.5848
2023-03-13,2.646,2.957,3.375,3.56405,3.50675,3.34395,3.2034,3.1201,3.01775,2.9765,2.47745
2023-03-14,2.601,2.753,3.035,3.4853,3.57275,3.45885,3.3315,3.24425,3.13655,3.08465,2.5594
2023-03-15,2.615,2.815,3.131,3.2759,3.2603,3.17855,3.06295,2.9832,2.9004,2.88265,2.31755
2023-03-16,2.558,2.646,2.985,3.2709,3.2855,3.2104,3.10835,3.0422,2.96895,2.9489,2.3923
2023-03-17,2.648,2.75,3.055,3.2807,3.2181,3.1082,3.01455,2.9555,2.88435,2.86455,2.31245
2023-03-20,2.778,2.892,3.095,3.2399,3.1275,3.02665,2.9479,2.90275,2.8505,2.85055,2.31255
2023-03-21,2.822,2.908,3.071,3.3337,3.2563,3.14675,3.06205,3.0099,2.9509,2.9387,2.3784
2023-03-22,2.902,3.002,3.214,3.5025,3.4071,3.2743,3.1727,3.1098,3.03295,3.0051,2.445
2023-03-23,2.902,2.99,3.29,3.4528,3.26465,3.1057,3.00585,2.9513,2.8927,2.88805,2.3851
2023-03-24,2.928,3.025,3.281,3.39285,3.1833,3.03125,2.93915,2.89415,2.8468,2.85065,2.35815
2023-03-27,2.902,3.012,3.239,3.4364,3.2525,3.09915,3.00165,2.95345,2.90865,2.9143,2.43675
2023-03-28,2.904,2.99,3.269,3.4811,3.31425,3.16305,3.06155,3.00825,2.96385,2.974,2.5043
2023-03-29,2.905,3.015,3.29,3.4906,3.3307,3.17585,3.0694,3.0115,2.96305,2.9712,2.51605
2023-03-30,2.921,3.052,3.312,3.57175,3.4431,3.2812,3.1683,3.1064,3.04045,3.0302,2.54875
2023-03-31,2.915,3.038,3.341,3.58225,3.4393,3.26645,3.14015,3.06365,2.99035,2.97625,2.51525
2023-04-03,2.928,3.053,3.335,3.56125,3.3755,3.18875,3.0611,2.98395,2.91125,2.8943,2.43295
2023-04-04,2.899,3.052,3.359,3.5518,3.3549,3.1677,3.04655,2.97695,2.9176,2.91295,2.4777
2023-04-05,2.888,3.055,3.339,3.4778,3.2343,3.04705,2.9405,2.88345,2.8299,2.8316,2.41385
2023-04-06,2.887,3.075,3.339,3.50575,3.26465,3.07235,2.9625,2.90545,2.8479,2.84435,2.43815
2023-04-07,2.887,3.075,3.339,3.50645,3.263,3.07315,2.96395,2.9069,2.84935,2.84515,2.4399
2023-04-10,2.887,3.075,3.339,3.5064,3.263,3.0731,2.964,2.9069,2.8494,2.8451,2.4399
2023-04-11,2.889,3.108,3.356,3.59935,3.39545,3.2048,3.08545,3.0191,2.9543,2.9438,2.52575
2023-04-12,2.889,3.126,3.43,3.67855,3.46215,3.26915,3.1473,3.0776,3.0091,2.9953,2.5698
2023-04-13,2.934,3.177,3.49,3.69265,3.4597,3.26195,3.139,3.0691,3.00455,2.9953,2.5852
2023-04-14,2.948,3.175,3.51,3.73455,3.5201,3.32445,3.19615,3.1208,3.0478,3.03195,2.60575
2023-04-17,2.966,3.219,3.578,3.77615,3.5567,3.364,3.23875,3.167,3.09805,3.0867,2.66265
2023-04-18,2.968,3.2,3.562,3.77385,3.56875,3.37715,3.25275,3.18095,3.1046,3.08235,2.65145
2023-04-19,2.987,3.205,3.587,3.8298,3.6425,3.44995,3.31815,3.2414,3.15935,3.13085,2.66485
2023-04-20,2.998,3.211,3.612,3.82185,3.60395,3.40405,3.2749,3.19925,3.12015,3.0964,2.6496
2023-04-21,2.956,3.261,3.601,3.8275,3.61355,3.41175,3.2924,3.22495,3.14815,3.1246,2.6819
2023-04-24,3.031,3.288,3.637,3.8714,3.64715,3.4393,3.30955,3.2366,3.15665,3.1281,2.68095
2023-04-25,3.024,3.268,3.635,3.82645,3.56445,3.3473,3.2121,3.1378,3.064,3.0432,2.6044
2023-04-26,3.015,3.242,3.648,3.8024,3.5329,3.3156,3.1888,3.1251,3.06125,3.0535,2.6351
2023-04-27,3.037,3.25,3.618,3.80915,3.5582,3.34475,3.2255,3.16585,3.10505,3.09925,2.6748
2023-04-28,3.052,3.265,3.645,3.77785,3.47525,3.2445,3.1153,3.0493,2.98735,2.98325,2.57345
2023-05-01,3.052,3.265,3.645,3.7733,3.4672,3.23795,3.111,3.04615,2.98625,2.9848,2.57545
2023-05-02,3.093,3.274,3.622,3.7543,3.4373,3.20285,3.07175,3.0066,2.9486,2.94755,2.54525
2023-05-03,3.088,3.275,3.644,3.7758,3.449,3.20775,3.0714,3.00135,2.9403,2.9377,2.53615
2023-05-04,3.112,3.281,3.651,3.71595,3.34045,3.09305,2.96975,2.918,2.88055,2.90485,2.54885
2023-05-05,3.099,3.28,3.575,3.70705,3.3753,3.1453,3.02995,2.9769,2.9434,2.967,2.61685
2023-05-08,3.138,3.312,3.605,3.73185,3.4036,3.1733,3.05545,3.00025,2.9641,2.9845,2.63135
2023-05-09,3.161,3.27,3.608,3.7336,3.4081,3.18045,3.0616,3.00855,2.9739,2.99925,2.65495
2023-05-10,3.146,3.301,3.625,3.7338,3.3804,3.14475,3.0258,2.97365,2.9382,2.96225,2.6199
2023-05-11,3.159,3.323,3.629,3.72205,3.3327,3.08185,2.96205,2.90995,2.8727,2.8947,2.5581
2023-05-12,3.162,3.348,3.638,3.7516,3.37675,3.1284,3.00535,2.94955,2.9101,2.9299,2.59545
2023-05-15,3.15,3.358,3.663,3.76625,3.3947,3.1512,3.031,2.97845,2.93985,2.9635,2.6429
2023-05-16,3.158,3.382,3.658,3.77405,3.42235,3.1789,3.0616,3.01035,2.96935,2.98925,2.67335
2023-05-17,3.152,3.388,3.671,3.80535,3.4863,3.24465,3.1109,3.04485,2.98615,2.98825,2.6484
2023-05-18,3.151,3.383,3.687,3.83365,3.5438,3.32625,3.2009,3.1397,3.08785,3.0954,2.7515
2023-05-19,3.134,3.415,3.707,3.83765,3.54185,3.32145,3.1909,3.12405,3.0677,3.0698,2.7114
2023-05-22,3.135,3.412,3.714,3.8574,3.57575,3.35665,3.2263,3.15835,3.09845,3.09965,2.7392
2023-05-23,3.142,3.422,3.732,3.8797,3.60725,3.3872,3.25135,3.1797,3.11865,3.1182,2.7473
2023-05-24,3.138,3.415,3.744,3.8926,3.60855,3.3835,3.24915,3.1792,3.1127,3.1069,2.7182
2023-05-25,3.198,3.457,3.769,3.92835,3.6764,3.454,3.3108,3.2308,3.1573,3.1417,2.72925
2023-05-26,3.199,3.462,3.76,3.94305,3.71415,3.4982,3.35375,3.2721,3.19695,3.18075,2.76665
2023-05-29,3.213,3.483,3.781,3.9356,3.66885,3.438,3.28375,3.194,3.10975,3.08505,2.66425
2023-05-30,3.214,3.474,3.77,3.88325,3.56765,3.3271,3.1747,3.0884,3.0102,2.99435,2.6055
2023-05-31,3.211,3.463,3.746,3.8354,3.49695,3.252,3.1014,3.0183,2.94925,2.94385,2.5849
2023-06-01,3.21,3.462,3.721,3.81365,3.4719,3.2243,3.071,2.9861,2.9168,2.9148,2.58345
2023-06-02,3.218,3.49,3.728,3.85165,3.54505,3.3008,3.14035,3.0485,2.9667,2.95255,2.60315
2023-06-05,3.222,3.493,3.739,3.8734,3.5838,3.34565,3.1828,3.0893,3.00755,2.9956,2.64225
2023-06-06,3.254,3.476,3.715,3.85005,3.5501,3.30875,3.1516,3.06535,2.9894,2.983,2.64885
2023-06-07,3.271,3.459,3.733,3.8898,3.6311,3.39945,3.2358,3.14375,3.06445,3.0551,2.69465
2023-06-08,3.258,3.486,3.757,3.88335,3.59485,3.35795,3.2014,3.11415,3.03645,3.0303,2.67835
2023-06-09,3.29,3.469,3.762,3.8776,3.5881,3.3484,3.18315,3.08565,2.9968,2.98025,2.62075
2023-06-12,3.315,3.478,3.753,3.86835,3.5779,3.3405,3.17825,3.0838,2.9986,2.98545,2.6535
2023-06-13,3.328,3.526,3.794,3.9094,3.64605,3.41035,3.24175,3.13985,3.0437,3.0174,2.6618
2023-06-14,3.338,3.522,3.79,3.9131,3.6615,3.4309,3.2659,3.16335,3.06375,3.03405,2.6771
2023-06-15,3.35,3.547,3.818,3.9832,3.77055,3.5441,3.37105,3.2595,3.13795,3.0837,2.67755
2023-06-16,3.355,3.572,3.822,3.98915,3.76625,3.53275,3.3572,3.2412,3.1129,3.0509,2.63775
2023-06-19,3.372,3.551,3.861,4.0408,3.81715,3.58305,3.40325,3.2852,3.1596,3.1032,2.7008
2023-06-20,3.383,3.587,3.892,4.04695,3.7847,3.52965,3.3354,3.20485,3.0692,3.0056,2.6016
2023-06-21,3.439,3.568,3.886,4.0598,3.8051,3.55095,3.36085,3.2351,3.09915,3.03235,2.59945
2023-06-22,3.413,3.6,3.907,4.107,3.8783,3.6282,3.43825,3.31165,3.16565,3.0863,2.61175
2023-06-23,3.448,3.61,3.933,4.07605,3.80295,3.5279,3.32685,3.19405,3.0487,2.9738,2.539
2023-06-26,3.429,3.577,3.908,4.05775,3.76995,3.4865,3.27895,3.14275,2.99715,2.9217,2.50485
2023-06-27,3.411,3.554,3.915,4.09805,3.86165,3.5877,3.3778,3.2381,3.07955,2.98905,2.537
2023-06-28,3.418,3.598,3.93,4.0781,3.8182,3.5386,3.32635,3.1835,3.0303,2.94805,2.5089
2023-06-29,3.415,3.587,3.892,4.0795,3.8715,3.60915,3.40355,3.26615,3.1107,3.02365,2.55915
2023-06-30,3.399,3.577,3.9,4.08795,3.8849,3.62085,3.4073,3.2625,3.1023,3.0107,2.53655
2023-07-03,3.385,3.597,3.913,4.12085,3.93235,3.67645,3.46455,3.31965,3.1485,3.0431,2.5386
2023-07-04,3.388,3.613,3.888,4.0885,3.9,3.65645,3.45115,3.31135,3.15685,3.06645,2.59355
2023-07-05,3.393,3.589,3.895,4.0831,3.88225,3.6333,3.4401,3.3115,3.16755,3.0897,2.6365
2023-07-06,3.377,3.612,3.905,4.1278,3.97315,3.75825,3.58045,3.4639,3.32575,3.2461,2.71955
2023-07-07,3.425,3.64,3.945,4.12535,3.9325,3.71125,3.54495,3.4384,3.31745,3.2513,2.75645
2023-07-10,3.438,3.661,3.931,4.1311,3.94315,3.7235,3.55475,3.44575,3.3202,3.2517,2.75545
2023-07-11,3.456,3.672,3.94,4.14495,3.96945,3.74385,3.5682,3.4547,3.3273,3.2589,2.76865
2023-07-12,3.457,3.657,3.955,4.1234,3.90085,3.6603,3.48095,3.3668,3.24285,3.18155,2.7389
2023-07-13,3.446,3.663,3.945,4.09535,3.8304,3.5749,3.39375,3.2785,3.15445,3.09715,2.6821
2023-07-14,3.464,3.66,3.941,4.10235,3.8508,3.59465,3.4103,3.29215,3.16365,3.1014,2.67435
2023-07-17,3.457,3.685,3.962,4.109,3.84665,3.58425,3.39505,3.27335,3.1406,3.079,2.6492
2023-07-18,3.465,3.705,3.962,4.0631,3.7523,3.47315,3.2833,3.1649,3.0345,2.97545,2.5605
2023-07-19,3.455,3.646,3.937,4.0623,3.77325,3.50545,3.3249,3.2152,3.09145,3.0365,2.61075
2023-07-20,3.472,3.698,3.952,4.0852,3.82505,3.5671,3.3826,3.2704,3.14795,3.0896,2.64205
2023-07-21,3.502,3.721,3.972,4.08155,3.8004,3.5386,3.36,3.251,3.1309,3.0734,2.63445
2023-07-24,3.475,3.716,3.972,4.05965,3.74185,3.47725,3.3007,3.1934,3.0821,3.0356,2.627
2023-07-25,3.521,3.705,3.966,4.04995,3.74805,3.4885,3.3094,3.2012,3.0883,3.0407,2.61865
2023-07-26,3.545,3.714,3.952,4.07065,3.80685,3.55365,3.37095,3.2572,3.1362,3.078,2.6526
2023-07-27,3.565,3.714,3.972,4.0481,3.7524,3.5002,3.32265,3.2158,3.10775,3.0631,2.66525
2023-07-28,3.585,3.725,3.958,4.02305,3.72265,3.4762,3.3075,3.2093,3.11115,3.07475,2.6934
2023-07-31,3.578,3.715,3.929,4.0171,3.7121,3.46575,3.30205,3.20575,3.10985,3.07725,2.697
2023-08-01,3.58,3.723,3.948,4.02375,3.7248,3.48585,3.33405,3.24995,3.16285,3.1384,2.76605
2023-08-02,3.61,3.733,3.944,4.0025,3.6897,3.4526,3.30445,3.2237,3.143,3.1251,2.76025
2023-08-03,3.609,3.722,3.937,3.9977,3.68805,3.4616,3.32535,3.25285,3.18385,3.17435,2.80595
2023-08-04,3.615,3.743,3.94,4.009,3.7021,3.47045,3.327,3.2466,3.1676,3.1466,2.7693
2023-08-07,3.638,3.754,3.949,4.01895,3.70785,3.48115,3.34465,3.27195,3.2023,3.19015,2.81775
2023-08-08,3.615,3.765,3.921,3.98675,3.66185,3.4209,3.27215,3.1877,3.10525,3.08225,2.70505
2023-08-09,3.625,3.759,3.927,3.99685,3.6798,3.4414,3.2913,3.2033,3.1203,3.09555,2.7224
2023-08-10,3.621,3.788,3.937,4.00625,3.69825,3.4655,3.31855,3.23505,3.1511,3.1259,2.7514
2023-08-11,3.638,3.781,3.928,4.0281,3.75835,3.53775,3.39585,3.3155,3.2379,3.2159,2.8308
2023-08-14,3.664,3.799,3.957,4.0527,3.779,3.55705,3.414,3.33405,3.25335,3.22875,2.8356
2023-08-15,3.627,3.787,3.943,4.05655,3.8071,3.59305,3.4527,3.37285,3.29365,3.26995,2.8717
2023-08-16,3.623,3.798,3.964,4.05495,3.7777,3.55735,3.4155,3.33465,3.2564,3.2356,2.84825
2023-08-17,3.632,3.815,3.941,4.05185,3.79105,3.5818,3.4488,3.37625,3.3051,3.2921,2.90175
2023-08-18,3.615,3.816,3.944,4.03345,3.7459,3.52775,3.39265,3.3166,3.2404,3.22255,2.85465
2023-08-21,3.612,3.806,3.941,4.05165,3.79335,3.58585,3.455,3.38265,3.3118,3.29905,2.92805
2023-08-22,3.637,3.808,3.951,4.0455,3.77045,3.55115,3.4127,3.3352,3.25935,3.2435,2.861
2023-08-23,3.642,3.826,3.953,3.99375,3.6618,3.4249,3.28205,3.2021,3.12785,3.11585,2.7635
2023-08-24,3.632,3.784,3.932,3.9843,3.66465,3.43365,3.2901,3.20905,3.13505,3.12445,2.76355
2023-08-25,3.62,3.788,3.935,4.0102,3.7182,3.49235,3.3433,3.25635,3.17365,3.1536,2.78725
2023-08-28,3.645,3.771,3.944,4.02655,3.73145,3.499,3.35035,3.26495,3.18085,3.159,2.7989
2023-08-29,3.631,3.783,3.944,4.0043,3.6968,3.4526,3.29385,3.20015,3.1128,3.0921,2.74035
2023-08-30,3.654,3.803,3.956,4.0249,3.71015,3.46725,3.31025,3.21865,3.1322,3.1104,2.75035
2023-08-31,3.637,3.795,3.987,3.9963,3.64385,3.39465,3.23865,3.14725,3.06465,3.0506,2.71585
2023-09-01,3.639,3.77,3.934,3.96945,3.6394,3.40395,3.2648,3.1885,3.12035,3.11545,2.7909
2023-09-04,3.636,3.798,3.955,3.99305,3.6659,3.4369,3.29995,3.22355,3.1526,3.1447,2.80715
2023-09-05,3.625,3.802,3.938,3.98025,3.66025,3.43335,3.30225,3.2319,3.16915,3.169,2.84985
2023-09-06,3.651,3.795,3.929,3.99995,3.70875,3.48735,3.35505,3.2832,3.21105,3.1999,2.8469
2023-09-07,3.67,3.799,3.938,3.9952,3.6874,3.4643,3.327,3.24965,3.1786,3.169,2.8277
2023-09-08,3.682,3.8,3.952,3.9977,3.6752,3.4473,3.31215,3.23675,3.16385,3.15185,2.81175
2023-09-11,3.662,3.822,3.97,4.0171,3.6988,3.47245,3.33635,3.26205,3.19315,3.1837,2.8478
2023-09-12,3.699,3.824,3.968,4.0314,3.72775,3.5022,3.3637,3.28525,3.20875,3.1919,2.8461
2023-09-13,3.675,3.845,3.999,4.07115,3.7739,3.5453,3.40215,3.31875,3.23515,3.21115,2.84715
2023-09-14,3.725,3.867,4.04,4.0877,3.7429,3.4912,3.33595,3.2449,3.1603,3.13835,2.81475
2023-09-15,3.762,3.878,4.055,4.11425,3.77755,3.5267,3.37715,3.2925,3.2155,3.2011,2.8896
2023-09-18,3.762,3.903,4.066,4.1419,3.82495,3.5818,3.43235,3.34765,3.2659,3.2482,2.9331
2023-09-19,3.891,3.934,4.071,4.14315,3.84115,3.60185,3.45185,3.36525,3.28255,3.2624,2.944
2023-09-20,3.834,3.934,4.07,4.1319,3.8196,3.57795,3.42745,3.34035,3.25625,3.23685,2.93355
2023-09-21,3.869,3.955,4.072,4.13385,3.8273,3.59745,3.4538,3.3724,3.2941,3.2774,2.9622
2023-09-22,3.872,3.958,4.082,4.13925,3.8205,3.58625,3.4452,3.36445,3.2913,3.28015,2.98215
2023-09-25,3.865,3.977,4.122,4.1497,3.80435,3.57105,3.4395,3.3713,3.3187,3.33035,3.0689
2023-09-26,3.843,3.941,4.09,4.13435,3.8038,3.5738,3.44695,3.38305,3.33165,3.34305,3.06665
2023-09-27,3.858,3.972,4.136,4.1557,3.81915,3.5924,3.4728,3.413,3.36015,3.368,3.0877
2023-09-28,3.845,3.955,4.125,4.17695,3.885,3.68585,3.5787,3.52895,3.48915,3.50335,3.1706
2023-09-29,3.847,3.952,4.125,4.1468,3.8047,3.57875,3.45995,3.4001,3.3596,3.37725,3.0808
2023-10-02,3.858,3.951,4.138,4.1565,3.82805,3.61615,3.5047,3.4527,3.4253,3.45685,3.1675
2023-10-03,3.872,3.964,4.128,4.1487,3.82435,3.6207,3.5183,3.47485,3.4618,3.50785,3.2136
2023-10-04,3.834,3.962,4.13,4.14295,3.80965,3.60835,3.50985,3.4698,3.45405,3.4966,3.18485
2023-10-05,3.825,3.972,4.125,4.1231,3.7664,3.5583,3.45315,3.4081,3.39395,3.43925,3.158
2023-10-06,3.863,3.983,4.113,4.1111,3.75215,3.5472,3.4465,3.4066,3.3995,3.4517,3.15955
2023-10-09,3.871,3.98,4.129,4.08305,3.67755,3.4587,3.35235,3.3089,3.2993,3.3493,3.08095
2023-10-10,3.864,3.988,4.112,4.08325,3.68895,3.47125,3.3689,3.32445,3.30935,3.35435,3.0793
2023-10-11,3.865,3.952,4.114,4.0984,3.71685,3.4913,3.3734,3.31435,3.27345,3.29395,2.9874
2023-10-12,3.872,3.965,4.121,4.126,3.77595,3.5542,3.43465,3.37355,3.33545,3.35775,3.04905
2023-10-13,3.86,3.985,4.121,4.1093,3.7464,3.51995,3.3966,3.3322,3.2889,3.30735,3.00685
2023-10-16,3.862,3.975,4.103,4.10535,3.7541,3.53555,3.41945,3.3623,3.32655,3.3531,3.06805
2023-10-17,3.845,3.972,4.118,4.1393,3.8201,3.61325,3.501,3.4466,3.4133,3.44145,3.1218
2023-10-18,3.864,3.993,4.143,4.1569,3.84105,3.6391,3.5264,3.4717,3.44215,3.47415,3.15955
2023-10-19,3.855,4.002,4.126,4.149,3.84645,3.65145,3.54085,3.48955,3.4602,3.49085,3.1597
2023-10-20,3.863,3.969,4.107,4.10115,3.7647,3.56695,3.4674,3.4265,3.4133,3.46155,3.1695
2023-10-23,3.861,3.956,4.096,4.10175,3.75865,3.5572,3.457,3.4147,3.39605,3.43825,3.133
2023-10-24,3.842,3.941,4.102,4.08245,3.72185,3.51075,3.40815,3.3673,3.35105,3.3963,3.11525
2023-10-25,3.845,3.938,4.092,4.0779,3.727,3.52025,3.4241,3.389,3.38335,3.4382,3.1689
2023-10-26,3.883,3.952,4.105,4.056,3.6691,3.4578,3.3668,3.33615,3.33735,3.39945,3.149
2023-10-27,3.868,3.948,4.102,4.0364,3.6287,3.4123,3.32185,3.2931,3.30375,3.3733,3.15455
2023-10-30,3.893,3.968,4.109,4.0205,3.60575,3.39515,3.3071,3.2813,3.29745,3.3731,3.1466
2023-10-31,3.876,3.972,4.092,4.009,3.5888,3.3707,3.2791,3.25085,3.26655,3.34235,3.12635
2023-11-01,3.893,3.953,4.081,3.9842,3.5347,3.30725,3.2181,3.1925,3.21045,3.2892,3.0965
2023-11-02,3.883,3.974,4.072,3.97635,3.5259,3.2941,3.19715,3.1655,3.16955,3.23295,3.02965
2023-11-03,3.877,3.956,4.062,3.96355,3.49675,3.25245,3.14385,3.1015,3.09465,3.14865,2.94245
2023-11-06,3.86,3.963,4.066,3.97875,3.5312,3.3003,3.2007,3.1657,3.16405,3.224,3.00575
2023-11-07,3.85,3.966,4.072,3.9697,3.51605,3.28,3.1699,3.1252,3.11085,3.1587,2.90635
2023-11-08,3.858,3.973,4.066,3.97395,3.5199,3.27745,3.1591,3.10475,3.07505,3.10385,2.8241
2023-11-09,3.838,3.987,4.055,3.96895,3.52395,3.2866,3.1724,3.12345,3.1019,3.139,2.8875
2023-11-10,3.834,3.992,4.074,3.99465,3.564,3.33075,3.21975,3.1722,3.1461,3.17825,2.90855
2023-11-13,3.819,4.002,4.085,4.0112,3.58655,3.35605,3.2414,3.1896,3.16095,3.19035,2.92025
2023-11-14,3.822,3.997,4.097,3.97355,3.50825,3.26105,3.1406,3.08415,3.0524,3.0817,2.8332
2023-11-15,3.791,3.994,4.076,3.97215,3.51865,3.2741,3.1579,3.10805,3.08105,3.115,2.8837
2023-11-16,3.839,4.002,4.071,3.9389,3.4649,3.21805,3.10195,3.0517,3.03345,3.07625,2.85795
2023-11-17,3.819,3.984,4.064,3.95125,3.48195,3.2355,3.11905,3.0681,3.04285,3.07785,2.8416
2023-11-20,3.822,3.962,4.058,3.96165,3.50535,3.26125,3.143,3.0889,3.05895,3.0906,2.83675
2023-11-21,3.815,3.973,4.07,3.9534,3.47535,3.21955,3.09435,3.0338,3.0008,3.02975,2.7804
2023-11-22,3.818,3.962,4.063,3.96985,3.51215,3.25715,3.13075,3.0702,3.0278,3.04765,2.79
2023-11-23,3.835,3.956,4.062,3.9864,3.5525,3.3083,3.18555,3.129,3.089,3.1078,2.83355
2023-11-24,3.805,3.935,4.074,3.9931,3.56535,3.32135,3.1996,3.1425,3.10405,3.1221,2.85055
2023-11-27,3.848,3.951,4.05,3.9426,3.4807,3.22605,3.10215,3.04475,3.0123,3.0391,2.8034
2023-11-28,3.847,3.955,4.026,3.8997,3.41625,3.15865,3.03895,2.9838,2.95505,2.98695,2.78325
2023-11-29,3.854,3.975,4.05,3.85985,3.33735,3.077,2.95875,2.90655,2.8859,2.9267,2.7319
2023-11-30,3.868,3.964,4.029,3.83655,3.3251,3.0803,2.9704,2.92445,2.90805,2.9489,2.7455
2023-12-01,3.869,3.96,4.004,3.7004,3.15175,2.9217,2.82825,2.79765,2.79815,2.85625,2.69545
2023-12-04,3.855,3.962,3.945,3.6839,3.1426,2.91395,2.81745,2.7832,2.7795,2.8305,2.65015
2023-12-05,3.865,3.958,3.953,3.6414,3.0752,2.83815,2.73755,2.69995,2.6859,2.723,2.5112
2023-12-06,3.859,3.95,3.95,3.64445,3.0764,2.83375,2.72795,2.6842,2.66705,2.7006,2.4776
2023-12-07,3.872,3.969,3.948,3.637,3.06115,2.8113,2.70305,2.6588,2.6443,2.6824,2.4729
2023-12-08,3.853,3.95,3.935,3.67565,3.12775,2.8809,2.7727,2.7266,2.708,2.73975,2.5046
2023-12-11,3.858,3.958,3.955,3.68765,3.13615,2.8893,2.7816,2.7357,2.71585,2.7468,2.50885
2023-12-12,3.862,3.928,3.96,3.69215,3.14745,2.89345,2.77135,2.71325,2.68105,2.70085,2.45605
2023-12-13,3.833,3.925,3.945,3.65065,3.08595,2.83245,2.71215,2.65525,2.6224,2.64435,2.40885
2023-12-14,3.844,3.932,3.938,3.5899,2.98885,2.7353,2.62595,2.58095,2.5634,2.6008,2.4051
2023-12-15,3.853,3.92,3.912,3.5376,2.9126,2.6484,2.5318,2.48145,2.45575,2.4851,2.2828
2023-12-18,3.859,3.938,3.904,3.57065,2.9546,2.69825,2.58295,2.5315,2.51015,2.54295,2.34975
2023-12-19,3.853,3.923,3.922,3.56175,2.9302,2.66475,2.5464,2.49415,2.46615,2.49065,2.29735
2023-12-20,3.859,3.916,3.924,3.53995,2.89055,2.6227,2.50365,2.4519,2.4266,2.45265,2.25245
2023-12-21,3.876,3.916,3.899,3.51285,2.8566,2.59355,2.4738,2.4221,2.4015,2.43395,2.2518
2023-12-22,3.865,3.931,3.895,3.49195,2.82765,2.5654,2.45375,2.40935,2.4038,2.4514,2.2876
2023-12-26,3.865,3.931,3.895,3.4933,2.8374,2.5765,2.462,2.417,2.4117,2.459,2.3032
2023-12-27,3.843,3.925,3.885,3.4746,2.80755,2.5388,2.4193,2.36655,2.3503,2.3866,2.21515
2023-12-28,3.872,3.893,3.877,3.44785,2.778,2.5143,2.41255,2.37645,2.36995,2.41495,2.2552
2023-12-29,3.845,3.909,3.861,3.4572,2.80395,2.55725,2.463,2.43245,2.4391,2.49625,2.3333
2024-01-02,3.856,3.905,3.861,3.4695,2.8285,2.5809,2.4859,2.4544,2.4578,2.51335,2.3564
2024-01-03,3.865,3.929,3.882,3.4654,2.8012,2.5438,2.4439,2.4063,2.4079,2.4631,2.31585
2024-01-04,3.858,3.922,3.873,3.515,2.89455,2.64785,2.548,2.51125,2.5041,2.55045,2.37715
2024-01-05,3.878,3.936,3.912,3.55655,2.9452,2.6988,2.6002,2.5619,2.5499,2.5907,2.4032
2024-01-08,3.871,3.925,3.929,3.5516,2.92345,2.67535,2.57305,2.532,2.52575,2.5712,2.385
2024-01-09,3.867,3.928,3.891,3.55885,2.9758,2.73965,2.6412,2.6034,2.596,2.6408,2.44745
2024-01-10,3.877,3.936,3.902,3.58375,3.0074,2.76915,2.66725,2.62645,2.61625,2.65695,2.4524
2024-01-11,3.88,3.942,3.92,3.5742,2.99335,2.75865,2.6592,2.6205,2.61035,2.65155,2.46225
2024-01-12,3.893,3.932,3.896,3.49255,2.8823,2.6497,2.56295,2.5346,2.53805,2.5912,2.42685
2024-01-15,3.868,3.928,3.874,3.5148,2.9177,2.69125,2.60425,2.57455,2.575,2.6255,2.4552
2024-01-16,3.894,3.894,3.867,3.50385,2.90395,2.68055,2.5932,2.56595,2.57315,2.6317,2.4631
2024-01-17,3.875,3.903,3.862,3.5706,3.00485,2.78915,2.6983,2.6614,2.6505,2.68955,2.4656
2024-01-18,3.869,3.97,3.928,3.5935,3.0095,2.79435,2.7079,2.67725,2.67265,2.7173,2.49185
2024-01-19,3.854,3.958,3.908,3.6108,3.0519,2.83745,2.74685,2.7093,2.6913,2.72165,2.472
2024-01-22,3.859,3.945,3.925,3.604,3.01935,2.79645,2.7019,2.6635,2.6454,2.67775,2.44225
2024-01-23,3.869,3.948,3.944,3.61875,3.04555,2.828,2.73815,2.70315,2.696,2.7368,2.5159
2024-01-24,3.862,3.929,3.922,3.60605,3.0417,2.8251,2.7328,2.6947,2.6859,2.72535,2.51085
2024-01-25,3.868,3.925,3.911,3.54245,2.9541,2.73735,2.653,2.6221,2.6232,2.6726,2.48715
2024-01-26,3.871,3.887,3.873,3.5233,2.953,2.74325,2.65955,2.62805,2.6293,2.67995,2.49995
2024-01-29,3.853,3.912,3.866,3.49185,2.8994,2.6856,2.6009,2.571,2.57475,2.62825,2.4596
2024-01-30,3.854,3.897,3.836,3.5067,2.9432,2.73125,2.64565,2.6153,2.61525,2.6637,2.4879
2024-01-31,3.877,3.905,3.835,3.45315,2.86905,2.6508,2.55365,2.51405,2.5162,2.5665,2.3968
2024-02-01,3.873,3.884,3.832,3.46305,2.86275,2.63375,2.5373,2.4985,2.49315,2.53925,2.357
2024-02-02,3.864,3.9,3.837,3.5475,2.9761,2.7456,2.6495,2.60925,2.5949,2.63185,2.42475
2024-02-05,3.887,3.922,3.905,3.61095,3.0555,2.832,2.7362,2.69635,2.68155,2.71795,2.4979
2024-02-06,3.893,3.932,3.922,3.5994,3.03805,2.80715,2.7061,2.66205,2.64505,2.6808,2.47565
2024-02-07,3.874,3.895,3.899,3.59705,3.0472,2.81875,2.71695,2.6724,2.65435,2.69135,2.4883
2024-02-08,3.873,3.898,3.888,3.61855,3.0855,2.86635,2.76745,2.72415,2.70435,2.73575,2.51995
2024-02-09,3.835,3.891,3.898,3.63965,3.1204,2.90495,2.80665,2.7626,2.73415,2.75635,2.51995
2024-02-12,3.882,3.912,3.908,3.6261,3.0962,2.88225,2.78505,2.74135,2.715,2.73925,2.5119
2024-02-13,3.862,3.901,3.882,3.65145,3.1473,2.92845,2.825,2.77505,2.7409,2.7564,2.5003
2024-02-14,3.871,3.922,3.903,3.64405,3.12345,2.8951,2.7849,2.72995,2.6942,2.708,2.46875
2024-02-15,3.877,3.915,3.925,3.65515,3.1307,2.9031,2.7913,2.7355,2.6974,2.71335,2.47835
2024-02-16,3.881,3.933,3.895,3.6752,3.1861,2.9632,2.8489,2.78755,2.7436,2.7521,2.49335
2024-02-19,3.851,3.932,3.915,3.6824,3.1814,2.9586,2.8437,2.78425,2.74555,2.76115,2.5206
2024-02-20,3.895,3.943,3.928,3.6604,3.1455,2.91715,2.80215,2.743,2.7066,2.72465,2.49055
2024-02-21,3.886,3.946,3.911,3.6811,3.19335,2.9719,2.8595,2.8023,2.76145,2.7741,2.5214
2024-02-22,3.864,3.945,3.907,3.7083,3.23555,3.009,2.8892,2.8247,2.76905,2.7661,2.48825
2024-02-23,3.851,3.933,3.914,3.69245,3.19725,2.9606,2.8342,2.76505,2.7082,2.70555,2.4409
2024-02-26,3.843,3.952,3.901,3.7162,3.24825,3.0179,2.8903,2.81945,2.76375,2.7644,2.49515
2024-02-27,3.855,3.952,3.918,3.7254,3.25685,3.0301,2.9064,2.84,2.78615,2.78875,2.51735
2024-02-28,3.856,3.942,3.915,3.70995,3.2545,3.0308,2.91015,2.843,2.7868,2.787,2.50105
2024-02-29,3.865,3.937,3.908,3.69445,3.22875,2.9984,2.8686,2.7918,2.7277,2.7178,2.4256
2024-03-01,3.817,3.938,3.912,3.698,3.22335,2.9895,2.86285,2.7894,2.72795,2.71945,2.42825
2024-03-04,3.839,3.932,3.915,3.7003,3.222,2.9777,2.84765,2.77045,2.7051,2.6936,2.41435
2024-03-05,3.868,3.926,3.921,3.68175,3.1822,2.9306,2.79205,2.7118,2.63865,2.6192,2.33725
2024-03-06,3.865,3.942,3.902,3.6759,3.1865,2.93435,2.7968,2.7159,2.64205,2.6234,2.34765
2024-03-07,3.868,3.929,3.912,3.6609,3.1531,2.9004,2.7661,2.6886,2.61865,2.60525,2.33435
2024-03-08,3.878,3.94,3.902,3.61905,3.0827,2.82445,2.69075,2.618,2.56025,2.56095,2.31855
2024-03-11,3.871,3.928,3.892,3.6343,3.1083,2.8506,2.71875,2.64585,2.5842,2.5801,2.33225
2024-03-12,3.847,3.929,3.905,3.6609,3.1464,2.88965,2.75195,2.67205,2.6031,2.59255,2.33205
2024-03-13,3.859,3.94,3.892,3.66235,3.1713,2.91635,2.77815,2.69825,2.63035,2.62085,2.3677
2024-03-14,3.843,3.928,3.903,3.67345,3.2102,2.9713,2.8373,2.75975,2.6901,2.6778,2.41485
2024-03-15,3.862,3.928,3.908,3.69535,3.2406,3.00295,2.8688,2.78905,2.717,2.7005,2.42455
2024-03-18,3.855,3.928,3.915,3.705,3.25095,3.0128,2.8807,2.80295,2.73295,2.7183,2.44525
2024-03-19,3.862,3.935,3.909,3.68565,3.2204,2.984,2.8526,2.7774,2.7123,2.70295,2.444
2024-03-20,3.862,3.922,3.906,3.6872,3.2394,3.0026,2.86795,2.78935,2.7197,2.70895,2.44215
2024-03-21,3.848,3.926,3.902,3.65875,3.1942,2.9563,2.82405,2.74915,2.6862,2.6834,2.4292
2024-03-22,3.853,3.903,3.874,3.6257,3.1426,2.8962,2.76435,2.68785,2.62285,2.6184,2.36425
2024-03-25,3.842,3.886,3.855,3.64075,3.18795,2.94825,2.8138,2.7348,2.6667,2.65825,2.3904
2024-03-26,3.83,3.902,3.858,3.6348,3.17615,2.93495,2.79925,2.7194,2.64935,2.6393,2.37465
2024-03-27,3.835,3.908,3.862,3.6145,3.1399,2.89205,2.7518,2.66935,2.5992,2.5892,2.3318
2024-03-28,3.855,3.892,3.851,3.61215,3.13635,2.88865,2.7443,2.6576,2.58475,2.57425,2.31435
2024-03-29,3.855,3.892,3.851,3.61395,3.14235,2.89385,2.7506,2.66405,2.5915,2.58135,2.3212
2024-04-01,3.855,3.892,3.851,3.614,3.1423,2.8938,2.7506,2.6641,2.5915,2.5814,2.3212
2024-04-02,3.855,3.883,3.842,3.6027,3.145,2.92155,2.79785,2.72925,2.6784,2.68895,2.448
2024-04-03,3.852,3.857,3.822,3.60785,3.1656,2.9391,2.8101,2.73565,2.67965,2.68485,2.44
2024-04-04,3.877,3.891,3.844,3.6135,3.1583,2.91955,2.78435,2.7053,2.64185,2.6395,2.39335
2024-04-05,3.888,3.885,3.834,3.6165,3.18105,2.9511,2.8217,2.74665,2.687,2.68835,2.43725
2024-04-08,3.877,3.902,3.846,3.63995,3.22255,2.9971,2.8669,2.7892,2.72295,2.71595,2.4449
2024-04-09,3.837,3.916,3.868,3.6376,3.1957,2.9587,2.8193,2.73405,2.6585,2.6444,2.37365
2024-04-10,3.854,3.912,3.83,3.65465,3.25625,3.0296,2.8895,2.80315,2.72415,2.7044,2.41055
2024-04-11,3.879,3.906,3.862,3.6879,3.2931,3.0712,2.93555,2.85375,2.77755,2.7615,2.4561
2024-04-12,3.836,3.923,3.865,3.63505,3.19915,2.9675,2.8325,2.75315,2.68215,2.67095,2.3912
2024-04-15,3.846,3.888,3.82,3.62785,3.2287,3.01445,2.88645,2.81005,2.74315,2.73635,2.4542
2024-04-16,3.855,3.904,3.842,3.6565,3.28515,3.081,2.9568,2.883,2.81895,2.81305,2.518
2024-04-17,3.828,3.895,3.842,3.66255,3.28525,3.0749,2.94635,2.86755,2.7962,2.78225,2.4847
2024-04-18,3.855,3.897,3.843,3.67075,3.30735,3.09835,2.96665,2.88415,2.8093,2.7922,2.4879
2024-04-19,3.837,3.892,3.846,3.6831,3.32565,3.1182,2.98765,2.90625,2.82675,2.80485,2.4876
2024-04-22,3.819,3.891,3.85,3.66295,3.2991,3.09435,2.9671,2.88855,2.8177,2.80385,2.50675
2024-04-23,3.815,3.882,3.844,3.66595,3.30315,3.0991,2.9729,2.8946,2.8264,2.81545,2.52575
2024-04-24,3.852,3.879,3.833,3.6798,3.33895,3.1456,3.02645,2.95575,2.89335,2.88825,2.59875
2024-04-25,3.862,3.864,3.825,3.69975,3.37485,3.18205,3.0634,2.99205,2.92835,2.921,2.6167
2024-04-26,3.848,3.865,3.835,3.69765,3.35915,3.1537,3.02595,2.9463,2.87535,2.8613,2.5623
2024-04-29,3.858,3.835,3.815,3.6654,3.31645,3.1093,2.9777,2.89535,2.8215,2.8067,2.5055
2024-04-30,3.873,3.825,3.795,3.6868,3.37835,3.1785,3.0436,2.9563,2.8763,2.85445,2.5325
2024-05-01,3.873,3.825,3.795,3.6903,3.3845,3.18455,3.0513,2.96535,2.88425,2.86055,2.5366
2024-05-02,3.877,3.853,3.828,3.69005,3.3574,3.15395,3.0183,2.93055,2.8502,2.8279,2.50465
2024-05-03,3.865,3.827,3.802,3.6483,3.29375,3.0875,2.9597,2.879,2.80535,2.79105,2.48575
2024-05-06,3.852,3.824,3.791,3.63355,3.2709,3.05945,2.931,2.8509,2.7768,2.7628,2.4668
2024-05-07,3.875,3.788,3.802,3.6374,3.2579,3.03595,2.8973,2.80815,2.72635,2.70665,2.413
2024-05-08,3.87,3.814,3.795,3.64305,3.2834,3.0675,2.93195,2.8452,2.76515,2.74715,2.45255
2024-05-09,3.862,3.806,3.802,3.6457,3.28765,3.077,2.94645,2.86455,2.78995,2.7773,2.49725
2024-05-10,3.856,3.818,3.789,3.65575,3.3153,3.10765,2.97565,2.8923,2.814,2.7968,2.5126
2024-05-13,3.828,3.828,3.8,3.6484,3.29505,3.08425,2.95235,2.86885,2.7925,2.7794,2.4995
2024-05-14,3.838,3.824,3.799,3.66155,3.3151,3.1095,2.9809,2.90005,2.82455,2.8113,2.5252
2024-05-15,3.83,3.816,3.798,3.62575,3.24035,3.0166,2.87965,2.79385,2.7163,2.70345,2.4349
2024-05-16,3.817,3.826,3.795,3.6335,3.2621,3.0418,2.90615,2.82155,2.7405,2.7222,2.45435
2024-05-17,3.799,3.83,3.791,3.6602,3.31725,3.1053,2.9706,2.88495,2.80305,2.7842,2.50695
2024-05-20,3.807,3.822,3.787,3.65845,3.32405,3.1168,2.98525,2.90065,2.8209,2.80265,2.5257
2024-05-21,3.785,3.823,3.784,3.6503,3.3047,3.0933,2.95975,2.874,2.79365,2.77205,2.4991
2024-05-22,3.797,3.819,3.784,3.6678,3.33765,3.12505,2.98955,2.90375,2.8199,2.7954,2.5132
2024-05-23,3.805,3.801,3.783,3.69645,3.4055,3.20165,3.06355,2.9733,2.87985,2.845,2.5316
2024-05-24,3.792,3.808,3.78,3.69955,3.4068,3.197,3.0546,2.9608,2.867,2.8327,2.51905
2024-05-27,3.792,3.8,3.775,3.67395,3.36695,3.1568,3.01735,2.9266,2.8349,2.8038,2.50695
2024-05-28,3.764,3.785,3.749,3.6636,3.3724,3.1706,3.03515,2.94805,2.8626,2.83555,2.533
2024-05-29,3.772,3.794,3.768,3.67715,3.40855,3.2213,3.09755,3.0188,2.93995,2.9199,2.6168
2024-05-30,3.75,3.788,3.759,3.6653,3.38525,3.1985,3.0731,2.9927,2.911,2.88525,2.5901
2024-05-31,3.717,3.785,3.745,3.66655,3.3825,3.19135,3.0632,2.97875,2.89655,2.8694,2.5694
2024-06-03,3.69,3.782,3.755,3.64935,3.33625,3.1312,3.00455,2.9226,2.8412,2.8164,2.52835
2024-06-04,3.666,3.772,3.756,3.6362,3.3055,3.09485,2.9643,2.8826,2.80225,2.78035,2.4945
2024-06-05,3.676,3.752,3.738,3.6123,3.27835,3.06495,2.9314,2.8451,2.7641,2.74125,2.4572
2024-06-06,3.688,3.755,3.744,3.6342,3.3169,3.11145,2.98055,2.897,2.8156,2.7916,2.49655
2024-06-07,3.679,3.759,3.735,3.6569,3.3697,3.1776,3.0488,2.9646,2.8788,2.84695,2.53585
2024-06-10,3.654,3.743,3.748,3.6738,3.39445,3.21145,3.09265,3.01655,2.94045,2.91825,2.6111
2024-06-11,3.613,3.739,3.751,3.65665,3.35615,3.17105,3.05395,2.9794,2.9065,2.88715,2.5868
2024-06-12,3.63,3.72,3.748,3.62295,3.2924,3.09625,2.97375,2.89505,2.822,2.80475,2.51225
2024-06-13,3.599,3.719,3.743,3.6125,3.2733,3.0778,2.95705,2.88215,2.81585,2.80495,2.51765
2024-06-14,3.579,3.715,3.735,3.5743,3.201,2.9925,2.87375,2.8029,2.73245,2.71675,2.38825
2024-06-17,3.602,3.711,3.711,3.56815,3.2132,3.01515,2.90015,2.83125,2.7686,2.7584,2.43675
2024-06-18,3.606,3.717,3.695,3.5497,3.1812,2.98165,2.86405,2.79265,2.73165,2.723,2.41345
2024-06-19,3.608,3.712,3.695,3.55425,3.19565,2.9968,2.8799,2.80775,2.7456,2.73565,2.4204
2024-06-20,3.598,3.7,3.689,3.55385,3.2092,3.0174,2.9056,2.83835,2.77525,2.76345,2.45505
2024-06-21,3.6,3.686,3.691,3.5387,3.1839,2.9922,2.8832,2.81885,2.76395,2.7602,2.4701
2024-06-24,3.622,3.682,3.661,3.52,3.17935,2.99195,2.88435,2.82075,2.76795,2.7659,2.48885
2024-06-25,3.642,3.698,3.671,3.5215,3.1774,2.98965,2.88045,2.81575,2.7606,2.7569,2.4746
2024-06-26,3.646,3.722,3.672,3.52315,3.19365,3.01325,2.9092,2.84885,2.7965,2.7952,2.51135
2024-06-27,3.664,3.695,3.678,3.52695,3.19715,3.0179,2.91445,2.8542,2.80455,2.80545,2.5142
2024-06-28,3.632,3.711,3.682,3.5343,3.20705,3.0325,2.9309,2.87115,2.82325,2.82615,2.53285
2024-07-01,3.655,3.709,3.678,3.5539,3.2478,3.0824,2.9874,2.93235,2.8865,2.88995,2.60225
2024-07-02,3.654,3.714,3.676,3.54135,3.22315,3.06115,2.97045,2.91995,2.8771,2.8831,2.6088
2024-07-03,3.635,3.705,3.678,3.5398,3.2114,3.0337,2.92925,2.8678,2.81435,2.81005,2.5333
2024-07-04,3.624,3.708,3.683,3.5547,3.2403,3.06755,2.96485,2.904,2.85095,2.8471,2.5607
2024-07-05,3.635,3.712,3.678,3.53115,3.1967,3.01435,2.91285,2.8539,2.80375,2.8024,2.5297
2024-07-08,3.628,3.699,3.675,3.53115,3.1973,3.0134,2.90805,2.8442,2.79175,2.7886,2.52185
2024-07-09,3.615,3.708,3.668,3.53495,3.21325,3.03835,2.93705,2.8775,2.8272,2.8287,2.55655
2024-07-10,3.598,3.704,3.683,3.5314,3.19045,3.00705,2.90295,2.84125,2.78795,2.78635,2.5186
