date,sofr1m,sofr3m,sofr6m,sofr1y,sofr2y,sofr3y,sofr4y,sofr5y,sofr7y,sofr10y,sofr30y
2020-11-02,0.083,0.0819,0.0765,0.06665,0.054,0.07175,0.1265,0.20545,0.3855,0.60855,0.99655
2020-11-03,0.0882,0.087,0.08,0.07015,0.0614,0.08345,0.1444,0.231,0.422,0.65625,1.0509
2020-11-04,0.08985,0.08625,0.0805,0.07,0.04965,0.05925,0.10035,0.17,0.33985,0.553,0.9545
2020-11-05,0.0924,0.091,0.0815,0.0705,0.05595,0.07325,0.11975,0.19,0.36,0.5805,0.97975
2020-11-06,0.0965,0.0852,0.0825,0.07485,0.064,0.0823,0.138,0.213,0.38665,0.607,1.00305
2020-11-09,0.087,0.08545,0.084,0.0831,0.08395,0.115,0.18895,0.2835,0.48465,0.73045,1.15465
2020-11-10,0.0915,0.09,0.0835,0.07885,0.082,0.11325,0.18335,0.279,0.477,0.71745,1.1395
2020-11-11,0.0895,0.09,0.084,0.0819,0.074,0.108,0.189,0.288,0.491,0.965,1.142
2020-11-12,0.0885,0.088,0.083,0.077,0.0801,0.10435,0.16055,0.24325,0.4289,0.662,1.08
2020-11-13,0.085,0.08885,0.082,0.07495,0.0752,0.1019,0.1555,0.2354,0.4149,0.645,1.0484
2020-11-16,0.0855,0.0857,0.0818,0.077,0.081,0.11,0.1673,0.25,0.43015,0.6625,1.0746
2020-11-17,0.083,0.0868,0.08145,0.0768,0.076,0.09995,0.15075,0.2265,0.406,0.6335,1.03605
2020-11-18,0.08,0.0824,0.0789,0.075,0.0797,0.10435,0.15855,0.23795,0.412,0.63435,1.036
2020-11-19,0.0796,0.075,0.07215,0.069,0.074,0.09995,0.15465,0.229,0.40375,0.62315,1.01175
2020-11-20,0.069,0.06955,0.0645,0.06195,0.0676,0.096,0.15295,0.2288,0.39395,0.6071,0.9906
2020-11-23,0.0705,0.07005,0.0665,0.0642,0.072,0.10215,0.16,0.24,0.40635,0.6207,0.99375
2020-11-24,0.0668,0.0701,0.0665,0.065,0.074,0.10465,0.16505,0.24605,0.42165,0.645,1.0268
2020-11-25,0.064,0.06945,0.068,0.06575,0.07065,0.09645,0.1548,0.2327,0.414,0.6405,1.03975
2020-11-26,0.073,0.072,0.069,0.0665,0.067,0.1015,0.161,0.243,0.424,0.652,1.054
2020-11-27,0.078,0.0714,0.069,0.06615,0.07115,0.0955,0.15015,0.22675,0.399,0.62055,1.015
2020-11-30,0.07675,0.0711,0.068,0.06765,0.07135,0.0955,0.14685,0.22415,0.39985,0.624,1.0154
2020-12-01,0.077,0.07,0.0675,0.0695,0.0844,0.1235,0.1941,0.2815,0.4726,0.7075,1.1166
2020-12-02,0.07675,0.073,0.06975,0.0694,0.0832,0.1192,0.1895,0.28265,0.4854,0.732,1.16075
2020-12-03,0.0733,0.0718,0.067,0.066,0.08035,0.11795,0.185,0.2745,0.4695,0.71,1.13455
2020-12-04,0.0785,0.0684,0.0645,0.0642,0.0833,0.125,0.19705,0.29685,0.5054,0.759,1.1996
2020-12-07,0.068,0.0627,0.0595,0.06,0.07435,0.104,0.16765,0.255,0.45445,0.70235,1.14215
2020-12-08,0.07,0.0639,0.0597,0.0615,0.075,0.1041,0.1605,0.245,0.441,0.6887,1.1343
2020-12-09,0.0695,0.0606,0.0592,0.0628,0.08045,0.11625,0.17945,0.271,0.47555,0.7288,1.17285
2020-12-10,0.0705,0.06,0.0588,0.06105,0.07185,0.1033,0.1694,0.2619,0.464,0.7155,1.15785
2020-12-11,0.0623,0.0566,0.0535,0.0549,0.06225,0.08895,0.1451,0.225,0.41865,0.657,1.0687
2020-12-14,0.069,0.0603,0.0558,0.0554,0.06645,0.0955,0.1548,0.239,0.434,0.68195,1.11825
2020-12-15,0.06505,0.05935,0.05605,0.0554,0.06495,0.101,0.16725,0.252,0.4527,0.7013,1.134
2020-12-16,0.0707,0.06555,0.05775,0.05505,0.0654,0.0977,0.162,0.251,0.4498,0.7012,1.1425
2020-12-17,0.077,0.066,0.0572,0.058,0.0632,0.10015,0.16375,0.2517,0.4478,0.6992,1.1383
2020-12-18,0.07005,0.0644,0.058,0.0567,0.06285,0.099,0.1635,0.2565,0.46235,0.72095,1.17225
2020-12-21,0.0649,0.07,0.05605,0.0571,0.0643,0.098,0.1675,0.2585,0.46295,0.7185,1.16335
2020-12-22,0.081,0.06965,0.061,0.06,0.064,0.09875,0.16655,0.2575,0.46085,0.71545,1.153
2020-12-23,0.0745,0.0633,0.0565,0.05805,0.0672,0.104,0.1802,0.2764,0.488,0.757,1.2142
2020-12-24,0.0775,0.07,0.0586,0.058,0.06555,0.101,0.1695,0.2635,0.46915,0.72875,1.177
2020-12-28,0.0795,0.0667,0.0593,0.05965,0.0696,0.107,0.1805,0.278,0.4864,0.7505,1.2024
2020-12-29,0.078,0.0657,0.05995,0.05895,0.06895,0.10245,0.17425,0.26955,0.47645,0.73875,1.19425
2020-12-30,0.0626,0.0618,0.0568,0.05875,0.06595,0.0965,0.1681,0.26265,0.47145,0.733,1.19525
2020-12-31,0.06975,0.06205,0.057,0.0595,0.06325,0.096,0.1555,0.24595,0.45305,0.70935,1.16615
2021-01-04,0.0705,0.06135,0.056,0.05655,0.05985,0.0865,0.14845,0.241,0.44535,0.7001,1.1511
2021-01-05,0.0688,0.065,0.0582,0.05115,0.057,0.087,0.151,0.24325,0.46,0.723,1.18865
2021-01-06,0.0775,0.07025,0.063,0.063,0.06925,0.114,0.1955,0.30645,0.5433,0.8177,1.30025
2021-01-07,0.076,0.0676,0.065,0.068,0.0816,0.13,0.2215,0.339,0.58,0.8645,1.34305
2021-01-08,0.0696,0.068,0.064,0.066,0.084,0.1435,0.25,0.376,0.62565,0.907,1.3772
2021-01-11,0.073,0.0668,0.0615,0.0638,0.08035,0.14225,0.2512,0.38405,0.6373,0.91815,1.37465
2021-01-12,0.0765,0.0698,0.06545,0.0685,0.087,0.15625,0.2738,0.4105,0.676,0.96005,1.407
2021-01-13,0.0735,0.0696,0.0655,0.0677,0.08455,0.14395,0.2502,0.3802,0.62955,0.89935,1.3558
2021-01-14,0.0725,0.06975,0.06575,0.0665,0.07685,0.12905,0.2293,0.352,0.6029,0.8805,1.33695
2021-01-15,0.0693,0.0679,0.0637,0.064,0.0725,0.1235,0.22065,0.342,0.5979,0.8784,1.34765
2021-01-18,0.0694,0.065,0.063,0.064,0.072,0.1245,0.219,0.338,0.588,0.8687,1.338
2021-01-19,0.0701,0.0676,0.062,0.0644,0.0715,0.121,0.218,0.34255,0.596,0.8775,1.33725
2021-01-20,0.0705,0.0678,0.0625,0.0645,0.071,0.1203,0.21635,0.33895,0.5925,0.8783,1.33545
2021-01-21,0.063,0.0594,0.0551,0.0565,0.06455,0.1135,0.2129,0.335,0.5943,0.88065,1.34055
2021-01-22,0.0611,0.0585,0.054,0.054,0.0634,0.111,0.21,0.3322,0.59065,0.8784,1.34795
2021-01-25,0.0625,0.0584,0.054,0.0545,0.0633,0.107,0.1918,0.30795,0.56015,0.84225,1.30575
2021-01-26,0.0525,0.045,0.04795,0.05065,0.0628,0.1055,0.19765,0.315,0.565,0.847,1.30875
2021-01-27,0.0475,0.04465,0.0436,0.0475,0.05675,0.102,0.18155,0.29545,0.54055,0.8168,1.27185
2021-01-28,0.051,0.0479,0.0455,0.0555,0.066,0.114,0.20885,0.32925,0.583,0.8634,1.3133
2021-01-29,0.0375,0.0391,0.0418,0.05115,0.0629,0.10995,0.21,0.33525,0.60095,0.89175,1.34735
2021-02-01,0.0425,0.0421,0.043,0.0497,0.05515,0.104,0.20195,0.3265,0.58955,0.8771,1.338
2021-02-02,0.0425,0.042,0.0455,0.054,0.06235,0.116,0.21915,0.34905,0.622,0.91765,1.3735
2021-02-03,0.0435,0.04,0.046,0.0531,0.06335,0.11905,0.22925,0.36535,0.644,0.94435,1.4064
2021-02-04,0.0305,0.0416,0.0405,0.0491,0.06685,0.12575,0.2382,0.3795,0.6694,0.9806,1.45945
2021-02-05,0.027,0.0362,0.038,0.04845,0.0641,0.12625,0.2421,0.3866,0.68075,0.999,1.48435
2021-02-08,0.0245,0.0338,0.0405,0.05055,0.0665,0.13125,0.249,0.3935,0.68545,1.00335,1.48965
2021-02-09,0.028,0.036,0.0412,0.0505,0.0659,0.1313,0.244,0.3845,0.671,0.984,1.46655
2021-02-10,0.0295,0.03325,0.0363,0.045,0.0623,0.126,0.243,0.3828,0.672,0.98475,1.46975
2021-02-11,0.02,0.0334,0.039,0.04745,0.0614,0.12405,0.24025,0.37795,0.6663,0.984,1.47465
2021-02-12,0.028,0.035,0.03705,0.04675,0.0636,0.12955,0.24995,0.3945,0.6935,1.021,1.523
2021-02-15,0.0275,0.035,0.037,0.048,0.066,0.146,0.264,0.417,0.718,1.0529,1.551
2021-02-16,0.02,0.03315,0.0364,0.04895,0.0746,0.1625,0.306,0.4765,0.8,1.149,1.648
2021-02-17,0.0225,0.0329,0.0378,0.04815,0.0711,0.15375,0.30235,0.47245,0.78985,1.12415,1.5834
2021-02-18,0.0245,0.036,0.03805,0.0478,0.0708,0.1535,0.30305,0.474,0.78725,1.1215,1.5849
2021-02-19,0.0207,0.0325,0.03765,0.0488,0.07475,0.166,0.326,0.50695,0.834,1.175,1.65
2021-02-22,0.022,0.03195,0.04,0.0531,0.07855,0.18005,0.33895,0.5185,0.848,1.1895,1.6539
2021-02-23,0.03,0.0353,0.0418,0.0542,0.08,0.17355,0.3306,0.5098,0.84465,1.195,1.681
2021-02-24,0.0254,0.042,0.0481,0.06,0.07905,0.18,0.34185,0.522,0.856,1.20605,1.69305
2021-02-25,0.036,0.04915,0.0544,0.065,0.098,0.237,0.4167,0.605,0.933,1.2754,1.7315
2021-02-26,0.0317,0.0421,0.049,0.0596,0.114,0.2842,0.4974,0.6993,1.016,1.324,1.68685
2021-03-01,0.0315,0.0421,0.0498,0.06,0.096,0.234,0.4321,0.625,0.954,1.2745,1.6949
2021-03-02,0.03295,0.05,0.05185,0.05805,0.09,0.21625,0.406,0.592,0.9235,1.248,1.681
2021-03-03,0.0325,0.0421,0.0493,0.0604,0.10245,0.2435,0.44395,0.63885,0.98065,1.30845,1.73575
2021-03-04,0.0325,0.0432,0.0486,0.065,0.1015,0.239,0.435,0.62825,0.97805,1.312,1.74425
2021-03-05,0.03,0.04305,0.0481,0.0578,0.103,0.2707,0.48815,0.69905,1.05505,1.3795,1.74805
2021-03-08,0.0286,0.0385,0.0447,0.0566,0.1062,0.2765,0.50525,0.72145,1.072,1.38915,1.7633
2021-03-09,0.03025,0.03835,0.045,0.0555,0.10605,0.271,0.48525,0.68795,1.02055,1.32405,1.70675
2021-03-10,0.0316,0.0425,0.0465,0.05865,0.102,0.2598,0.472,0.6765,1.00895,1.31115,1.689
2021-03-11,0.0315,0.039,0.0477,0.06,0.1027,0.251,0.4579,0.65775,0.99225,1.3012,1.702
2021-03-12,0.0256,0.031,0.0431,0.0572,0.1058,0.2759,0.5012,0.716,1.06705,1.3875,1.794
2021-03-15,0.0255,0.0335,0.04615,0.06045,0.1067,0.269,0.4905,0.7004,1.0471,1.364,1.78225
2021-03-16,0.0263,0.0358,0.0496,0.0628,0.1045,0.25935,0.47585,0.68235,1.0319,1.354,1.801
2021-03-17,0.0318,0.038,0.0495,0.0619,0.1128,0.2795,0.507,0.72685,1.09465,1.4279,1.8546
2021-03-18,0.02125,0.0272,0.035,0.0495,0.10515,0.2685,0.51,0.74425,1.1299,1.47635,1.91985
2021-03-19,0.0112,0.0185,0.0271,0.0458,0.0966,0.256,0.4988,0.73395,1.12305,1.4675,1.89945
2021-03-22,0.0114,0.0165,0.02145,0.03795,0.0966,0.26355,0.5005,0.733,1.1105,1.4413,1.852
2021-03-23,0.0125,0.018,0.0272,0.0409,0.09445,0.2557,0.4835,0.7067,1.07475,1.402,1.81795
2021-03-24,0.0175,0.01875,0.026,0.0397,0.095,0.25245,0.4775,0.7028,1.0719,1.39855,1.807
2021-03-25,0.0175,0.02,0.0272,0.03685,0.0925,0.2472,0.4748,0.6974,1.06245,1.3886,1.8182
2021-03-26,0.0175,0.022,0.0294,0.0386,0.0936,0.2566,0.491,0.721,1.09185,1.4229,1.85715
2021-03-29,0.0203,0.022,0.0317,0.0445,0.0995,0.27145,0.51265,0.74845,1.1315,1.47,1.89325
2021-03-30,0.017,0.019,0.0285,0.0434,0.1078,0.2985,0.5559,0.80145,1.1793,1.50625,1.90615
2021-03-31,0.014,0.0185,0.029,0.043,0.1159,0.30255,0.55395,0.79415,1.1661,1.48895,1.882
2021-04-01,0.01575,0.02,0.02945,0.04325,0.111,0.2955,0.54385,0.7815,1.15065,1.4694,1.86075
2021-04-02,0.0146,0.0195,0.029,0.045,0.13325,0.342,0.605,0.85155,1.19775,1.491,1.859
2021-04-05,0.0152,0.0205,0.03,0.0437,0.1308,0.3351,0.594,0.8342,1.1937,1.49775,1.8778
2021-04-06,0.0169,0.0195,0.0298,0.0419,0.1141,0.2977,0.5397,0.76825,1.1235,1.43595,1.8157
2021-04-07,0.01625,0.0208,0.0276,0.0409,0.1057,0.28195,0.51645,0.7434,1.1048,1.41925,1.81095
2021-04-08,0.0182,0.02605,0.0352,0.0457,0.1041,0.2747,0.50615,0.73235,1.092,1.4069,1.81025
2021-04-09,0.023,0.0295,0.036,0.0473,0.11015,0.2897,0.52385,0.7517,1.11095,1.42485,1.82455
2021-04-12,0.0219,0.0295,0.0362,0.04605,0.11385,0.30365,0.543,0.7717,1.1296,1.442,1.845
2021-04-13,0.0229,0.03,0.0365,0.0486,0.1084,0.28315,0.51355,0.7355,1.092,1.40935,1.821
2021-04-14,0.0227,0.031,0.0383,0.04765,0.1119,0.28635,0.51215,0.72625,1.07305,1.38055,1.78465
2021-04-15,0.0314,0.03735,0.04335,0.0545,0.10665,0.26105,0.46615,0.6655,0.9895,1.28195,1.66535
2021-04-16,0.025,0.034,0.0403,0.0518,0.11115,0.2719,0.48495,0.6881,1.01935,1.32095,1.7244
2021-04-19,0.01955,0.0295,0.0372,0.0505,0.1057,0.25945,0.47275,0.67545,1.00955,1.31185,1.715
2021-04-20,0.0216,0.0305,0.0397,0.0511,0.103,0.2541,0.463,0.6622,0.9988,1.30235,1.70015
2021-04-21,0.0206,0.03,0.0394,0.0508,0.108,0.26425,0.4754,0.676,1.01285,1.3199,1.72805
2021-04-22,0.0225,0.03,0.039,0.051,0.1098,0.27005,0.483,0.683,1.015,1.317,1.7156
2021-04-23,0.02215,0.03,0.0376,0.0473,0.1108,0.2765,0.48755,0.6875,1.01455,1.31325,1.71025
2021-04-26,0.02315,0.031,0.0378,0.05095,0.1124,0.279,0.491,0.692,1.0133,1.30535,1.68855
2021-04-27,0.0234,0.0305,0.0389,0.0515,0.1166,0.28615,0.50665,0.7115,1.0358,1.33045,1.72
2021-04-28,0.02355,0.031,0.0395,0.0516,0.12,0.296,0.52665,0.7407,1.0779,1.3807,1.7584
2021-04-29,0.0244,0.03545,0.04195,0.054,0.12065,0.298,0.531,0.749,1.09905,1.4111,1.7964
2021-04-30,0.0228,0.03395,0.0412,0.052,0.1157,0.2865,0.51415,0.7268,1.072,1.379,1.77125
2021-05-03,0.0243,0.036,0.0423,0.0529,0.1145,0.278,0.497,0.7064,1.0498,1.3573,1.75045
2021-05-04,0.01935,0.03545,0.0435,0.0521,0.1137,0.2704,0.48225,0.68645,1.0225,1.32365,1.71415
2021-05-05,0.0186,0.0325,0.0387,0.049,0.11205,0.26615,0.48085,0.68625,1.0272,1.3327,1.727
2021-05-06,0.0154,0.02935,0.0369,0.046,0.10415,0.2588,0.4689,0.67,1.002,1.3013,1.696
2021-05-07,0.0156,0.0285,0.03555,0.0449,0.09,0.2275,0.43015,0.631,0.97245,1.29325,1.7105
2021-05-10,0.01485,0.02715,0.034,0.0442,0.0907,0.2285,0.4301,0.63085,0.97625,1.298,1.72265
2021-05-11,0.015,0.028,0.034,0.0442,0.0977,0.241,0.44615,0.654,1.0119,1.342,1.7682
2021-05-12,0.0125,0.0275,0.0332,0.0452,0.1186,0.2834,0.5043,0.721,1.07785,1.405,1.81665
2021-05-13,0.0129,0.0285,0.03205,0.04435,0.1133,0.2778,0.496,0.7075,1.06405,1.391,1.80965
2021-05-14,0.01345,0.02655,0.0319,0.0418,0.1085,0.268,0.47975,0.6854,1.0325,1.3532,1.76295
2021-05-17,0.0153,0.02625,0.032,0.043,0.1088,0.2692,0.4805,0.6862,1.03085,1.34835,1.754
2021-05-18,0.0173,0.0274,0.0306,0.0408,0.109,0.269,0.4822,0.691,1.03855,1.35975,1.776
2021-05-19,0.0173,0.0265,0.0307,0.0415,0.1076,0.26435,0.47865,0.6849,1.0335,1.35215,1.76
2021-05-20,0.0177,0.029,0.0329,0.03755,0.11295,0.27525,0.493,0.6985,1.0429,1.36025,1.7664
2021-05-21,0.0211,0.0285,0.0335,0.0415,0.1101,0.27605,0.49395,0.6995,1.04035,1.3565,1.76
2021-05-24,0.01875,0.0275,0.0331,0.0427,0.1063,0.2656,0.48,0.6793,1.018,1.32505,1.72745
2021-05-25,0.01915,0.02675,0.0327,0.042,0.10375,0.25655,0.4627,0.6604,0.99455,1.3001,1.7108
2021-05-26,0.015,0.025,0.0295,0.0365,0.10025,0.2493,0.45385,0.6475,0.97475,1.2774,1.6775
2021-05-27,0.01705,0.02645,0.0292,0.03645,0.1026,0.26045,0.47315,0.6755,1.0185,1.33115,1.7295
2021-05-28,0.01775,0.025,0.0293,0.03665,0.1013,0.26075,0.47105,0.673,1.00915,1.31575,1.71485
2021-05-31,0.019,0.025,0.0285,0.034,0.0967,0.2643,0.4721,0.6777,1.0135,1.3233,1.708
2021-06-01,0.0203,0.026,0.03,0.036,0.1025,0.2655,0.48065,0.6908,1.0423,1.3589,1.7652
2021-06-02,0.0225,0.02945,0.03265,0.03655,0.09905,0.2566,0.467,0.672,1.016,1.3224,1.726
2021-06-03,0.0218,0.0275,0.0319,0.0376,0.106,0.2715,0.49285,0.70215,1.044,1.3495,1.73755
2021-06-04,0.0223,0.02895,0.0328,0.03695,0.09745,0.25525,0.45995,0.6581,0.99715,1.3016,1.695
2021-06-07,0.02285,0.0289,0.0332,0.03765,0.1002,0.2576,0.45825,0.65735,0.99405,1.29725,1.68975
2021-06-08,0.0219,0.0285,0.0329,0.0401,0.0995,0.24725,0.44265,0.6325,0.95945,1.25335,1.6511
2021-06-09,0.018,0.026,0.03135,0.039,0.1,0.23985,0.427,0.6122,0.93235,1.2272,1.61065
2021-06-10,0.0206,0.027,0.0317,0.0397,0.0988,0.2393,0.42645,0.6107,0.923,1.21555,1.6035
2021-06-11,0.01995,0.024,0.03025,0.0379,0.10405,0.24985,0.4365,0.6175,0.9189,1.1972,1.57995
2021-06-14,0.02505,0.0305,0.0348,0.0442,0.1147,0.2637,0.45775,0.6402,0.94085,1.219,1.5992
2021-06-15,0.0263,0.0315,0.0362,0.0433,0.1151,0.27005,0.46425,0.6488,0.95375,1.2295,1.61455
2021-06-16,0.0263,0.0319,0.0351,0.0417,0.1113,0.26375,0.45655,0.6375,0.94115,1.21405,1.59165
2021-06-17,0.0478,0.049,0.0507,0.0549,0.1608,0.3648,0.58035,0.75895,1.02695,1.25375,1.55335
2021-06-18,0.04785,0.04765,0.0511,0.0645,0.1825,0.3805,0.57315,0.728,0.9602,1.1655,1.45505
2021-06-21,0.04775,0.047,0.0522,0.0676,0.1868,0.3835,0.57205,0.728,0.9665,1.1804,1.47395
2021-06-22,0.043,0.04595,0.0477,0.06135,0.17555,0.36005,0.551,0.711,0.9665,1.1965,1.5118
2021-06-23,0.0425,0.045,0.0468,0.06,0.17695,0.3661,0.55835,0.721,0.97985,1.20615,1.5202
2021-06-24,0.04235,0.0455,0.04205,0.0629,0.1915,0.3925,0.587,0.749,0.997,1.20845,1.5075
2021-06-25,0.0424,0.0465,0.0493,0.0638,0.19245,0.3939,0.592,0.757,1.01275,1.23475,1.54705
2021-06-28,0.0463,0.04775,0.04945,0.0625,0.1885,0.3914,0.5865,0.7458,0.98755,1.19845,1.50755
2021-06-29,0.0462,0.047,0.05,0.0614,0.19075,0.3935,0.58885,0.746,0.98955,1.2063,1.519
2021-06-30,0.04615,0.046,0.0489,0.0632,0.1885,0.38705,0.57555,0.7265,0.95855,1.165,1.47285
2021-07-01,0.0465,0.0476,0.05115,0.065,0.19985,0.41255,0.6122,0.7665,0.9995,1.2055,1.501
2021-07-02,0.048,0.04805,0.0512,0.0615,0.1809,0.3807,0.5726,0.7263,0.959,1.1695,1.471
2021-07-05,0.04805,0.048,0.0501,0.0618,0.1817,0.3777,0.5692,0.7152,0.9416,1.1545,1.461
2021-07-06,0.0483,0.048,0.0502,0.0584,0.1677,0.3492,0.52055,0.6582,0.8793,1.08595,1.3955
2021-07-07,0.04805,0.048,0.0495,0.0583,0.1668,0.346,0.51505,0.6485,0.85535,1.0535,1.362
2021-07-08,0.0478,0.05,0.0492,0.0552,0.14775,0.3065,0.47325,0.6065,0.8245,1.0355,1.356
2021-07-09,0.04785,0.0475,0.0483,0.0585,0.16335,0.3355,0.504,0.64805,0.879,1.1,1.4385
2021-07-12,0.04775,0.04835,0.04905,0.06065,0.1665,0.34675,0.51595,0.66,0.8905,1.1085,1.44125
2021-07-13,0.0477,0.0482,0.0498,0.0634,0.1932,0.37945,0.54315,0.67695,0.8925,1.10565,1.4375
2021-07-14,0.0474,0.048,0.0493,0.0599,0.1797,0.3655,0.5323,0.673,0.89325,1.11305,1.44745
2021-07-15,0.0476,0.04815,0.04955,0.0599,0.18055,0.36305,0.5282,0.6574,0.866,1.073,1.4031
2021-07-16,0.0474,0.047,0.0493,0.06205,0.18555,0.3686,0.52885,0.65495,0.85905,1.0593,1.3805
2021-07-19,0.0474,0.047,0.0493,0.06135,0.1589,0.2963,0.43605,0.551,0.73875,0.926,1.239
2021-07-20,0.0469,0.047,0.0493,0.05985,0.14665,0.28385,0.42465,0.54145,0.7405,0.9425,1.279
2021-07-21,0.047,0.04825,0.0497,0.06285,0.155,0.3071,0.4616,0.5925,0.815,1.0385,1.393
2021-07-22,0.0455,0.04735,0.0493,0.06,0.154,0.299,0.44785,0.5715,0.7846,1.00615,1.3625
2021-07-23,0.04725,0.0475,0.04935,0.0586,0.1516,0.3028,0.4577,0.5896,0.818,1.048,1.403
2021-07-26,0.04725,0.0485,0.0493,0.0592,0.1583,0.31485,0.4656,0.5936,0.8115,1.033,1.384
2021-07-27,0.048,0.0485,0.0493,0.0567,0.1506,0.299,0.44595,0.5685,0.7775,0.99315,1.3515
2021-07-28,0.04675,0.049,0.05035,0.0573,0.15255,0.307,0.45975,0.59,0.8055,1.0255,1.3825
2021-07-29,0.04725,0.049,0.0492,0.05675,0.1528,0.31305,0.46785,0.597,0.8121,1.03215,1.391
2021-07-30,0.04715,0.049,0.0491,0.0571,0.146,0.30015,0.4475,0.571,0.7856,1.006,1.37545
2021-08-02,0.05,0.04955,0.0477,0.0518,0.132,0.2705,0.409,0.528,0.735,0.9515,1.32965
2021-08-03,0.04815,0.049,0.04765,0.05,0.12905,0.26375,0.40115,0.52225,0.72935,0.94435,1.3145
2021-08-04,0.04805,0.0485,0.0475,0.052,0.1434,0.291,0.43505,0.55675,0.76235,0.97335,1.326
2021-08-05,0.04955,0.049,0.04785,0.0559,0.16105,0.3256,0.4779,0.6016,0.79715,0.996,1.33955
2021-08-06,0.04925,0.04945,0.04935,0.058,0.17765,0.355,0.51255,0.6423,0.85535,1.06855,1.406
2021-08-09,0.0485,0.0491,0.0493,0.059,0.1776,0.36095,0.5243,0.6559,0.869,1.0785,1.4065
2021-08-10,0.0471,0.0491,0.05,0.06055,0.189,0.38205,0.5549,0.6921,0.9055,1.112,1.4285
2021-08-11,0.04705,0.0495,0.05035,0.06185,0.1859,0.37165,0.54105,0.67775,0.897,1.11165,1.45375
2021-08-12,0.04845,0.0495,0.051,0.0611,0.1873,0.3755,0.54605,0.6819,0.897,1.10585,1.44335
2021-08-13,0.048,0.05,0.0513,0.06475,0.1871,0.369,0.533,0.66385,0.8674,1.06525,1.3905
2021-08-16,0.05075,0.05185,0.05325,0.06235,0.1774,0.3413,0.492,0.6148,0.80775,0.99965,1.33125
2021-08-17,0.0464,0.05065,0.0522,0.0629,0.1842,0.3545,0.50745,0.6339,0.83125,1.02595,1.358
2021-08-18,0.0493,0.051,0.0527,0.063,0.1925,0.3664,0.5199,0.645,0.84795,1.04715,1.38025
2021-08-19,0.0479,0.0495,0.0508,0.05845,0.1811,0.352,0.5035,0.626,0.81575,1.0047,1.32685
2021-08-20,0.0488,0.0505,0.0515,0.0603,0.186,0.3635,0.5175,0.6405,0.8277,1.013,1.3235
2021-08-23,0.0487,0.0505,0.0521,0.0605,0.1885,0.365,0.5215,0.647,0.838,1.0254,1.332
2021-08-24,0.0496,0.05125,0.0527,0.06265,0.19045,0.36735,0.52325,0.6487,0.84475,1.03655,1.3415
2021-08-25,0.0497,0.052,0.0547,0.06285,0.1958,0.3885,0.5585,0.6938,0.902,1.1,1.398
2021-08-26,0.0505,0.0525,0.055,0.06245,0.1957,0.3955,0.5705,0.7109,0.9172,1.1141,1.40675
2021-08-27,0.0493,0.051,0.052,0.0565,0.1792,0.3655,0.53675,0.67485,0.88615,1.0865,1.3885
2021-08-30,0.0497,0.05075,0.0517,0.0564,0.17445,0.354,0.5173,0.64895,0.8587,1.06015,1.36915
2021-08-31,0.0503,0.0505,0.0512,0.0563,0.1739,0.354,0.518,0.65425,0.8717,1.07775,1.383
2021-09-01,0.051,0.0505,0.0523,0.0569,0.1747,0.355,0.5186,0.6545,0.86975,1.0747,1.384
2021-09-02,0.0503,0.052,0.05265,0.0581,0.173,0.351,0.5109,0.64395,0.8579,1.062,1.369
2021-09-03,0.0513,0.05335,0.0537,0.0574,0.165,0.3455,0.51425,0.6565,0.88025,1.0912,1.4
2021-09-06,0.0517,0.053,0.05335,0.057,0.1661,0.3515,0.511,0.653,0.874,1.0903,1.402
2021-09-07,0.0517,0.05245,0.0532,0.0573,0.176,0.366,0.5446,0.6945,0.9262,1.1414,1.4495
2021-09-08,0.0513,0.053,0.05295,0.0563,0.175,0.3665,0.54135,0.6855,0.9124,1.123,1.4346
2021-09-09,0.0517,0.0525,0.05275,0.05635,0.174,0.36,0.5267,0.664,0.8843,1.0935,1.4055
2021-09-10,0.0515,0.05115,0.0518,0.05515,0.18025,0.3735,0.5453,0.68525,0.90505,1.1114,1.40515
2021-09-13,0.0529,0.0535,0.05215,0.0592,0.1812,0.373,0.5412,0.6775,0.8937,1.096,1.384
2021-09-14,0.05225,0.05285,0.05215,0.0588,0.17575,0.3642,0.52875,0.6612,0.86775,1.061,1.3395
2021-09-15,0.056,0.059,0.056,0.0592,0.1827,0.3743,0.5476,0.6837,0.895,1.091,1.3649
2021-09-16,0.0574,0.059,0.0562,0.0595,0.19175,0.3931,0.5715,0.71075,0.922,1.113,1.3735
2021-09-17,0.055,0.0605,0.0569,0.0594,0.1994,0.4139,0.60225,0.74975,0.9671,1.1617,1.4136
2021-09-20,0.0563,0.0595,0.0558,0.0593,0.1887,0.393,0.57295,0.7141,0.9236,1.1111,1.3649
2021-09-21,0.0573,0.059,0.0557,0.057,0.1854,0.3824,0.5583,0.6965,0.8994,1.0817,1.3333
2021-09-22,0.0553,0.058,0.0552,0.0602,0.1953,0.4056,0.5851,0.7213,0.9177,1.0937,1.3276
2021-09-23,0.0566,0.0573,0.056,0.0632,0.2301,0.4634,0.66,0.806,1.0055,1.1849,1.414
2021-09-24,0.0557,0.0565,0.05585,0.0672,0.2443,0.4778,0.67425,0.824,1.0383,1.226,1.4657
2021-09-27,0.0572,0.0576,0.0563,0.0707,0.25395,0.4927,0.6964,0.8536,1.07,1.258,1.485
2021-09-28,0.0587,0.0588,0.0576,0.0737,0.25675,0.493,0.7032,0.8682,1.0987,1.2994,1.54725
2021-09-29,0.0573,0.0575,0.056,0.07165,0.2484,0.4803,0.6933,0.8604,1.0915,1.2894,1.54
2021-09-30,0.0549,0.056,0.0545,0.072,0.253,0.48575,0.6999,0.86875,1.109,1.3148,1.5883
2021-10-01,0.05815,0.05645,0.055,0.06765,0.23265,0.45175,0.6511,0.811,1.0516,1.2622,1.5465
2021-10-04,0.0575,0.0565,0.055,0.0701,0.23655,0.4544,0.6503,0.8075,1.0396,1.2442,1.5165
2021-10-05,0.0584,0.057,0.05475,0.0696,0.244,0.4704,0.675,0.8387,1.07925,1.2888,1.565
2021-10-06,0.0585,0.057,0.05525,0.0756,0.25745,0.48075,0.6798,0.838,1.07075,1.27325,1.53725
2021-10-07,0.0532,0.05515,0.0552,0.0767,0.271,0.50965,0.7137,0.87575,1.116,1.3248,1.597
2021-10-08,0.05325,0.055,0.05575,0.08175,0.2896,0.5408,0.75255,0.9199,1.1685,1.3856,1.6591
2021-10-11,0.052,0.055,0.0568,0.08135,0.29055,0.564,0.74,0.899,1.172,1.355,1.653
2021-10-12,0.053,0.05455,0.0568,0.09145,0.32265,0.579,0.7859,0.9438,1.1771,1.3765,1.62575
2021-10-13,0.0529,0.05425,0.05745,0.1029,0.345,0.5925,0.78105,0.92065,1.12975,1.3145,1.5536
2021-10-14,0.05225,0.05355,0.05825,0.1052,0.348,0.5929,0.7775,0.9123,1.109,1.284,1.52025
2021-10-15,0.05235,0.05385,0.06,0.1114,0.3703,0.62165,0.80565,0.94,1.1419,1.32135,1.5495
2021-10-18,0.04885,0.05215,0.05935,0.122,0.4149,0.6867,0.87025,0.99975,1.184,1.34175,1.5288
2021-10-19,0.0486,0.0517,0.0595,0.117,0.40045,0.667,0.8546,0.9915,1.1948,1.37045,1.5693
2021-10-20,0.0408,0.046,0.054,0.1092,0.3844,0.6489,0.8452,0.99135,1.2077,1.3933,1.61175
2021-10-21,0.04295,0.04715,0.059,0.133,0.4325,0.7033,0.897,1.0381,1.2447,1.422,1.6329
2021-10-22,0.0433,0.0453,0.05975,0.15355,0.4841,0.7587,0.9435,1.07425,1.2608,1.4191,1.6021
2021-10-25,0.04585,0.0473,0.059,0.144,0.4416,0.7043,0.88945,1.02375,1.2232,1.3962,1.60465
2021-10-26,0.0422,0.045,0.05955,0.1485,0.469,0.7385,0.9248,1.057,1.25,1.4153,1.61375
2021-10-27,0.0439,0.04775,0.06125,0.1612,0.4874,0.7446,0.9153,1.03325,1.1967,1.337,1.51575
2021-10-28,0.04405,0.04825,0.06185,0.1584,0.4665,0.70155,0.8532,0.9595,1.13465,1.29035,1.4763
2021-10-29,0.0445,0.0482,0.0675,0.17995,0.52995,0.7785,0.9226,1.0196,1.17595,1.311,1.4555
2021-11-01,0.04425,0.048,0.066,0.1792,0.52375,0.77385,0.92245,1.02445,1.19275,1.33795,1.4995
2021-11-02,0.04395,0.0483,0.06,0.1515,0.46845,0.7131,0.87145,0.98525,1.16575,1.3175,1.48225
2021-11-03,0.04355,0.04645,0.05895,0.1645,0.491,0.7511,0.9171,1.0336,1.1995,1.334,1.4747
2021-11-04,0.0435,0.0442,0.05525,0.1438,0.43865,0.68875,0.8555,0.9757,1.15685,1.30945,1.48375
2021-11-05,0.04285,0.04425,0.05455,0.1387,0.42015,0.65335,0.8035,0.911,1.079,1.22325,1.39935
2021-11-08,0.0442,0.04665,0.05725,0.15175,0.4456,0.6822,0.83645,0.94725,1.1099,1.24915,1.4124
2021-11-09,0.0443,0.0452,0.05535,0.145,0.44545,0.68325,0.829,0.92945,1.0772,1.202,1.33175
2021-11-10,0.045,0.05135,0.06625,0.1779,0.52695,0.78185,0.92925,1.02675,1.1684,1.28825,1.4125
2021-11-11,0.045,0.0497,0.0666,0.18,0.546,0.821,0.9546,1.013,1.204,1.318,1.4424
2021-11-12,0.045,0.0497,0.066,0.187,0.5598,0.82485,0.97445,1.073,1.2229,1.34865,1.48295
2021-11-15,0.04425,0.05155,0.0696,0.19185,0.5635,0.832,0.9895,1.09625,1.25875,1.392,1.5262
2021-11-16,0.0455,0.0533,0.07515,0.1999,0.5788,0.8518,1.0097,1.1151,1.2741,1.4005,1.523
2021-11-17,0.0465,0.05255,0.0725,0.19565,0.5662,0.84005,0.9998,1.1082,1.2746,1.4095,1.5505
2021-11-18,0.0465,0.0527,0.0707,0.1861,0.5441,0.8085,0.96735,1.07445,1.2343,1.3662,1.50525
2021-11-19,0.0463,0.0518,0.068,0.177,0.52685,0.79,0.9383,1.03695,1.18625,1.31075,1.4401
2021-11-22,0.0475,0.05365,0.08095,0.2262,0.61145,0.88855,1.04075,1.138,1.2775,1.389,1.5008
2021-11-23,0.0501,0.05545,0.08575,0.2306,0.6211,0.91675,1.0784,1.1821,1.33235,1.44775,1.5655
2021-11-24,0.0508,0.056,0.0978,0.26,0.66105,0.9511,1.10385,1.198,1.3351,1.43805,1.54075
2021-11-25,0.04925,0.0573,0.099,0.257,0.65795,0.958,1.103,1.194,1.326,1.4242,1.5274
2021-11-26,0.0515,0.0539,0.0751,0.176,0.505,0.77625,0.9287,1.0274,1.16695,1.2749,1.3945
2021-11-29,0.0516,0.0537,0.076,0.18685,0.526,0.7975,0.9421,1.0352,1.18105,1.29875,1.4234
2021-11-30,0.052,0.05525,0.0895,0.2203,0.5837,0.8447,0.981,1.061,1.1777,1.2671,1.3592
2021-12-01,0.0535,0.056,0.0965,0.24445,0.6202,0.87365,0.9945,1.066,1.1835,1.2838,1.3918
2021-12-02,0.053,0.0553,0.0971,0.24615,0.624,0.86865,0.98575,1.0544,1.1595,1.24975,1.333
2021-12-03,0.05315,0.057,0.09915,0.24935,0.6271,0.86325,0.9666,1.0247,1.1267,1.2191,1.3135
2021-12-06,0.0532,0.0573,0.10335,0.2516,0.62925,0.8775,0.991,1.054,1.1508,1.2345,1.3226
2021-12-07,0.0532,0.0581,0.115,0.28105,0.68,0.9265,1.0418,1.10515,1.1959,1.2722,1.3448
2021-12-08,0.0528,0.05795,0.118,0.2894,0.694,0.9533,1.0763,1.1475,1.2535,1.3441,1.44
2021-12-09,0.0532,0.059,0.1183,0.2818,0.6743,0.92605,1.0449,1.11325,1.2103,1.29785,1.40735
2021-12-10,0.0531,0.0587,0.1155,0.2715,0.6465,0.89675,1.013,1.079,1.1837,1.282,1.4136
2021-12-13,0.0572,0.0645,0.1203,0.27915,0.6433,0.8806,0.99245,1.05625,1.15305,1.2475,1.379
2021-12-14,0.05875,0.065,0.1226,0.2873,0.6637,0.9005,1.0159,1.08205,1.17425,1.2665,1.3973
2021-12-15,0.0572,0.06545,0.1302,0.3031,0.67685,0.915,1.0285,1.0925,1.1765,1.26175,1.3985
2021-12-16,0.05435,0.0635,0.13905,0.3101,0.649,0.8558,0.961,1.025,1.1259,1.23265,1.41275
2021-12-17,0.0537,0.06335,0.14335,0.3204,0.65275,0.8573,0.95325,1.0073,1.09875,1.1986,1.37225
2021-12-20,0.0537,0.06535,0.1489,0.31885,0.6295,0.82885,0.9265,0.98375,1.08115,1.18625,1.36495
2021-12-21,0.052,0.068,0.1595,0.3437,0.689,0.9055,1.01595,1.083,1.18815,1.2964,1.462
2021-12-22,0.0517,0.0748,0.16835,0.351,0.69485,0.91045,1.0188,1.08615,1.18175,1.2819,1.4314
2021-12-23,0.0525,0.0765,0.17705,0.3714,0.71985,0.93135,1.0397,1.10475,1.201,1.30405,1.4665
2021-12-24,0.0518,0.078,0.162,0.3729,0.71785,0.9368,1.04,1.107,1.2036,1.306,1.472
2021-12-27,0.05315,0.0785,0.18575,0.38625,0.7355,0.94315,1.0387,1.0985,1.1895,1.2895,1.44515
2021-12-28,0.0528,0.08065,0.1902,0.3911,0.732,0.9399,1.0371,1.0965,1.1791,1.27345,1.4285
2021-12-29,0.0529,0.08475,0.1958,0.4019,0.75065,0.96485,1.07105,1.14,1.24575,1.3605,1.5291
2021-12-30,0.05375,0.08965,0.19715,0.3996,0.74345,0.9536,1.0635,1.133,1.23295,1.3396,1.5004
2021-12-31,0.05435,0.0889,0.1935,0.39225,0.72905,0.9358,1.045,1.1157,1.213,1.31625,1.463
2022-01-03,0.05435,0.0908,0.19725,0.40475,0.76955,0.99565,1.119,1.2013,1.3035,1.403,1.53655
2022-01-04,0.05325,0.09025,0.198,0.39575,0.75025,0.98325,1.122,1.21935,1.34475,1.4634,1.615
2022-01-05,0.05355,0.0948,0.2061,0.41515,0.7882,1.02225,1.152,1.239,1.3591,1.4666,1.59725
2022-01-06,0.05515,0.1115,0.2408,0.46875,0.8588,1.09675,1.2296,1.31795,1.4362,1.5354,1.65525
2022-01-07,0.0582,0.1148,0.2378,0.4629,0.8692,1.12915,1.26975,1.3631,1.4941,1.6005,1.7147
2022-01-10,0.061,0.12185,0.2499,0.47335,0.87825,1.14675,1.28775,1.379,1.49955,1.594,1.6875
2022-01-11,0.06075,0.1237,0.2555,0.4868,0.8992,1.1575,1.288,1.36975,1.48065,1.5685,1.65
2022-01-12,0.0554,0.11985,0.252,0.4872,0.88985,1.1364,1.2618,1.33975,1.4477,1.538,1.6376
2022-01-13,0.0555,0.1341,0.27265,0.50615,0.89545,1.13245,1.2492,1.32185,1.4284,1.524,1.634
2022-01-14,0.0565,0.13985,0.28385,0.5309,0.9425,1.17475,1.28835,1.358,1.4573,1.5433,1.638
2022-01-17,0.06,0.1517,0.31,0.543,0.96375,1.20725,1.319,1.40025,1.50125,1.58,1.67
2022-01-18,0.059,0.1587,0.32915,0.60275,1.0324,1.27345,1.3999,1.4775,1.5726,1.6474,1.7195
2022-01-19,0.0595,0.15915,0.32035,0.58715,1.0052,1.2509,1.3786,1.4585,1.56,1.6376,1.7017
2022-01-20,0.0605,0.1705,0.33815,0.60965,1.03115,1.2648,1.3829,1.4541,1.551,1.6283,1.6903
2022-01-21,0.05905,0.1658,0.33245,0.6015,1.01105,1.2375,1.3476,1.4142,1.50295,1.578,1.6489
2022-01-24,0.058,0.16355,0.3284,0.58745,0.97525,1.1891,1.2967,1.36275,1.4465,1.5193,1.5945
2022-01-25,0.057,0.1708,0.3385,0.59355,0.9685,1.18325,1.30065,1.375,1.4715,1.5531,1.641
2022-01-26,0.0605,0.17475,0.34545,0.61655,0.998,1.2141,1.33315,1.41005,1.50815,1.5928,1.6742
2022-01-27,0.05,0.1979,0.415,0.734,1.1433,1.3386,1.4315,1.4863,1.5542,1.61,1.6545
2022-01-28,0.04815,0.19765,0.4167,0.7347,1.13925,1.32365,1.40725,1.4568,1.52885,1.5938,1.656
2022-01-31,0.0491,0.20775,0.43625,0.77055,1.1738,1.34205,1.42225,1.4735,1.54535,1.60975,1.67355
2022-02-01,0.04995,0.2054,0.43075,0.75625,1.16,1.33325,1.4145,1.46775,1.54475,1.6145,1.692
2022-02-02,0.04965,0.19875,0.41365,0.7308,1.13275,1.30505,1.3825,1.4313,1.50195,1.568,1.6395
2022-02-03,0.0503,0.2279,0.44945,0.7719,1.18945,1.3645,1.44595,1.4967,1.57,1.6381,1.7116
2022-02-04,0.0607,0.27025,0.52975,0.871,1.29495,1.47425,1.561,1.61475,1.6837,1.7429,1.774
2022-02-07,0.0583,0.2615,0.524,0.86565,1.2948,1.4754,1.55965,1.6099,1.6773,1.736,1.7743
2022-02-08,0.0572,0.26715,0.52995,0.87555,1.31965,1.50395,1.5915,1.6432,1.71095,1.769,1.7985
2022-02-09,0.05745,0.2706,0.53595,0.8872,1.3257,1.50625,1.58475,1.628,1.6845,1.73595,1.763
2022-02-10,0.0875,0.36045,0.64775,1.041,1.4939,1.6593,1.72305,1.7551,1.79725,1.8378,1.8445
2022-02-11,0.105,0.3826,0.6975,1.1238,1.56955,1.7098,1.75865,1.783,1.8158,1.8546,1.8629
2022-02-14,0.0737,0.3725,0.6985,1.1345,1.59495,1.7279,1.7616,1.7744,1.79755,1.8305,1.837
2022-02-15,0.0652,0.3585,0.656,1.081,1.5614,1.701,1.74345,1.7697,1.809,1.85545,1.87125
2022-02-16,0.0832,0.35995,0.657,1.0758,1.5316,1.6711,1.7196,1.75,1.7927,1.84445,1.8756
2022-02-17,0.1186,0.3694,0.64445,1.03285,1.47775,1.615,1.65875,1.6842,1.7215,1.7706,1.807
2022-02-18,0.1297,0.36305,0.6335,1.0148,1.4518,1.58305,1.62575,1.65275,1.69285,1.7455,1.79345
2022-02-21,0.122,0.34425,0.615,0.9942,1.4381,1.5704,1.6166,1.64575,1.6875,1.7412,1.775
2022-02-22,0.1408,0.3719,0.653,1.0468,1.4937,1.6113,1.6429,1.6645,1.6997,1.74975,1.7779
2022-02-23,0.1518,0.3847,0.67295,1.078,1.52995,1.65735,1.6901,1.7084,1.74005,1.78275,1.7921
2022-02-24,0.18795,0.3767,0.6319,1.02265,1.4915,1.62725,1.66135,1.6822,1.72175,1.7744,1.796
2022-02-25,0.20165,0.39845,0.6685,1.0681,1.5487,1.6746,1.7025,1.717,1.75125,1.79705,1.801
2022-02-28,0.2163,0.38115,0.6204,0.96475,1.41355,1.53915,1.5745,1.5944,1.6369,1.6925,1.7274
2022-03-01,0.2099,0.3576,0.5635,0.84215,1.2211,1.3315,1.37325,1.404,1.46215,1.5362,1.5905
2022-03-02,0.2145,0.39875,0.65815,1.0011,1.4023,1.50825,1.541,1.56055,1.601,1.6569,1.6861
2022-03-03,0.2328,0.3957,0.65185,1.01545,1.4329,1.5288,1.54735,1.5549,1.5969,1.6611,1.707
2022-03-04,0.2385,0.39005,0.6233,0.962,1.36145,1.4282,1.42535,1.422,1.4518,1.51985,1.597
2022-03-07,0.25605,0.4282,0.69155,1.0501,1.4414,1.503,1.5026,1.5,1.5216,1.5725,1.59225
2022-03-08,0.2633,0.42855,0.7036,1.0771,1.4938,1.5689,1.5715,1.5687,1.5994,1.65,1.6479
2022-03-09,0.276,0.451,0.7321,1.1293,1.5688,1.6571,1.666,1.66575,1.69065,1.7356,1.734
2022-03-10,0.2897,0.4688,0.7708,1.182,1.642,1.73445,1.7425,1.7407,1.7663,1.8176,1.8295
2022-03-11,0.29825,0.47535,0.7759,1.1968,1.6667,1.75855,1.768,1.7646,1.77945,1.8169,1.8175
2022-03-14,0.3268,0.51095,0.8239,1.2551,1.7501,1.8558,1.8691,1.87205,1.8904,1.9315,1.9366
2022-03-15,0.3355,0.517,0.82475,1.24295,1.73845,1.84875,1.86305,1.8667,1.88805,1.9326,1.9437
2022-03-16,0.33165,0.5386,0.842,1.2976,1.81735,1.9385,1.9545,1.95825,1.97355,2.00755,2.0035
2022-03-17,0.3037,0.50445,0.83835,1.33595,1.87155,1.97475,1.9654,1.9487,1.9542,1.9821,1.96775
2022-03-18,0.3085,0.5224,0.86295,1.37175,1.9127,2.0041,1.9817,1.9555,1.95625,1.9832,1.9814
2022-03-21,0.3073,0.5397,0.8888,1.4214,1.9917,2.106,2.08825,2.0632,2.054,2.0712,2.0465
2022-03-22,0.3106,0.5857,0.9911,1.5703,2.13525,2.2331,2.2098,2.1787,2.1667,2.1816,2.1428
2022-03-23,0.3084,0.59965,0.9807,1.5521,2.09865,2.1991,2.1855,2.1602,2.15035,2.16445,2.1193
2022-03-24,0.3023,0.614,1.0023,1.574,2.108,2.19905,2.1862,2.1601,2.139,2.13685,2.06095
2022-03-25,0.30715,0.63415,1.0495,1.6886,2.28325,2.3948,2.3842,2.3551,2.3126,2.2839,2.1495
2022-03-28,0.3112,0.6453,1.0605,1.70545,2.2928,2.39685,2.3734,2.3304,2.2802,2.245,2.0985
2022-03-29,0.3047,0.64435,1.0676,1.7166,2.3245,2.4345,2.3973,2.3406,2.2849,2.2456,2.0959
2022-03-30,0.3008,0.6407,1.06165,1.6905,2.272,2.3748,2.3216,2.2543,2.19145,2.1552,2.0137
2022-03-31,0.293,0.66875,1.06195,1.67425,2.242,2.3278,2.2715,2.1979,2.14025,2.1105,1.98145
2022-04-01,0.2966,0.6897,1.1133,1.773,2.3866,2.4823,2.42055,2.3349,2.2386,2.167,1.951
2022-04-04,0.3152,0.7036,1.1207,1.7645,2.3877,2.4808,2.419,2.3368,2.2517,2.1936,1.9817
2022-04-05,0.362,0.73055,1.1585,1.83,2.47045,2.5741,2.5317,2.465,2.3798,2.3151,2.0865
2022-04-06,0.3619,0.735,1.173,1.82355,2.4551,2.5579,2.528,2.47725,2.4179,2.3756,2.1602
2022-04-07,0.3983,0.776,1.20095,1.83025,2.4219,2.51485,2.4895,2.45165,2.4235,2.4126,2.2389
2022-04-08,0.418,0.7917,1.2251,1.8663,2.4731,2.5741,2.5535,2.5175,2.49285,2.4726,2.2673
2022-04-11,0.4332,0.7998,1.2301,1.8675,2.47345,2.58755,2.5874,2.5689,2.555,2.5439,2.3488
2022-04-12,0.4627,0.80325,1.21175,1.81165,2.37495,2.4722,2.4697,2.4582,2.45725,2.4689,2.3294
2022-04-13,0.50465,0.8411,1.2287,1.787,2.2997,2.386,2.38485,2.379,2.3909,2.4215,2.3076
2022-04-14,0.51955,0.8663,1.2771,1.881,2.438,2.53705,2.5381,2.5296,2.5375,2.55755,2.4097
2022-04-15,0.524,0.8579,1.2714,1.87,2.433,2.5398,2.5539,2.548,2.568,2.588,2.4377
2022-04-18,0.5375,0.87755,1.2845,1.88395,2.4396,2.5382,2.5514,2.554,2.5781,2.6104,2.4527
2022-04-19,0.569,0.89245,1.3093,1.9145,2.49095,2.60185,2.6181,2.6231,2.63975,2.66355,2.4875
2022-04-20,0.5832,0.9227,1.3715,2.00065,2.5742,2.67395,2.67325,2.66,2.6512,2.65335,2.4654
2022-04-21,0.623,0.9685,1.43015,2.08005,2.6549,2.751,2.7398,2.71575,2.6872,2.6698,2.45355
2022-04-22,0.6486,1.0151,1.5209,2.18675,2.7428,2.82745,2.7966,2.75235,2.7074,2.6779,2.43975
2022-04-25,0.65605,0.9885,1.4655,2.0639,2.52545,2.5868,2.57045,2.54425,2.5284,2.5325,2.3555
2022-04-26,0.68685,1.0105,1.49195,2.0954,2.54825,2.6122,2.5892,2.55515,2.5224,2.51075,2.32175
2022-04-27,0.6959,1.0197,1.49845,2.09105,2.5415,2.6054,2.5998,2.5805,2.5683,2.5766,2.4019
2022-04-28,0.74715,1.0962,1.554,2.17065,2.6619,2.7381,2.7211,2.6925,2.6716,2.6685,2.456
2022-04-29,0.7745,1.137,1.6156,2.2575,2.7475,2.8062,2.7847,2.75475,2.7269,2.71625,2.474
2022-05-02,0.79265,1.14025,1.5935,2.2337,2.74305,2.82695,2.8209,2.8044,2.78825,2.7822,2.541
2022-05-03,0.8029,1.149,1.6213,2.2565,2.74745,2.81285,2.78755,2.75875,2.73025,2.7167,2.4665
2022-05-04,0.80545,1.19605,1.67,2.352,2.8355,2.88725,2.86135,2.8316,2.801,2.7819,2.5025
2022-05-05,0.7892,1.17545,1.6218,2.276,2.7786,2.8565,2.85615,2.8524,2.862,2.87705,2.6385
2022-05-06,0.78695,1.1877,1.6255,2.2638,2.7425,2.8218,2.828,2.83175,2.8608,2.8927,2.66475
2022-05-09,0.78385,1.18275,1.605,2.1795,2.61985,2.6945,2.717,2.73875,2.7856,2.83725,2.6458
2022-05-10,0.78125,1.1937,1.6185,2.18845,2.6102,2.674,2.6709,2.667,2.6863,2.7181,2.5204
2022-05-11,0.7819,1.2315,1.6627,2.26745,2.69025,2.7521,2.744,2.7341,2.7415,2.7603,2.545
2022-05-12,0.7779,1.2255,1.634,2.1979,2.58515,2.6302,2.6208,2.614,2.6229,2.6465,2.46775
2022-05-13,0.798,1.2537,1.6714,2.231,2.5966,2.6439,2.64285,2.6444,2.6656,2.7018,2.5445
2022-05-16,0.8585,1.2607,1.6743,2.231,2.56445,2.5918,2.5804,2.5791,2.6023,2.64585,2.52275
2022-05-17,0.86445,1.2847,1.7235,2.2962,2.66075,2.6916,2.6807,2.67705,2.6977,2.73875,2.6105
2022-05-18,0.86805,1.30605,1.72605,2.3088,2.6621,2.6876,2.66725,2.6535,2.66525,2.7003,2.56625
2022-05-19,0.9044,1.3193,1.7315,2.2895,2.60455,2.61385,2.5913,2.5739,2.5703,2.5936,2.4696
2022-05-20,0.92305,1.32945,1.74,2.2923,2.59635,2.60175,2.5818,2.5678,2.5636,2.58715,2.461
2022-05-23,0.96665,1.347,1.7572,2.32375,2.6305,2.63745,2.618,2.6045,2.5995,2.6231,2.5015
2022-05-24,0.9674,1.3489,1.7366,2.243,2.50945,2.5102,2.48965,2.4747,2.4725,2.502,2.40325
2022-05-25,0.97355,1.36425,1.7328,2.24575,2.5055,2.50665,2.48825,2.47875,2.4862,2.52625,2.4415
2022-05-26,1.0272,1.39,1.7526,2.2545,2.51735,2.52615,2.51425,2.50985,2.5261,2.5736,2.5134
2022-05-27,1.042,1.3935,1.7527,2.2515,2.519,2.5247,2.5029,2.48875,2.4911,2.52975,2.45725
2022-05-30,1.0404,1.3928,1.78,2.261,2.53455,2.53925,2.51265,2.4967,2.50005,2.53765,2.463
2022-05-31,1.0793,1.4112,1.7961,2.33,2.6186,2.62895,2.6122,2.6027,2.618,2.66435,2.576
2022-06-01,1.0887,1.43935,1.8363,2.395,2.71065,2.72615,2.7065,2.6935,2.6972,2.7295,2.60525
2022-06-02,1.12605,1.4606,1.861,2.42535,2.7307,2.7293,2.6975,2.673,2.672,2.70325,2.5792
2022-06-03,1.14185,1.4691,1.86685,2.43385,2.748,2.75205,2.7281,2.7099,2.7148,2.7484,2.6104
2022-06-06,1.159,1.4844,1.8855,2.4725,2.81445,2.8307,2.81375,2.802,2.80875,2.8405,2.7015
2022-06-07,1.1848,1.49695,1.889,2.45575,2.7759,2.785,2.7614,2.7419,2.7375,2.76455,2.6315
2022-06-08,1.19135,1.5128,1.90995,2.4865,2.8155,2.8286,2.797,2.77045,2.76085,2.7837,2.645
2022-06-09,1.2405,1.54515,1.9545,2.55655,2.9035,2.91595,2.8841,2.856,2.8325,2.84025,2.6795
2022-06-10,1.2705,1.6089,2.0844,2.74675,3.0927,3.082,3.0235,2.9736,2.9315,2.9211,2.70215
2022-06-13,1.3123,1.6618,2.1826,2.949,3.3468,3.3319,3.2642,3.20725,3.15,3.1263,2.8385
2022-06-14,1.46595,1.86135,2.4235,3.169,3.45995,3.4078,3.334,3.2796,3.2209,3.19,2.839
2022-06-15,1.497,1.90865,2.4967,3.19595,3.418,3.3652,3.3054,3.2645,3.21395,3.1878,2.8427
2022-06-16,1.5047,1.9258,2.50245,3.1297,3.3094,3.24925,3.1781,3.12995,3.08875,3.0812,2.7984
2022-06-17,1.494,1.9455,2.53515,3.1386,3.32125,3.253,3.1662,3.10075,3.03675,3.0012,2.6803
2022-06-20,1.4943,1.951,2.538,3.1802,3.34,3.251,3.1734,3.104,3.044,3.013,2.76
2022-06-21,1.50045,1.9688,2.54575,3.14715,3.3265,3.25925,3.183,3.13255,3.08565,3.0734,2.7978
2022-06-22,1.4983,1.9919,2.5473,3.07065,3.17615,3.08225,3.01545,2.9794,2.9435,2.94305,2.7098
2022-06-23,1.4844,2.0051,2.54575,3.0055,3.0531,2.9499,2.88565,2.85245,2.8194,2.82575,2.63
2022-06-24,1.4942,2.008,2.5271,3.00145,3.079,2.9878,2.93205,2.90525,2.88535,2.90725,2.72405
2022-06-27,1.52095,2.03755,2.56315,3.0483,3.128,3.04305,2.9929,2.9713,2.9545,2.9802,2.7942
2022-06-28,1.5315,2.04645,2.5651,3.06525,3.17345,3.09775,3.0454,3.01775,2.9912,3.0042,2.7922
2022-06-29,1.59445,2.075,2.596,3.07995,3.12095,3.0132,2.95255,2.9246,2.89475,2.9065,2.7133
2022-06-30,1.674,2.0931,2.587,3.02185,3.01415,2.89105,2.833,2.80945,2.78445,2.7993,2.6222
2022-07-01,1.721,2.0892,2.54,2.8945,2.8112,2.67825,2.63825,2.63625,2.63575,2.6775,2.5802
2022-07-04,1.736,2.128,2.607,2.997,2.859,2.701,2.6346,2.627,2.631,2.679,2.5897
2022-07-05,1.73565,2.12335,2.5775,2.91075,2.7925,2.6277,2.56615,2.5526,2.5547,2.6026,2.5306
2022-07-06,1.7543,2.1728,2.61275,2.96925,2.8845,2.734,2.6723,2.6535,2.6466,2.6806,2.5774
2022-07-07,1.84335,2.22865,2.6975,3.0745,3.02245,2.8796,2.81475,2.7917,2.77575,2.792,2.62825
2022-07-08,1.88095,2.26275,2.7465,3.1595,3.11665,2.9734,2.9097,2.8885,2.8765,2.89905,2.73235
2022-07-11,1.9269,2.2798,2.74505,3.10145,3.0225,2.87065,2.79875,2.77165,2.7594,2.7829,2.62425
2022-07-12,1.94085,2.29985,2.76925,3.07445,2.98245,2.82925,2.7502,2.716,2.69675,2.7145,2.5674
2022-07-13,2.0145,2.44055,2.92575,3.2178,3.081,2.89525,2.7936,2.74385,2.7161,2.7356,2.6003
2022-07-14,2.1259,2.5318,3.018,3.2955,3.1549,2.96855,2.86145,2.805,2.7627,2.76505,2.5695
2022-07-15,2.0942,2.4409,2.897,3.1923,3.086,2.9153,2.81175,2.75475,2.70975,2.7135,2.543
2022-07-18,2.1261,2.4494,2.90905,3.2086,3.12495,2.9707,2.8731,2.8177,2.7769,2.7797,2.6048
2022-07-19,2.15745,2.47525,2.92775,3.2064,3.12395,2.96885,2.87225,2.8165,2.77755,2.7809,2.6085
2022-07-20,2.17725,2.5009,2.9497,3.2476,3.1665,3.003,2.898,2.83435,2.7894,2.7891,2.61655
2022-07-21,2.25685,2.537,2.96065,3.2181,3.10185,2.933,2.83305,2.77575,2.7302,2.73,2.561
2022-07-22,2.2572,2.508,2.869,3.0295,2.8725,2.6959,2.6035,2.5585,2.538,2.5665,2.451
2022-07-25,2.2985,2.55,2.928,3.11245,2.94115,2.74985,2.64465,2.5925,2.565,2.5908,2.4975
2022-07-26,2.32495,2.5612,2.9368,3.1069,2.9354,2.73135,2.61125,2.549,2.51385,2.538,2.45875
2022-07-27,2.31715,2.57525,2.94835,3.1487,3.00515,2.80125,2.6685,2.59545,2.5489,2.5647,2.4834
2022-07-28,2.286,2.5375,2.861,2.9982,2.8307,2.63535,2.5095,2.4459,2.41805,2.45675,2.4455
2022-07-29,2.2863,2.54805,2.8873,3.0447,2.84365,2.62725,2.49775,2.4344,2.4006,2.4353,2.4415
2022-08-01,2.2856,2.55445,2.8936,3.0521,2.857,2.62275,2.47125,2.3912,2.3406,2.36465,2.35625
2022-08-02,2.288,2.5715,2.9272,3.1024,2.934,2.71465,2.56325,2.47775,2.41895,2.4282,2.3786
2022-08-03,2.29255,2.62645,3.0047,3.24445,3.12695,2.92425,2.77285,2.681,2.6079,2.5974,2.4722
2022-08-04,2.2918,2.6223,2.9732,3.176,3.0224,2.7941,2.6309,2.53505,2.46085,2.45475,2.39085
2022-08-05,2.3267,2.6995,3.112,3.38375,3.2265,2.9953,2.83025,2.73075,2.64785,2.6304,2.5228
2022-08-08,2.31,2.6985,3.0943,3.35105,3.17955,2.93825,2.77,2.6675,2.5769,2.5515,2.4295
2022-08-09,2.31675,2.7365,3.1246,3.39015,3.23995,3.002,2.8233,2.70735,2.5975,2.5577,2.426
2022-08-10,2.30275,2.686,3.05,3.287,3.12385,2.88455,2.71425,2.6125,2.52775,2.514,2.4352
2022-08-11,2.2939,2.695,3.06485,3.3341,3.19675,2.96105,2.7975,2.70095,2.6199,2.606,2.52325
2022-08-12,2.2973,2.718,3.093,3.37405,3.2585,3.02,2.84635,2.7398,2.6491,2.627,2.5411
2022-08-15,2.29655,2.72445,3.09185,3.3627,3.2245,2.975,2.78525,2.66815,2.564,2.53485,2.467
2022-08-16,2.29955,2.73635,3.1081,3.37555,3.2569,3.01545,2.827,2.71175,2.6173,2.5984,2.5261
2022-08-17,2.29495,2.77725,3.157,3.4505,3.3531,3.12435,2.93095,2.8045,2.693,2.65645,2.5569
2022-08-18,2.2944,2.7605,3.11335,3.38455,3.2697,3.0449,2.8574,2.73775,2.63665,2.6084,2.5059
2022-08-19,2.3186,2.7931,3.14575,3.417,3.3325,3.1346,2.96955,2.866,2.77815,2.7569,2.6277
2022-08-22,2.37555,2.836,3.1945,3.48525,3.403,3.19815,3.0237,2.9104,2.81575,2.792,2.65635
2022-08-23,2.37235,2.81885,3.1705,3.42865,3.3323,3.13365,2.96825,2.86245,2.7855,2.77945,2.6275
2022-08-24,2.37725,2.86635,3.2246,3.51,3.43075,3.2445,3.09135,2.9937,2.9159,2.90535,2.71785
2022-08-25,2.4367,2.8954,3.2478,3.5102,3.4134,3.22725,3.07675,2.9792,2.8918,2.8745,2.69675
2022-08-26,2.4479,2.89795,3.262,3.5519,3.4657,3.2697,3.10325,2.98475,2.87065,2.83405,2.6455
2022-08-29,2.4582,2.9261,3.28655,3.559,3.4728,3.29265,3.153,3.0544,2.95125,2.91325,2.6884
2022-08-30,2.5127,2.9603,3.339,3.63355,3.54655,3.3502,3.19825,3.0903,2.9797,2.933,2.6791
2022-08-31,2.51825,2.96525,3.337,3.6275,3.5246,3.3212,3.171,3.06545,2.9609,2.92,2.6664
2022-09-01,2.60225,3.0398,3.41095,3.7054,3.60575,3.41495,3.28325,3.1952,3.1046,3.06855,2.8139
2022-09-02,2.59995,2.99885,3.35,3.61375,3.50595,3.3162,3.189,3.11,3.0407,3.02715,2.7872
2022-09-05,2.5963,2.98965,3.3355,3.5875,3.478,3.2934,3.1692,3.0895,3.0203,3.00965,2.762
2022-09-06,2.67215,3.05065,3.4015,3.66365,3.57265,3.4025,3.29075,3.22075,3.15195,3.13005,2.8626
2022-09-07,2.69745,3.09485,3.4547,3.6996,3.5767,3.38445,3.25765,3.17925,3.1075,3.087,2.8395
2022-09-08,2.75535,3.1447,3.4905,3.71355,3.57515,3.37205,3.23995,3.15995,3.0848,3.0601,2.813
2022-09-09,2.78045,3.16095,3.508,3.73855,3.6018,3.39975,3.2739,3.19525,3.11465,3.08325,2.8472
2022-09-12,2.808,3.19,3.54375,3.77,3.61165,3.4005,3.268,3.1856,3.10875,3.08415,2.843
2022-09-13,2.905,3.3258,3.74515,4.01705,3.84175,3.6174,3.46975,3.37325,3.2711,3.2198,2.9396
2022-09-14,2.9325,3.3665,3.8015,4.07725,3.8912,3.64125,3.4715,3.3605,3.2423,3.1809,2.8796
2022-09-15,2.9941,3.4163,3.8578,4.15505,4.0105,3.766,3.5864,3.466,3.3319,3.25,2.89875
2022-09-16,3.0155,3.4445,3.868,4.163,4.00605,3.74225,3.5609,3.44225,3.3125,3.23675,2.91805
2022-09-19,3.0394,3.45765,3.8755,4.1824,4.04155,3.79005,3.6057,3.4813,3.3436,3.258,2.9151
2022-09-20,3.0735,3.4892,3.90805,4.21335,4.0743,3.8392,3.6745,3.5675,3.4455,3.3687,3.00785
2022-09-21,3.07855,3.49955,3.92535,4.2415,4.11725,3.87625,3.69565,3.57425,3.4325,3.33875,2.96525
2022-09-22,3.0313,3.517,3.973,4.346,4.266,4.03925,3.8614,3.741,3.59135,3.4838,3.0521
2022-09-23,3.0366,3.53235,3.9914,4.3798,4.3185,4.0864,3.90975,3.78775,3.6258,3.50225,3.0169
2022-09-26,3.0436,3.546,3.9952,4.3727,4.33045,4.11905,3.95825,3.84155,3.66885,3.526,2.9675
2022-09-27,3.0338,3.5435,3.98,4.3336,4.33795,4.1727,4.0436,3.9498,3.814,3.6968,3.12
2022-09-28,3.02265,3.5227,3.9283,4.20235,4.142,3.94515,3.814,3.7245,3.602,3.4927,2.9653
2022-09-29,3.02155,3.58615,3.998,4.2881,4.231,4.0276,3.8769,3.77325,3.6375,3.51925,3.002
2022-09-30,3.0442,3.57905,3.9589,4.21475,4.15185,3.95985,3.82495,3.7365,3.6121,3.5015,3.0125
2022-10-03,3.1055,3.59785,3.962,4.1736,4.061,3.84735,3.69615,3.59475,3.46285,3.36105,2.9467
2022-10-04,3.1237,3.6457,4.0215,4.2476,4.1055,3.8804,3.71755,3.6053,3.46365,3.3596,2.97025
2022-10-05,3.1313,3.6847,4.0545,4.3017,4.19215,3.9856,3.84,3.74165,3.60195,3.49225,3.0235
2022-10-06,3.268,3.72665,4.0878,4.322,4.22015,4.0184,3.877,3.7865,3.662,3.56565,3.06875
2022-10-07,3.278,3.7665,4.158,4.4234,4.33175,4.11615,3.9643,3.8638,3.72445,3.61445,3.1285
2022-10-10,3.2815,3.7802,4.1903,4.4421,4.3625,4.14955,3.99575,3.89125,3.73825,3.61325,3.115
2022-10-11,3.2939,3.79625,4.1917,4.4459,4.33525,4.11485,3.962,3.86085,3.7286,3.6269,3.1443
2022-10-12,3.303,3.83895,4.21375,4.45525,4.34315,4.13945,3.995,3.8985,3.77025,3.669,3.16525
2022-10-13,3.39185,3.9158,4.34975,4.6315,4.4965,4.25255,4.07205,3.95075,3.8045,3.69275,3.1975
2022-10-14,3.41805,3.94035,4.388,4.69025,4.552,4.2922,4.11,3.9872,3.83375,3.7146,3.2166
2022-10-17,3.4615,3.9471,4.3887,4.67855,4.5138,4.23945,4.0483,3.9221,3.77445,3.6687,3.2032
2022-10-18,3.478,3.96255,4.39975,4.68685,4.53255,4.2747,4.098,3.9855,3.85335,3.76185,3.3391
2022-10-19,3.49575,4.00125,4.4317,4.7257,4.58715,4.336,4.15975,4.046,3.90565,3.80375,3.36175
2022-10-20,3.5795,4.044,4.47895,4.77365,4.6517,4.40465,4.2263,4.1105,3.97455,3.87735,3.4231
2022-10-21,3.59035,4.0327,4.44055,4.714,4.59065,4.36065,4.2126,4.125,4.03595,3.97975,3.59025
2022-10-24,3.625,4.0396,4.44,4.7119,4.57,4.34085,4.1886,4.0975,4.0054,3.9574,3.59375
2022-10-25,3.64755,4.05595,4.4438,4.69965,4.5101,4.2526,4.08795,3.9861,3.8698,3.80755,3.4805
2022-10-26,3.6535,4.04695,4.416,4.6594,4.471,4.21905,4.0511,3.94575,3.81625,3.738,3.3853
2022-10-27,3.7195,4.06955,4.40485,4.60905,4.3815,4.11165,3.93285,3.823,3.7048,3.6465,3.30185
2022-10-28,3.7362,4.09345,4.45375,4.679,4.4584,4.2035,4.04175,3.94255,3.8146,3.7364,3.3611
2022-10-31,3.77215,4.12655,4.507,4.75575,4.54565,4.2827,4.1114,4.00175,3.871,3.78965,3.4003
2022-11-01,3.8008,4.15235,4.543,4.8225,4.6167,4.34635,4.16475,4.0464,3.905,3.8129,3.38075
2022-11-02,3.80885,4.1782,4.54405,4.825,4.6268,4.35015,4.1606,4.03825,3.89665,3.80475,3.3625
2022-11-03,3.8075,4.197,4.59615,4.9232,4.782,4.50745,4.31025,4.1785,4.02475,3.9179,3.43695
2022-11-04,3.79825,4.19315,4.579,4.9009,4.74385,4.46565,4.2737,4.1492,4.00875,3.9197,3.49355
2022-11-07,3.7993,4.2105,4.6005,4.92305,4.77,4.48415,4.281,4.14945,4.00675,3.9198,3.50325
2022-11-08,3.79695,4.21235,4.587,4.892,4.72915,4.4437,4.2351,4.10025,3.9592,3.8784,3.5007
2022-11-09,3.7956,4.252,4.6122,4.89055,4.6798,4.37925,4.167,4.0305,3.8927,3.8209,3.47765
2022-11-10,3.7914,4.21055,4.515,4.70685,4.38925,4.06075,3.8537,3.7326,3.6166,3.5775,3.3397
2022-11-11,3.7938,4.215,4.5319,4.727,4.3835,4.043,3.83515,3.7059,3.5772,3.5269,3.2804
2022-11-14,3.8134,4.24085,4.5625,4.7846,4.4625,4.124,3.9109,3.7825,3.65,3.59455,3.3343
2022-11-15,3.8716,4.24385,4.537,4.7374,4.38775,4.0297,3.81095,3.68315,3.5509,3.5,3.2535
2022-11-16,3.87125,4.26985,4.55,4.7574,4.35535,3.9646,3.7418,3.6133,3.4746,3.4157,3.1795
2022-11-17,3.9098,4.2932,4.6105,4.8521,4.48855,4.08685,3.84455,3.6992,3.53995,3.4583,3.16055
2022-11-18,3.9298,4.3108,4.61735,4.84575,4.4915,4.10025,3.86315,3.72295,3.5715,3.4956,3.181
2022-11-21,3.953,4.32695,4.6437,4.89365,4.53785,4.14085,3.89915,3.75115,3.5855,3.4892,3.16
2022-11-22,4.0165,4.36805,4.67,4.9081,4.5359,4.13415,3.8883,3.738,3.571,3.47105,3.12025
2022-11-23,4.0603,4.401,4.702,4.9039,4.50145,4.0832,3.8382,3.6874,3.516,3.4096,3.0436
2022-11-24,4.055,4.3829,4.673,4.885,4.4893,4.07835,3.8182,3.65825,3.4846,3.3805,3.00265
2022-11-25,4.06215,4.389,4.6806,4.8895,4.5064,4.0834,3.83275,3.6801,3.51475,3.41635,3.05625
2022-11-28,4.07765,4.392,4.6781,4.873,4.464,4.0375,3.7929,3.64255,3.4795,3.38045,3.0182
2022-11-29,4.1208,4.404,4.69075,4.88675,4.483,4.0621,3.81055,3.6555,3.49,3.394,3.0309
2022-11-30,4.13725,4.4226,4.718,4.93315,4.562,4.1432,3.8966,3.7464,3.571,3.4684,3.1027
2022-12-01,4.173,4.4318,4.66885,4.8186,4.3485,3.89165,3.6372,3.48825,3.3358,3.2625,2.99605
2022-12-02,4.1901,4.44,4.695,4.85505,4.3855,3.91835,3.6636,3.5144,3.3585,3.2738,2.9481
2022-12-05,4.214,4.45045,4.715,4.88275,4.3965,3.923,3.6535,3.4935,3.3356,3.25335,2.924
2022-12-06,4.22105,4.4581,4.717,4.8845,4.4175,3.9479,3.67595,3.51235,3.3375,3.23825,2.89725
2022-12-07,4.2285,4.4585,4.70045,4.8335,4.3364,3.86935,3.5979,3.43375,3.2579,3.1571,2.805
2022-12-08,4.2785,4.48365,4.71,4.83715,4.335,3.86885,3.6078,3.45135,3.27565,3.1713,2.799
2022-12-09,4.2941,4.49105,4.7283,4.8534,4.349,3.894,3.6449,3.4992,3.3408,3.2518,2.89705
2022-12-12,4.3142,4.515,4.7591,4.89345,4.4013,3.9489,3.69445,3.54185,3.38135,3.2933,2.93975
2022-12-13,4.3188,4.49175,4.682,4.7705,4.229,3.788,3.54385,3.3983,3.24505,3.1689,2.84725
2022-12-14,4.32735,4.4948,4.6708,4.73605,4.19145,3.7648,3.5279,3.38965,3.2524,3.1895,2.8812
2022-12-15,4.3167,4.5075,4.7126,4.814,4.274,3.8216,3.5676,3.4134,3.2497,3.163,2.8195
2022-12-16,4.3175,4.5095,4.6969,4.78795,4.26165,3.8199,3.5775,3.43315,3.2845,3.20845,2.87825
2022-12-19,4.3163,4.52395,4.7152,4.79135,4.2742,3.8495,3.6202,3.48725,3.35325,3.288,2.96925
2022-12-20,4.3185,4.5262,4.72615,4.80495,4.2997,3.8825,3.6605,3.53575,3.4076,3.3428,3.00825
2022-12-21,4.31795,4.51675,4.705,4.76815,4.267,3.86015,3.6463,3.5278,3.40425,3.3407,3.03025
2022-12-22,4.319,4.5419,4.731,4.79155,4.2745,3.86695,3.65575,3.5376,3.41425,3.348,3.0397
2022-12-23,4.322,4.5566,4.75205,4.82705,4.33995,3.9496,3.73245,3.608,3.4824,3.41435,3.09955
2022-12-26,4.3203,4.5575,4.755,4.828,4.3475,3.96345,3.749,3.62855,3.5019,3.4365,3.12335
2022-12-27,4.3215,4.57245,4.7856,4.88135,4.40925,4.02475,3.80505,3.6795,3.5586,3.4959,3.18525
2022-12-28,4.32155,4.5704,4.7768,4.872,4.4165,4.04035,3.8334,3.72,3.6119,3.5587,3.2375
2022-12-29,4.3285,4.5835,4.7802,4.87375,4.42765,4.05245,3.8517,3.7388,3.6132,3.542,3.2062
2022-12-30,4.35765,4.5961,4.805,4.9048,4.46225,4.08505,3.8824,3.7667,3.6369,3.5582,3.20725
2023-01-02,4.3565,4.59,4.8005,4.9005,4.446,4.0688,3.86225,3.74575,3.6267,3.5575,3.20855
2023-01-03,4.363,4.59945,4.8025,4.8994,4.4251,4.02045,3.7994,3.6705,3.5298,3.4469,3.1232
2023-01-04,4.3645,4.60655,4.80785,4.8944,4.3921,3.96535,3.734,3.599,3.4602,3.3815,3.07275
2023-01-05,4.4015,4.65325,4.86205,4.9598,4.47565,4.04585,3.80315,3.65665,3.4993,3.4024,3.056
2023-01-06,4.4025,4.615,4.8019,4.866,4.2983,3.84395,3.6005,3.4575,3.31235,3.234,2.93525
2023-01-09,4.4238,4.616,4.79125,4.83615,4.22915,3.772,3.5217,3.3756,3.24015,3.1765,2.91325
2023-01-10,4.42825,4.6267,4.80715,4.86295,4.28435,3.84725,3.6057,3.46685,3.34165,3.28325,3.01725
2023-01-11,4.43565,4.6355,4.81275,4.8612,4.2569,3.80585,3.56395,3.4239,3.295,3.2362,2.96235
2023-01-12,4.45705,4.623,4.78425,4.813,4.17335,3.713,3.4732,3.3391,3.226,3.18715,2.95905
2023-01-13,4.476,4.625,4.788,4.81675,4.1545,3.6858,3.43815,3.2966,3.17035,3.1242,2.8921
2023-01-16,4.47525,4.62565,4.7942,4.8475,4.22395,3.76245,3.516,3.3725,3.24075,3.1878,2.9376
2023-01-17,4.482,4.6295,4.79,4.828,4.18205,3.7227,3.4804,3.3442,3.2235,3.1805,2.93625
2023-01-18,4.4887,4.6373,4.7874,4.80195,4.1146,3.6368,3.38475,3.244,3.1332,3.10875,2.93925
2023-01-19,4.50905,4.6538,4.79935,4.8097,4.10325,3.6185,3.3665,3.227,3.10365,3.06575,2.8834
2023-01-20,4.51745,4.655,4.8075,4.83775,4.17845,3.71625,3.48155,3.3525,3.2255,3.1767,2.97475
2023-01-23,4.527,4.6589,4.813,4.84,4.1905,3.73955,3.50275,3.37045,3.24275,3.1928,2.99695
2023-01-24,4.5281,4.66165,4.8196,4.85045,4.19195,3.7295,3.484,3.34415,3.2077,3.1506,2.94565
2023-01-25,4.5319,4.65965,4.8087,4.82375,4.18,3.72505,3.48185,3.344,3.21435,3.16295,2.95775
2023-01-26,4.5534,4.67205,4.821,4.8375,4.2117,3.7727,3.5356,3.398,3.2625,3.2031,2.98825
2023-01-27,4.559,4.67345,4.8248,4.84375,4.23515,3.79755,3.5601,3.4219,3.28525,3.2244,2.9825
2023-01-30,4.5654,4.68095,4.833,4.869,4.2824,3.851,3.6117,3.47005,3.3252,3.25465,3.0041
2023-01-31,4.5745,4.68335,4.8285,4.8475,4.23785,3.7965,3.55855,3.42065,3.281,3.2177,2.9827
2023-02-01,4.57445,4.68375,4.8286,4.8387,4.21885,3.767,3.524,3.38345,3.2509,3.19445,2.9593
2023-02-02,4.569,4.6902,4.812,4.7865,4.08785,3.62005,3.37755,3.2422,3.11575,3.068,2.87595
2023-02-03,4.5663,4.7066,4.8751,4.9115,4.28415,3.8268,3.5834,3.44125,3.30275,3.2395,2.9915
2023-02-06,4.567,4.7205,4.9328,5.0304,4.4365,3.9875,3.73625,3.5841,3.4195,3.32525,3.0005
2023-02-07,4.562,4.7223,4.9355,5.041,4.4531,3.98855,3.72805,3.572,3.4092,3.31985,3.0117
2023-02-08,4.561,4.73155,4.9561,5.076,4.4845,4.0215,3.7619,3.60825,3.45635,3.3754,3.08275
2023-02-09,4.56095,4.755,4.961,5.0656,4.4861,4.02725,3.76015,3.59785,3.4243,3.3216,3.00825
2023-02-10,4.56365,4.76055,4.9775,5.103,4.5515,4.10125,3.84325,3.6868,3.5231,3.4299,3.1432
2023-02-13,4.5631,4.763,4.9874,5.12685,4.5853,4.1425,3.87865,3.7145,3.53745,3.4305,3.12805
2023-02-14,4.56395,4.771,5.0155,5.1915,4.697,4.2578,3.9824,3.8046,3.609,3.48425,3.15055
2023-02-15,4.56225,4.7781,5.0125,5.1855,4.7335,4.306,4.0242,3.84015,3.6434,3.518,3.16055
2023-02-16,4.563,4.809,5.0285,5.1712,4.69965,4.27925,4.01675,3.8488,3.6615,3.54385,3.19945
2023-02-17,4.5613,4.8185,5.0586,5.21245,4.70245,4.2785,4.0167,3.85065,3.67735,3.57465,3.23215
2023-02-20,4.56095,4.816,5.0515,5.1985,4.6775,4.249,3.988,3.8225,3.6455,3.53725,3.182
2023-02-21,4.5633,4.8404,5.0906,5.2587,4.765,4.34605,4.08995,3.9285,3.7522,3.6429,3.2596
2023-02-22,4.5705,4.8368,5.08075,5.24375,4.746,4.32735,4.076,3.91675,3.7405,3.62855,3.23765
2023-02-23,4.6071,4.8864,5.1246,5.279,4.7779,4.3447,4.091,3.92675,3.7435,3.62185,3.2118
2023-02-24,4.6125,4.89595,5.15,5.338,4.9075,4.4801,4.20805,4.02475,3.8181,3.6746,3.245
2023-02-27,4.65725,4.8859,5.13845,5.3311,4.90855,4.4705,4.18845,4.001,3.79925,3.66335,3.2576
2023-02-28,4.66115,4.89295,5.1495,5.3269,4.896,4.4533,4.1696,3.9836,3.7875,3.66,3.25425
2023-03-01,4.6665,4.913,5.16925,5.37,4.9693,4.5303,4.2504,4.065,3.86135,3.7251,3.295
2023-03-02,4.6986,4.93375,5.196,5.395,5.0098,4.5874,4.31485,4.1358,3.9414,3.81095,3.3582
2023-03-03,4.7049,4.9371,5.20065,5.3885,4.996,4.57345,4.2956,4.10725,3.89,3.733,3.24935
2023-03-06,4.7289,4.9503,5.20755,5.38795,4.969,4.5329,4.2503,4.06105,3.8485,3.69835,3.2162
2023-03-07,4.76935,5.02725,5.3116,5.50615,5.05245,4.5881,4.2905,4.08955,3.85875,3.692,3.1981
2023-03-08,4.80105,5.0815,5.3615,5.55515,5.101,4.628,4.3115,4.09205,3.8427,3.6634,3.1558
2023-03-09,4.8505,5.118,5.3932,5.56585,5.06165,4.5845,4.283,4.08295,3.8566,3.7007,3.21165
2023-03-10,4.81695,5.0339,5.2301,5.2915,4.7225,4.26375,3.97515,3.78905,3.582,3.45015,3.0123
2023-03-13,4.7197,4.8254,4.774,4.561,4.0889,3.795,3.58425,3.446,3.2955,3.207,2.891
2023-03-14,4.7375,4.8721,4.86,4.7729,4.3463,4.0451,3.82485,3.6715,3.5056,3.4012,3.03075
2023-03-15,4.6529,4.711,4.4749,4.1587,3.73,3.5276,3.37945,3.27,3.18545,3.16525,2.93
2023-03-16,4.76135,4.871,4.80305,4.602,4.10775,3.83295,3.64555,3.5065,3.36015,3.28585,2.9746
2023-03-17,4.7465,4.8071,4.6895,4.43705,3.9195,3.646,3.4705,3.346,3.2323,3.1861,2.9031
2023-03-20,4.7565,4.8358,4.699,4.4468,3.891,3.6328,3.4814,3.3715,3.25375,3.19975,2.9046
2023-03-21,4.7719,4.8725,4.8497,4.70725,4.1437,3.82105,3.63535,3.51005,3.37665,3.30735,2.98455
2023-03-22,4.77645,4.893,4.9115,4.76985,4.21815,3.8849,3.68305,3.5461,3.3993,3.31765,2.9827
2023-03-23,4.8032,4.86725,4.7821,4.529,3.86075,3.52295,3.345,3.2422,3.16515,3.1578,2.98415
2023-03-24,4.79375,4.8271,4.7045,4.39875,3.74775,3.4415,3.28125,3.18395,3.09735,3.078,2.90675
2023-03-27,4.80735,4.8907,4.84,4.58905,3.94265,3.6102,3.43405,3.3281,3.22925,3.19595,2.956
2023-03-28,4.807,4.9025,4.8727,4.66885,4.05025,3.7104,3.5231,3.40875,3.29975,3.2553,3.0034
2023-03-29,4.803,4.88535,4.8552,4.67,4.07105,3.7305,3.5369,3.4175,3.30425,3.256,3.01625
2023-03-30,4.804,4.91135,4.9073,4.7397,4.15315,3.79445,3.58425,3.45595,3.32795,3.26725,3.00545
2023-03-31,4.8067,4.923,4.924,4.752,4.14085,3.76495,3.548,3.415,3.28435,3.22445,2.9691
2023-04-03,4.81355,4.9337,4.94275,4.72015,4.009,3.61475,3.39655,3.269,3.1495,3.1028,2.8981
2023-04-04,4.82835,4.90785,4.8607,4.59105,3.8901,3.51325,3.3075,3.1895,3.09015,3.0617,2.88925
2023-04-05,4.826,4.885,4.798,4.461,3.7231,3.3665,3.182,3.0801,2.99375,2.97925,2.86415
2023-04-06,4.83395,4.9134,4.85275,4.559,3.8248,3.44,3.2374,3.1205,3.0215,2.99475,2.8528
2023-04-07,4.8537,4.9683,4.95535,4.73145,4.012,3.613,3.396,3.26835,3.146,3.103,2.913
2023-04-10,4.8627,4.9735,4.9705,4.75265,4.03075,3.6417,3.42915,3.30325,3.18275,3.133,2.9301
2023-04-11,4.8803,4.98975,4.9895,4.7675,4.08025,3.701,3.4815,3.34765,3.2166,3.157,2.93285
2023-04-12,4.88,4.9887,4.9737,4.7354,4.0217,3.6306,3.40935,3.2786,3.1595,3.1145,2.91715
2023-04-13,4.88615,4.9789,4.9425,4.675,3.9565,3.577,3.36975,3.2544,3.1512,3.1223,2.9464
2023-04-14,4.91105,5.0306,5.03625,4.8119,4.10495,3.72,3.51155,3.39075,3.27075,3.225,3.02415
2023-04-17,4.92535,5.04975,5.07875,4.88615,4.20785,3.8262,3.6081,3.47775,3.3493,3.2948,3.092
2023-04-18,4.9415,5.0499,5.07525,4.8715,4.1862,3.79875,3.5763,3.445,3.318,3.2656,3.0724
2023-04-19,4.945,5.05995,5.09545,4.9235,4.2715,3.88635,3.6645,3.53255,3.4015,3.3439,3.1295
2023-04-20,4.9631,5.062,5.08,4.8646,4.15825,3.7618,3.54065,3.4149,3.29305,3.24685,3.0505
2023-04-21,4.97295,5.06975,5.09255,4.8895,4.1784,3.78205,3.57055,3.4518,3.32975,3.28,3.08075
2023-04-24,4.9825,5.073,5.08035,4.84725,4.12,3.72605,3.51,3.38755,3.26785,3.22095,3.028
2023-04-25,4.9861,5.055,5.03855,4.76015,4.00015,3.604,3.3938,3.27805,3.16855,3.1315,2.96015
2023-04-26,4.9785,5.039,5.0148,4.72255,3.96225,3.57545,3.37435,3.2656,3.1618,3.12955,2.95785
2023-04-27,5.013,5.08075,5.076,4.80585,4.05775,3.67045,3.46775,3.35795,3.2571,3.22665,3.05045
2023-04-28,5.027,5.087,5.0865,4.8225,4.0567,3.65325,3.44385,3.32695,3.21375,3.16985,2.98135
2023-05-01,5.048,5.1154,5.128,4.899,4.1457,3.74025,3.52965,3.4135,3.3112,3.277,3.09355
2023-05-02,5.03,5.0414,4.999,4.7186,3.95585,3.56415,3.3683,3.26685,3.1846,3.17315,3.026
2023-05-03,5.043,5.069,5.02445,4.71,3.9095,3.5074,3.31175,3.20975,3.12975,3.1175,2.98415
2023-05-04,5.05505,5.0463,4.95915,4.5715,3.7455,3.35,3.1655,3.0823,3.0412,3.07,3.0105
2023-05-05,5.052,5.075,5.02,4.67675,3.89625,3.5173,3.3336,3.24595,3.187,3.1945,3.0767
2023-05-08,5.0517,5.078,5.02515,4.685,3.90505,3.5356,3.3537,3.269,3.2105,3.219,3.1004
2023-05-09,5.05795,5.1001,5.05035,4.7267,3.95595,3.5795,3.3895,3.297,3.231,3.23425,3.1115
2023-05-10,5.0587,5.0869,5.0309,4.681,3.88425,3.50235,3.3105,3.21845,3.165,3.1818,3.09345
2023-05-11,5.05135,5.06885,4.9857,4.5991,3.77975,3.40055,3.21435,3.1275,3.082,3.10935,3.04275
2023-05-12,5.058,5.091,5.03055,4.685,3.88445,3.4967,3.30235,3.2068,3.1375,3.14085,3.03075
2023-05-15,5.068,5.09675,5.04475,4.7016,3.9061,3.5301,3.3467,3.2595,3.19885,3.2095,3.1009
2023-05-16,5.07485,5.113,5.0709,4.75675,3.982,3.595,3.40205,3.30905,3.24675,3.25475,3.145
2023-05-17,5.07765,5.1311,5.0986,4.80235,4.0265,3.63395,3.4364,3.3395,3.2653,3.26085,3.13605
2023-05-18,5.08825,5.1555,5.13905,4.868,4.125,3.738,3.5375,3.43715,3.3559,3.34275,3.18635
2023-05-19,5.0845,5.13525,5.11725,4.8512,4.131,3.7561,3.56525,3.4705,3.39,3.37405,3.2165
2023-05-22,5.1011,5.1695,5.171,4.9245,4.21,3.8425,3.6508,3.54995,3.46205,3.43735,3.2575
2023-05-23,5.107,5.1855,5.195,4.96565,4.26065,3.8795,3.677,3.5688,3.48015,3.457,3.277
2023-05-24,5.11495,5.2075,5.2185,4.9797,4.2415,3.85195,3.653,3.5445,3.4515,3.4225,3.23725
2023-05-25,5.14765,5.258,5.2925,5.086,4.3564,3.957,3.75875,3.65125,3.5505,3.512,3.2765
2023-05-26,5.15485,5.28335,5.32995,5.19035,4.5295,4.1279,3.9082,3.78,3.6515,3.5863,3.2973
2023-05-29,5.1511,5.2772,5.315,5.1564,4.4807,4.08,3.85845,3.731,3.603,3.5395,3.26135
2023-05-30,5.171,5.283,5.315,5.1223,4.39335,3.971,3.74775,3.623,3.4972,3.4384,3.19275
2023-05-31,5.178,5.2927,5.3,5.079,4.3235,3.9015,3.68245,3.56075,3.4437,3.39605,3.182
2023-06-01,5.13415,5.2241,5.23735,5.0091,4.24375,3.825,3.6114,3.49675,3.3904,3.3546,3.15515
2023-06-02,5.14715,5.25185,5.29,5.103,4.3629,3.94095,3.71805,3.5936,3.4744,3.424,3.18735
2023-06-05,5.13095,5.2349,5.2725,5.0858,4.3567,3.94915,3.72935,3.60595,3.48835,3.43845,3.19375
2023-06-06,5.12395,5.2268,5.262,5.0833,4.3785,3.9702,3.746,3.619,3.49475,3.4395,3.19195
2023-06-07,5.1425,5.25055,5.30205,5.167,4.49675,4.07845,3.8451,3.7112,3.5744,3.506,3.22915
2023-06-08,5.13825,5.2342,5.259,5.0927,4.4032,3.99195,3.76835,3.64335,3.524,3.47195,3.22345
2023-06-09,5.148,5.2466,5.28175,5.1434,4.48115,4.05905,3.8217,3.684,3.54785,3.4806,3.208
2023-06-12,5.143,5.2505,5.29,5.15485,4.48755,4.0733,3.835,3.69575,3.56155,3.49725,3.23275
2023-06-13,5.1,5.21115,5.27015,5.1803,4.5305,4.11045,3.86905,3.72885,3.586,3.51225,3.22685
2023-06-14,5.098,5.2121,5.273,5.1815,4.52835,4.11375,3.87215,3.73095,3.58425,3.50505,3.21535
2023-06-15,5.0758,5.2042,5.2897,5.2305,4.58095,4.14275,3.88545,3.72985,3.5705,3.48245,3.18675
2023-06-16,5.079,5.21575,5.29815,5.2537,4.6347,4.2032,3.93815,3.775,3.601,3.50095,3.18925
2023-06-19,5.0815,5.217,5.301,5.2474,4.62655,4.20025,3.93325,3.76825,3.599,3.501,3.188
2023-06-20,5.0829,5.2225,5.30395,5.23255,4.58675,4.15155,3.886,3.72175,3.54835,3.4509,3.15585
2023-06-21,5.09,5.2384,5.33035,5.2794,4.64675,4.2135,3.95115,3.78965,3.616,3.51685,3.2138
2023-06-22,5.0854,5.2367,5.3246,5.28015,4.6593,4.2264,3.9625,3.7989,3.6177,3.50975,3.19085
2023-06-23,5.0815,5.2335,5.3199,5.2695,4.65685,4.22205,3.95655,3.79105,3.60255,3.48765,3.1693
2023-06-26,5.0875,5.2364,5.3225,5.2615,4.61585,4.17305,3.90415,3.73625,3.5535,3.4454,3.1418
2023-06-27,5.104,5.2432,5.3375,5.3061,4.69455,4.2583,3.98655,3.81585,3.627,3.51085,3.1953
2023-06-28,5.094,5.237,5.33655,5.29515,4.664,4.22155,3.9481,3.7769,3.59375,3.48435,3.17745
2023-06-29,5.116,5.2595,5.37275,5.38085,4.782,4.33755,4.06005,3.885,3.687,3.5576,3.217
2023-06-30,5.14,5.266,5.3735,5.3711,4.80325,4.37405,4.09285,3.9098,3.70245,3.5635,3.19415
2023-07-03,5.1435,5.27,5.376,5.38,4.8405,4.42145,4.13885,3.95085,3.73575,3.58635,3.1987
2023-07-04,5.1428,5.2738,5.3809,5.388,4.857,4.43895,4.16,3.974,3.75665,3.6035,3.20565
2023-07-05,5.14385,5.276,5.37435,5.368,4.8383,4.43495,4.16545,3.98805,3.7845,3.64405,3.2551
2023-07-06,5.1715,5.2975,5.41095,5.451,4.98,4.624,4.379,4.2115,3.9972,3.8307,3.365
2023-07-07,5.1795,5.297,5.399,5.3903,4.85295,4.48725,4.2558,4.106,3.9236,3.7886,3.3668
2023-07-10,5.1927,5.29625,5.394,5.377,4.81485,4.43925,4.205,4.05555,3.885,3.76325,3.372
2023-07-11,5.198,5.30365,5.4076,5.3821,4.81665,4.42965,4.1855,4.03035,3.854,3.73275,3.3607
2023-07-12,5.201,5.30205,5.384,5.3099,4.66995,4.257,4.0083,3.8585,3.70225,3.606,3.29675
2023-07-13,5.222,5.30685,5.37225,5.25,4.5734,4.158,3.91475,3.77475,3.62685,3.5416,3.2636
2023-07-14,5.234,5.317,5.3955,5.2995,4.633,4.1958,3.93865,3.7865,3.62415,3.5275,3.2401
2023-07-17,5.24975,5.32475,5.4017,5.3085,4.66015,4.23065,3.9712,3.81665,3.6547,3.5599,3.2725
2023-07-18,5.256,5.3293,5.40085,5.28355,4.6191,4.17365,3.905,3.7465,3.5844,3.4928,3.21895
2023-07-19,5.26505,5.3365,5.4055,5.30705,4.65585,4.20835,3.937,3.77565,3.6082,3.50775,3.214
2023-07-20,5.2875,5.347,5.42415,5.3615,4.75585,4.3255,4.0529,3.88725,3.7022,3.5832,3.2452
2023-07-21,5.29465,5.346,5.41755,5.349,4.73895,4.30475,4.0365,3.87125,3.6855,3.5646,3.228
2023-07-24,5.308,5.355,5.4315,5.37595,4.78435,4.3614,4.08875,3.9169,3.72695,3.60265,3.27
2023-07-25,5.3161,5.36265,5.4443,5.39,4.81975,4.4152,4.1468,3.97635,3.78235,3.65075,3.29075
2023-07-26,5.31885,5.36915,5.44925,5.39925,4.81485,4.39005,4.1179,3.9462,3.75375,3.624,3.2782
2023-07-27,5.31835,5.3715,5.4475,5.41145,4.84855,4.42925,4.1619,3.9951,3.8102,3.6885,3.3451
2023-07-28,5.31535,5.36265,5.4273,5.3685,4.7937,4.3815,4.126,3.97015,3.8016,3.69425,3.3675
2023-07-31,5.3157,5.3635,5.42855,5.3674,4.792,4.38205,4.1266,3.9703,3.8011,3.692,3.359
2023-08-01,5.31555,5.36395,5.4285,5.371,4.8155,4.42105,4.1814,4.03725,3.88125,3.78285,3.45025
2023-08-02,5.3155,5.36865,5.43325,5.37385,4.82425,4.434,4.2002,4.06375,3.92455,3.84285,3.54475
2023-08-03,5.3142,5.36665,5.426,5.3435,4.7766,4.4043,4.1845,4.06185,3.94685,3.8894,3.62835
2023-08-04,5.314,5.36295,5.41775,5.32175,4.71795,4.32265,4.0992,3.97625,3.8589,3.804,3.5613
2023-08-07,5.3122,5.3621,5.4203,5.30815,4.677,4.28775,4.06655,3.94565,3.83785,3.79465,3.56575
2023-08-08,5.31185,5.3626,5.419,5.31055,4.67795,4.2746,4.04005,3.90545,3.77965,3.72225,3.4973
2023-08-09,5.311,5.36575,5.41775,5.30665,4.66855,4.2598,4.022,3.8868,3.7615,3.7066,3.4729
2023-08-10,5.31075,5.36165,5.41055,5.30095,4.67885,4.28365,4.05685,3.92965,3.805,3.7495,3.51395
2023-08-11,5.30995,5.36815,5.42675,5.35095,4.77105,4.3958,4.178,4.052,3.9243,3.8586,3.58465
2023-08-14,5.3109,5.372,5.436,5.3734,4.8195,4.4585,4.23875,4.10615,3.9654,3.8844,3.5833
2023-08-15,5.3111,5.37125,5.432,5.366,4.8142,4.45535,4.238,4.111,3.98385,3.91495,3.6315
2023-08-16,5.3109,5.37475,5.43345,5.36485,4.82015,4.4676,4.25685,4.13125,4.00125,3.92745,3.6342
2023-08-17,5.31095,5.379,5.43975,5.37815,4.85245,4.5224,4.3258,4.2118,4.0912,4.022,3.7258
2023-08-18,5.31335,5.3725,5.4227,5.34575,4.8036,4.4647,4.2661,4.149,4.03,3.96535,3.6855
2023-08-21,5.3166,5.38275,5.443,5.3865,4.8755,4.5577,4.37125,4.26185,4.1486,4.0861,3.7994
2023-08-22,5.31625,5.38675,5.4552,5.408,4.90575,4.5805,4.3835,4.26465,4.13845,4.06435,3.75255
2023-08-23,5.3161,5.38225,5.43535,5.3611,4.8234,4.483,4.27675,4.15335,4.0275,3.95675,3.65165
2023-08-24,5.3248,5.4011,5.46475,5.407,4.8645,4.5145,4.30525,4.17625,4.03725,3.94905,3.61925
2023-08-25,5.3295,5.41325,5.491,5.46635,4.9366,4.5743,4.3635,4.2316,4.08225,3.98155,3.626
2023-08-28,5.331,5.42025,5.49835,5.4767,4.93775,4.55785,4.33575,4.19595,4.0442,3.948,3.6245
2023-08-29,5.32395,5.4,5.46,5.39675,4.8191,4.432,4.213,4.082,3.9455,3.8667,3.58
2023-08-30,5.324,5.39335,5.4505,5.366,4.772,4.3848,4.163,4.032,3.9016,3.82925,3.56175
2023-08-31,5.3295,5.399,5.4495,5.365,4.78225,4.3944,4.17005,4.0368,3.89695,3.81425,3.5225
2023-09-01,5.3254,5.3905,5.4395,5.36,4.78565,4.41735,4.2084,4.08835,3.96625,3.89765,3.61875
2023-09-04,5.325,5.387,5.4341,5.3513,4.773,4.403,4.19145,4.073,3.952,3.89,3.618
2023-09-05,5.327,5.394,5.44765,5.38405,4.83745,4.47145,4.2636,4.1449,4.02655,3.96405,3.6922
2023-09-06,5.33,5.4097,5.48,5.446,4.9229,4.556,4.34305,4.2175,4.08325,4.00235,3.6937
2023-09-07,5.3281,5.40625,5.4655,5.4125,4.8785,4.51905,4.3085,4.1858,4.06035,3.9899,3.69225
2023-09-08,5.32675,5.401,5.4576,5.397,4.8462,4.4785,4.2686,4.14575,4.01785,3.9466,3.65285
2023-09-11,5.33125,5.4051,5.46675,5.416,4.87945,4.51985,4.31205,4.18915,4.06105,3.9912,3.6975
2023-09-12,5.33415,5.40425,5.4645,5.41665,4.89095,4.5306,4.31995,4.1953,4.06265,3.98855,3.69685
2023-09-13,5.3272,5.404,5.47155,5.432,4.902,4.5367,4.32375,4.19645,4.0605,3.983,3.6835
2023-09-14,5.326,5.39815,5.4608,5.412,4.8828,4.5152,4.29935,4.17455,4.04545,3.976,3.7024
2023-09-15,5.3241,5.3975,5.463,5.4414,4.934,4.5706,4.3573,4.23225,4.09785,4.02205,3.72695
2023-09-18,5.3243,5.3945,5.4648,5.4495,4.95495,4.5941,4.37745,4.24825,4.11195,4.0352,3.74185
2023-09-19,5.3246,5.393,5.4653,5.4514,4.98,4.62355,4.40425,4.2717,4.1287,4.0441,3.7338
2023-09-20,5.3225,5.393,5.465,5.4425,4.9576,4.6023,4.3836,4.25225,4.11225,4.031,3.72495
2023-09-21,5.317,5.39595,5.4717,5.468,5.0345,4.7053,4.5062,4.39005,4.2666,4.1939,3.88715
2023-09-22,5.3165,5.3875,5.46575,5.464,5.0109,4.66345,4.46,4.34175,4.21715,4.1451,3.84775
2023-09-25,5.317,5.3801,5.45625,5.44955,4.9988,4.6624,4.4732,4.36835,4.26915,4.22145,3.955
2023-09-26,5.31975,5.3881,5.465,5.4671,5.0249,4.69045,4.5011,4.39775,4.29795,4.2506,3.9883
2023-09-27,5.31875,5.3916,5.46725,5.46885,5.021,4.68545,4.49895,4.3985,4.3014,4.25615,3.98925
2023-09-28,5.3168,5.39,5.4585,5.4534,5.0292,4.724,4.5553,4.4673,4.378,4.33685,4.056
2023-09-29,5.3205,5.389,5.452,5.431,4.96275,4.62775,4.4495,4.3563,4.27305,4.23925,3.9825
2023-10-02,5.33,5.41315,5.4837,5.475,5.02785,4.71115,4.54545,4.46365,4.3894,4.36,4.0825
2023-10-03,5.331,5.42225,5.49525,5.485,5.053,4.7567,4.6035,4.53155,4.47385,4.45705,4.20125
2023-10-04,5.3288,5.403,5.456,5.41915,4.98475,4.70465,4.5621,4.49825,4.44905,4.43725,4.19025
2023-10-05,5.3351,5.404,5.45125,5.3869,4.9244,4.6391,4.5019,4.44285,4.4064,4.40735,4.1972
2023-10-06,5.34675,5.421,5.476,5.43,4.97555,4.7016,4.569,4.51105,4.47455,4.4725,4.25175
2023-10-09,5.347,5.4197,5.474,5.3432,4.9255,4.709,4.57605,4.519,4.4875,4.4935,4.286
2023-10-10,5.3319,5.3885,5.4292,5.3429,4.855,4.5652,4.4271,4.368,4.336,4.3438,4.15615
2023-10-11,5.33,5.38925,5.432,5.3577,4.8833,4.58425,4.42875,4.35165,4.2919,4.2761,4.04725
2023-10-12,5.335,5.405,5.4668,5.4226,4.97135,4.6743,4.517,4.4387,4.36965,4.34435,4.093
2023-10-13,5.331,5.39135,5.44435,5.3874,4.935,4.6356,4.479,4.40195,4.33975,4.3214,4.0835
2023-10-16,5.3335,5.395,5.45335,5.4019,4.96515,4.6826,4.5319,4.4588,4.40255,4.38915,4.164
2023-10-17,5.3385,5.4095,5.48425,5.46085,5.07435,4.8135,4.67085,4.59985,4.5326,4.50355,4.23775
2023-10-18,5.3385,5.414,5.4933,5.4779,5.11895,4.87785,4.7445,4.67815,4.61775,4.59115,4.307
2023-10-19,5.3333,5.4013,5.47375,5.4469,5.09635,4.8834,4.7645,4.70535,4.64325,4.6079,4.29925
2023-10-20,5.3221,5.377,5.433,5.3637,4.94975,4.7233,4.6202,4.5761,4.54875,4.5535,4.33795
2023-10-23,5.3234,5.37715,5.441,5.3801,4.95855,4.7223,4.61335,4.56555,4.5345,4.53425,4.3085
2023-10-24,5.32695,5.3866,5.457,5.4004,4.976,4.73375,4.62295,4.574,4.53815,4.5329,4.296
2023-10-25,5.32485,5.387,5.453,5.3978,4.997,4.7668,4.65895,4.61235,4.5819,4.5815,4.361
2023-10-26,5.32475,5.38055,5.4357,5.362,4.9454,4.71815,4.61645,4.57525,4.5555,4.569,4.35315
2023-10-27,5.3205,5.377,5.43295,5.355,4.9184,4.6745,4.56725,4.5243,4.505,4.518,4.32155
2023-10-30,5.3185,5.381,5.44075,5.36285,4.9195,4.676,4.5704,4.53015,4.51855,4.54025,4.3413
2023-10-31,5.32,5.3885,5.45525,5.396,4.9586,4.70155,4.581,4.52775,4.49775,4.5036,4.2887
2023-11-01,5.32595,5.3875,5.44175,5.3567,4.89265,4.6299,4.5094,4.4581,4.43675,4.45515,4.2743
2023-11-02,5.3205,5.3806,5.42905,5.3311,4.8541,4.57455,4.4388,4.37655,4.33535,4.337,4.16155
2023-11-03,5.322,5.3615,5.386,5.234,4.7031,4.41345,4.27485,4.213,4.1809,4.1969,4.03795
2023-11-06,5.319,5.365,5.391,5.25695,4.7595,4.4871,4.3593,4.3041,4.2729,4.28535,4.119
2023-11-07,5.3201,5.367,5.397,5.274,4.77365,4.4866,4.34145,4.2709,4.2198,4.2142,4.0305
2023-11-08,5.319,5.3686,5.3968,5.2723,4.7556,4.456,4.3008,4.22165,4.161,4.14925,3.95975
2023-11-09,5.32125,5.373,5.40545,5.3011,4.8006,4.506,4.3529,4.27645,4.2154,4.2026,4.0095
2023-11-10,5.3205,5.3788,5.4175,5.3295,4.85015,4.5626,4.41095,4.33215,4.2665,4.24505,4.0324
2023-11-13,5.32365,5.38835,5.4324,5.34225,4.87275,4.6016,4.4582,4.3835,4.3193,4.2966,4.06925
2023-11-14,5.3251,5.362,5.37125,5.2106,4.68025,4.38945,4.24115,4.1671,4.1163,4.11375,3.945
2023-11-15,5.3278,5.3675,5.37805,5.2425,4.73705,4.4513,4.3059,4.23445,4.18565,4.1845,4.0099
2023-11-16,5.33,5.36635,5.3634,5.20465,4.6759,4.3862,4.239,4.167,4.1193,4.1212,3.9696
2023-11-17,5.33065,5.3698,5.37345,5.233,4.7159,4.4157,4.2587,4.1785,4.1197,4.1155,3.9499
2023-11-20,5.3328,5.37485,5.3807,5.245,4.725,4.4245,4.26715,4.1871,4.128,4.1205,3.93805
2023-11-21,5.3385,5.3775,5.37525,5.2234,4.6742,4.3556,4.19405,4.11225,4.0546,4.05195,3.8909
2023-11-22,5.342,5.3868,5.39445,5.2669,4.7305,4.4135,4.25365,4.17155,4.1023,4.0867,3.8954
2023-11-23,5.34105,5.388,5.3932,5.257,4.72215,4.396,4.2295,4.144,4.0755,4.063,3.8715
2023-11-24,5.3437,5.3895,5.4,5.27505,4.753,4.44455,4.291,4.21095,4.146,4.1334,3.93375
2023-11-27,5.3413,5.3849,5.39185,5.2589,4.7249,4.40755,4.2467,4.16225,4.09545,4.0819,3.90155
2023-11-28,5.34,5.3725,5.36285,5.1965,4.62435,4.2931,4.12915,4.04475,3.98875,3.9921,3.8438
2023-11-29,5.341,5.3685,5.3337,5.105,4.4942,4.17425,4.01755,3.94055,3.8905,3.8981,3.76955
2023-11-30,5.347,5.3746,5.3385,5.114,4.52375,4.21795,4.0685,3.9963,3.95,3.9595,3.8075
2023-12-01,5.34515,5.3645,5.30375,5.03695,4.426,4.1243,3.9807,3.9136,3.879,3.90165,3.7715
2023-12-04,5.3622,5.3785,5.32135,5.0589,4.447,4.14915,4.0074,3.93965,3.8995,3.9123,3.78
2023-12-05,5.3658,5.379,5.3117,5.0295,4.4003,4.0862,3.93,3.85,3.79475,3.79615,3.63855
2023-12-06,5.3551,5.3715,5.3055,5.03885,4.4132,4.08625,3.9227,3.83605,3.7675,3.7555,3.5823
2023-12-07,5.35465,5.3655,5.2924,5.01595,4.383,4.05715,3.89755,3.8143,3.75,3.741,3.5755
2023-12-08,5.356,5.38035,5.33515,5.11065,4.52155,4.2023,4.0409,3.9545,3.8841,3.8643,3.6691
2023-12-11,5.361,5.3846,5.3481,5.13575,4.5605,4.24835,4.0821,3.98935,3.9106,3.88085,3.6641
2023-12-12,5.362,5.3848,5.339,5.10595,4.51875,4.19905,4.0321,3.9405,3.8656,3.841,3.64115
2023-12-13,5.359,5.381,5.3213,5.078,4.4846,4.162,3.9906,3.89475,3.81215,3.78085,3.56975
2023-12-14,5.3559,5.367,5.227,4.8603,4.1782,3.8568,3.69625,3.6122,3.54955,3.54325,3.37815
2023-12-15,5.356,5.3682,5.2409,4.8956,4.2125,3.8838,3.7183,3.6274,3.5515,3.5311,3.34165
2023-12-18,5.35725,5.37285,5.25635,4.9301,4.2602,3.9308,3.7618,3.669,3.59175,3.56965,3.3793
2023-12-19,5.3568,5.37125,5.2428,4.8974,4.2395,3.9112,3.737,3.63875,3.5521,3.5216,3.3239
2023-12-20,5.35675,5.36665,5.22275,4.8639,4.19275,3.86915,3.70775,3.62045,3.5482,3.5304,3.3565
2023-12-21,5.358,5.3519,5.19035,4.8042,4.1239,3.7989,3.63945,3.555,3.487,3.4733,3.3075
2023-12-22,5.356,5.34845,5.1761,4.7829,4.1156,3.80635,3.6568,3.5806,3.5242,3.519,3.3605
2023-12-26,5.3585,5.3499,5.19035,4.8116,4.14775,3.8295,3.67375,3.5936,3.5307,3.5205,3.3565
2023-12-27,5.3595,5.34085,5.174,4.7801,4.0914,3.7642,3.60475,3.52185,3.4557,3.4427,3.2823
2023-12-28,5.354,5.332,5.1603,4.77325,4.08395,3.7532,3.5955,3.515,3.44855,3.4345,3.27495
2023-12-29,5.34825,5.329,5.1573,4.7695,4.083,3.76235,3.6062,3.5315,3.4687,3.46195,3.2911
2024-01-02,5.3455,5.33145,5.16625,4.79255,4.12895,3.8146,3.65855,3.57985,3.5233,3.5115,3.3489
2024-01-03,5.343,5.3345,5.1867,4.8262,4.1684,3.855,3.6992,3.6179,3.5585,3.5453,3.3959
2024-01-04,5.3387,5.329,5.1934,4.85345,4.2022,3.891,3.734,3.65245,3.592,3.58025,3.4301
2024-01-05,5.3365,5.3196,5.1611,4.8073,4.1685,3.8655,3.7192,3.6436,3.5925,3.5885,3.4503
2024-01-08,5.337,5.3221,5.16525,4.80475,4.1602,3.8656,3.72585,3.6537,3.60695,3.6039,3.4666
2024-01-09,5.33495,5.327,5.18875,4.8494,4.22135,3.92535,3.7801,3.70335,3.64985,3.6411,3.4975
2024-01-10,5.33315,5.319,5.1675,4.8143,4.1857,3.89265,3.751,3.6788,3.6315,3.634,3.5
2024-01-11,5.33375,5.3132,5.15125,4.78635,4.1608,3.8793,3.7488,3.6858,3.64825,3.65835,3.5362
2024-01-12,5.3318,5.29875,5.08645,4.64575,3.9806,3.71385,3.5991,3.5494,3.53115,3.5616,3.4866
2024-01-15,5.3321,5.30055,5.0855,4.6385,3.97655,3.7147,3.6007,3.5505,3.525,3.5476,3.46035
2024-01-16,5.3352,5.3101,5.1135,4.6745,4.0235,3.7655,3.65775,3.6134,3.5972,3.627,3.55695
2024-01-17,5.3368,5.3201,5.173,4.8158,4.1972,3.9315,3.8098,3.7511,3.71285,3.7195,3.5998
2024-01-18,5.3338,5.3144,5.158,4.7944,4.1755,3.91545,3.8022,3.7514,3.7245,3.7411,3.6367
2024-01-19,5.3307,5.3157,5.1743,4.835,4.24065,3.9886,3.8765,3.824,3.79145,3.7994,3.67525
2024-01-22,5.33335,5.3244,5.19025,4.84565,4.2152,3.94385,3.82105,3.7615,3.726,3.7336,3.62175
2024-01-23,5.3329,5.3246,5.19335,4.8551,4.239,3.969,3.8496,3.79345,3.7646,3.7789,3.6774
2024-01-24,5.3335,5.3225,5.18415,4.837,4.22,3.954,3.8412,3.791,3.766,3.7808,3.6794
2024-01-25,5.3338,5.3149,5.15235,4.7888,4.1758,3.92455,3.8175,3.7731,3.7499,3.7658,3.6585
2024-01-26,5.33285,5.3128,5.15385,4.79935,4.19725,3.9399,3.828,3.77895,3.7548,3.77125,3.66515
2024-01-29,5.3265,5.30655,5.1473,4.796,4.1885,3.923,3.8041,3.75015,3.7251,3.74205,3.64375
2024-01-30,5.3272,5.3182,5.1759,4.837,4.22835,3.95205,3.8214,3.75655,3.7155,3.7184,3.5975
2024-01-31,5.32025,5.2803,5.08485,4.701,4.0835,3.80995,3.6814,3.61875,3.582,3.5917,3.4935
2024-02-01,5.31705,5.2814,5.0799,4.664,4.0035,3.7165,3.5813,3.51325,3.46705,3.46865,3.3664
2024-02-02,5.322,5.31765,5.1941,4.87375,4.25605,3.9692,3.832,3.759,3.70255,3.6914,3.5415
2024-02-05,5.3234,5.327,5.2205,4.9251,4.33895,4.07105,3.9397,3.87145,3.81695,3.80445,3.63725
2024-02-06,5.31865,5.314,5.1935,4.8721,4.2795,4.0045,3.86705,3.79385,3.73935,3.7287,3.5801
2024-02-07,5.319,5.3088,5.1777,4.84805,4.2533,3.9807,3.846,3.7762,3.728,3.7244,3.583
2024-02-08,5.32,5.3085,5.18945,4.8807,4.307,4.0452,3.9167,3.85,3.8024,3.7969,3.6506
2024-02-09,5.3212,5.30965,5.1965,4.90735,4.3467,4.08725,3.95925,3.88985,3.835,3.8158,3.6489
2024-02-12,5.31935,5.3121,5.2022,4.9133,4.34525,4.08625,3.9582,3.88905,3.83755,3.82725,3.66615
2024-02-13,5.3206,5.3268,5.261,5.024,4.487,4.22305,4.08575,4.007,3.93955,3.912,3.703
2024-02-14,5.3211,5.32265,5.2487,5.0039,4.4705,4.21235,4.07825,4.0022,3.9398,3.9171,3.72165
2024-02-15,5.315,5.31755,5.243,5.0012,4.4605,4.1965,4.0593,3.9815,3.9175,3.89705,3.7055
2024-02-16,5.3194,5.3253,5.268,5.0549,4.5387,4.27795,4.1382,4.05595,3.9822,3.9482,3.73595
2024-02-19,5.3178,5.3225,5.2575,5.03215,4.509,4.2456,4.104,4.0213,3.9482,3.91705,3.7062
2024-02-20,5.31775,5.321,5.241,4.9891,4.4511,4.18715,4.0507,3.9728,3.90975,3.8886,3.7021
2024-02-21,5.31745,5.32475,5.25705,5.0299,4.50525,4.23995,4.1011,4.02085,3.952,3.9246,3.7311
2024-02-22,5.31795,5.3285,5.27305,5.07265,4.5644,4.2944,4.14975,4.06475,3.98775,3.95225,3.73705
2024-02-23,5.3205,5.3349,5.27635,5.0675,4.5559,4.2815,4.1298,4.03765,3.9502,3.90485,3.676
2024-02-26,5.324,5.342,5.29295,5.0935,4.578,4.29245,4.13095,4.03305,3.9442,3.89955,3.6748
2024-02-27,5.326,5.3403,5.28615,5.0889,4.5755,4.2886,4.1284,4.0328,3.94535,3.90315,3.68575
2024-02-28,5.3244,5.3352,5.2775,5.0764,4.56555,4.28555,4.12925,4.03665,3.9501,3.91075,3.6923
2024-02-29,5.3236,5.33145,5.263,5.0442,4.5133,4.22665,4.069,3.9764,3.88885,3.848,3.6315
2024-03-01,5.3214,5.32555,5.24855,5.01715,4.4762,4.19175,4.04,3.95275,3.87,3.83135,3.6165
2024-03-04,5.322,5.32615,5.25205,5.034,4.5065,4.21655,4.0591,3.96685,3.8835,3.84525,3.6275
2024-03-05,5.32145,5.3253,5.244,5.01465,4.46265,4.1623,3.9968,3.89975,3.809,3.7635,3.5391
2024-03-06,5.32,5.3254,5.2459,5.01295,4.45755,4.1481,3.97675,3.8759,3.7834,3.7381,3.5232
2024-03-07,5.32015,5.3247,5.2362,4.9982,4.4461,4.14275,3.9756,3.879,3.7889,3.745,3.5271
2024-03-08,5.3209,5.31795,5.21725,4.9575,4.383,4.0808,3.92015,3.8302,3.7521,3.7213,3.5295
2024-03-11,5.32675,5.32715,5.2353,4.9819,4.413,4.1062,3.9394,3.8437,3.7595,3.7233,3.5236
2024-03-12,5.3269,5.334,5.2525,5.02405,4.4779,4.1776,4.01025,3.9128,3.8233,3.782,3.5734
2024-03-13,5.32695,5.3325,5.26025,5.0374,4.504,4.2024,4.0346,3.937,3.8485,3.8089,3.6023
2024-03-14,5.32645,5.33395,5.2692,5.0644,4.5727,4.2922,4.1301,4.0343,3.9435,3.89835,3.6699
2024-03-15,5.3281,5.3329,5.2745,5.0748,4.59865,4.3274,4.16545,4.0668,3.9693,3.91535,3.6751
2024-03-18,5.32915,5.3352,5.2879,5.1055,4.6438,4.3744,4.2135,4.1126,4.01215,3.9544,3.7102
2024-03-19,5.32995,5.3322,5.27195,5.0835,4.60065,4.3278,4.16805,4.07025,3.978,3.92965,3.703
2024-03-20,5.3291,5.3241,5.2584,5.05655,4.5747,4.303,4.14415,4.0483,3.95725,3.9105,3.6881
2024-03-21,5.33,5.3151,5.23475,5.01145,4.52705,4.26425,4.1132,4.0245,3.9443,3.9087,3.7087
2024-03-22,5.3312,5.3073,5.21885,4.9854,4.4825,4.2071,4.0542,3.966,3.8864,3.8512,3.6569
2024-03-25,5.3323,5.31265,5.23405,5.0162,4.52765,4.2554,4.102,4.01075,3.9277,3.88935,3.6874
2024-03-26,5.3295,5.3094,5.2305,5.0239,4.53675,4.26425,4.1118,4.02085,3.9358,3.89485,3.6915
2024-03-27,5.3277,5.2994,5.2179,4.9988,4.4915,4.207,4.0511,3.96065,3.8785,3.8417,3.6462
2024-03-28,5.3242,5.30375,5.23255,5.027,4.5297,4.236,4.067,3.9654,3.8704,3.822,3.6046
2024-03-29,5.323,5.30365,5.23785,5.0397,4.54545,4.25235,4.08545,3.9835,3.887,3.8375,3.621
2024-04-01,5.3251,5.3153,5.2639,5.0924,4.629,4.3509,4.19045,4.09345,4.0004,3.951,3.724
2024-04-02,5.32495,5.3075,5.24795,5.06755,4.6074,4.3448,4.19415,4.1052,4.025,3.98635,3.76335
2024-04-03,5.32305,5.3084,5.2448,5.0659,4.62025,4.36415,4.2146,4.1265,4.0465,4.0077,3.786
2024-04-04,5.3211,5.2998,5.22925,5.0434,4.59405,4.33515,4.1822,4.091,4.0091,3.9692,3.757
2024-04-05,5.3188,5.30035,5.2346,5.0562,4.6207,4.3637,4.213,4.1235,4.04185,4.0015,3.789
2024-04-08,5.3207,5.3092,5.25425,5.09175,4.6814,4.4323,4.2816,4.1907,4.1022,4.0545,3.8207
2024-04-09,5.31965,5.29915,5.2323,5.0576,4.6405,4.38845,4.2314,4.13455,4.0413,3.99065,3.7533
2024-04-10,5.3228,5.3323,5.31045,5.20465,4.83745,4.5898,4.4227,4.31325,4.19925,4.1275,3.83115
2024-04-11,5.3205,5.32855,5.30305,5.21255,4.8726,4.6399,4.4803,4.3772,4.2711,4.2038,3.91965
2024-04-12,5.31695,5.31805,5.2833,5.1762,4.812,4.5685,4.4055,4.30105,4.1957,4.132,3.8615
2024-04-15,5.319,5.3259,5.30055,5.2094,4.8695,4.6435,4.4936,4.3961,4.2984,4.2389,3.967
2024-04-16,5.3187,5.326,5.2999,5.2025,4.8675,4.6498,4.50475,4.411,4.31675,4.25845,3.98555
2024-04-17,5.318,5.32575,5.3003,5.2039,4.85695,4.6305,4.48425,4.39,4.2933,4.2344,3.9661
2024-04-18,5.3184,5.3277,5.3047,5.2205,4.89025,4.6653,4.51365,4.4154,4.3124,4.2467,3.9655
2024-04-19,5.3146,5.3221,5.2961,5.2113,4.879,4.6543,4.5022,4.40345,4.30095,4.2336,3.95
2024-04-22,5.31535,5.3231,5.29515,5.2047,4.8678,4.6441,4.499,4.4049,4.309,4.24785,3.9688
2024-04-23,5.318,5.3232,5.2883,5.1865,4.8417,4.6166,4.467,4.3714,4.2735,4.2121,3.94385
2024-04-24,5.3187,5.3244,5.2924,5.1942,4.8569,4.6428,4.5035,4.4165,4.3309,4.28,4.0195
2024-04-25,5.3159,5.3311,5.3145,5.24,4.9197,4.70785,4.56825,4.4791,4.388,4.3297,4.0515
2024-04-26,5.3145,5.3279,5.309,5.2338,4.9123,4.6935,4.5475,4.4525,4.3565,4.29615,4.025
2024-04-29,5.3176,5.329,5.3124,5.23345,4.9027,4.67085,4.517,4.41655,4.3145,4.2515,3.9855
2024-04-30,5.3211,5.3337,5.3258,5.26175,4.93875,4.71065,4.5575,4.458,4.35505,4.2909,4.013
2024-05-01,5.3234,5.33795,5.3333,5.267,4.94315,4.7136,4.5587,4.45765,4.3512,4.284,4.00225
2024-05-02,5.32375,5.327,5.3049,5.2049,4.8457,4.61495,4.4664,4.3743,4.2845,4.2349,3.9887
2024-05-03,5.32195,5.3246,5.28735,5.14415,4.7358,4.498,4.3505,4.2625,4.1804,4.14,3.918
2024-05-06,5.3219,5.3247,5.2926,5.1518,4.74085,4.4977,4.34695,4.2555,4.171,4.1296,3.90665
2024-05-07,5.3212,5.3259,5.2919,5.14675,4.7233,4.4675,4.3038,4.20075,4.0997,4.04415,3.8057
2024-05-08,5.3211,5.3241,5.29055,5.1503,4.7458,4.5026,4.3469,4.2505,4.1553,4.1041,3.86825
2024-05-09,5.3209,5.3232,5.2867,5.1414,4.73585,4.4965,4.346,4.2545,4.164,4.1171,3.8882
2024-05-10,5.31985,5.3264,5.2955,5.1624,4.7698,4.5276,4.3719,4.2753,4.1803,4.1293,3.88855
2024-05-13,5.3191,5.32745,5.29695,5.162,4.7669,4.5188,4.3623,4.2664,4.17,4.1169,3.8744
2024-05-14,5.3193,5.3286,5.2946,5.156,4.7432,4.4907,4.3328,4.23725,4.1446,4.09715,3.863
2024-05-15,5.3201,5.3283,5.2834,5.11205,4.6629,4.39575,4.23315,4.13605,4.0449,4.00005,3.7814
2024-05-16,5.31905,5.3256,5.2842,5.1259,4.68775,4.4194,4.2529,4.153,4.0553,4.004,3.774
2024-05-17,5.3188,5.3263,5.288,5.13905,4.71275,4.4485,4.2841,4.1853,4.0887,4.0386,3.8116
2024-05-20,5.3206,5.32975,5.296,5.1589,4.748,4.48735,4.3226,4.22335,4.1263,4.0755,3.8443
2024-05-21,5.3207,5.3311,5.2929,5.1492,4.72665,4.4611,4.2945,4.1942,4.0975,4.04625,3.8212
2024-05-22,5.3224,5.3359,5.3033,5.1665,4.7585,4.48855,4.3181,4.21445,4.1118,4.0556,3.81735
2024-05-23,5.325,5.3426,5.3197,5.21105,4.839,4.578,4.406,4.2992,4.191,4.1279,3.8689
2024-05-24,5.3253,5.3439,5.321,5.2097,4.8298,4.56345,4.389,4.27825,4.1675,4.1028,3.8437
2024-05-27,5.325,5.343,5.323,5.218,4.83875,4.5697,4.3905,4.2755,4.161,4.0925,3.8315
2024-05-28,5.3267,5.3462,5.3238,5.2075,4.8195,4.55625,4.3889,4.2836,4.1794,4.12135,3.8794
2024-05-29,5.3266,5.3464,5.3286,5.2342,4.88365,4.639,4.482,4.384,4.28845,4.2365,3.9896
2024-05-30,5.3284,5.3419,5.3119,5.1964,4.8269,4.57765,4.4205,4.3237,4.2308,4.1783,3.9381
2024-05-31,5.3283,5.3395,5.30545,5.1765,4.7835,4.5246,4.3658,4.2693,4.1742,4.1245,3.8843
2024-06-03,5.3271,5.3383,5.29675,5.1439,4.7223,4.45035,4.2857,4.18455,4.08895,4.042,3.8209
2024-06-04,5.3285,5.33755,5.28735,5.1154,4.672,4.395,4.2238,4.1185,4.021,3.9753,3.7536
2024-06-05,5.32945,5.3384,5.27855,5.0885,4.6365,4.3545,4.1786,4.0695,3.96725,3.9175,3.68745
2024-06-06,5.3299,5.33685,5.27405,5.0732,4.6165,4.33655,4.1671,4.06475,3.966,3.919,3.69695
2024-06-07,5.3306,5.346,5.3057,5.14685,4.7291,4.4595,4.2939,4.192,4.0885,4.0328,3.78335
2024-06-10,5.3303,5.3459,5.3108,5.1573,4.74525,4.48225,4.323,4.2252,4.128,4.07815,3.83505
2024-06-11,5.3305,5.3456,5.3078,5.1489,4.72545,4.466,4.3067,4.2095,4.11565,4.0684,3.82565
2024-06-12,5.32955,5.3391,5.267,5.0407,4.5535,4.277,4.1141,4.0164,3.9282,3.89105,3.6863
2024-06-13,5.3315,5.34335,5.27635,5.0529,4.56075,4.2773,4.1117,4.0137,3.92605,3.8905,3.6897
2024-06-14,5.33645,5.3445,5.27185,5.03425,4.529,4.2366,4.06225,3.95545,3.85215,3.8018,3.5762
2024-06-17,5.3422,5.35115,5.2875,5.07055,4.5896,4.30775,4.1391,4.0374,3.938,3.88895,3.661
2024-06-18,5.3435,5.3491,5.27935,5.049,4.55385,4.26605,4.09445,3.9903,3.889,3.8397,3.61725
2024-06-19,5.3447,5.3474,5.2807,5.0475,4.5548,4.26,4.087,3.9815,3.8756,3.8227,3.5831
2024-06-20,5.3459,5.3458,5.2788,5.05765,4.57425,4.2914,4.1211,4.01875,3.9181,3.8681,3.6381
2024-06-21,5.3441,5.3425,5.2722,5.0508,4.5689,4.2877,4.1195,4.0185,3.92075,3.8735,3.65005
2024-06-24,5.3441,5.3398,5.26745,5.0416,4.5611,4.2789,4.1097,4.00675,3.90775,3.8594,3.6313
2024-06-25,5.3456,5.33835,5.2685,5.046,4.56575,4.28155,4.1079,4.0014,3.89725,3.84375,3.6071
2024-06-26,5.3446,5.3348,5.2687,5.06055,4.60925,4.33575,4.1656,4.0611,3.9605,3.90905,3.6699
2024-06-27,5.3376,5.3237,5.2504,5.0344,4.5721,4.29855,4.1297,4.02735,3.9296,3.8805,3.6459
2024-06-28,5.3359,5.32225,5.2486,5.028,4.56915,4.3052,4.1465,4.052,3.9625,3.91975,3.7
2024-07-01,5.33435,5.3235,5.2575,5.0589,4.63425,4.391,4.2475,4.1635,4.0891,4.0575,3.8431
2024-07-02,5.3336,5.3162,5.2394,5.0232,4.5871,4.3435,4.2016,4.1204,4.0508,4.0248,3.8292
2024-07-03,5.3294,5.30775,5.22405,5.001,4.54285,4.28145,4.1281,4.0381,3.95785,3.9229,3.71925
2024-07-04,5.3287,5.3075,5.2242,5.0079,4.5518,4.29315,4.14145,4.054,3.9705,3.938,3.7295
2024-07-05,5.32755,5.3067,5.21125,4.9595,4.4631,4.192,4.0385,3.9523,3.8803,3.857,3.67225
2024-07-08,5.3265,5.3046,5.21045,4.95745,4.47075,4.2066,4.055,3.96865,3.8942,3.868,3.68285
2024-07-09,5.3279,5.3088,5.2163,4.9706,4.4858,4.2261,4.07775,3.99475,3.9247,3.904,3.72725
2024-07-10,5.32895,5.3037,5.2109,4.9522,4.45975,4.1972,4.04815,3.96485,3.8946,3.8751,3.7062
