date,sonia1m,sonia3m,sonia6m,sonia1y,sonia2y,sonia3y,sonia4y,sonia5y,sonia7y,sonia10y,sonia30y
2020-11-02,0.052,0.045,0.022,-0.017,-0.055,-0.058,-0.04,-0.013,0.057,0.166,0.338
2020-11-03,0.051,0.046,0.024,-0.014,-0.045,-0.043,-0.018,0.018,0.099,0.218,0.395
2020-11-04,0.05,0.044,0.022,-0.017,-0.058,-0.064,-0.046,-0.019,0.049,0.155,0.316
2020-11-05,0.053,0.048,0.029,-0.01,-0.049,-0.054,-0.033,-0.003,0.068,0.177,0.344
2020-11-06,0.053,0.048,0.03,-0.007,-0.043,-0.044,-0.02,0.014,0.094,0.21,0.391
2020-11-09,0.053,0.05,0.036,0.011,-0.013,-0.003,0.035,0.083,0.179,0.315,0.516
2020-11-10,0.053,0.05,0.036,0.014,-0.007,0.006,0.043,0.09,0.185,0.317,0.519
2020-11-11,0.053,0.049,0.04,0.02,0.0,0.015,0.052,0.1,0.199,0.332,0.539
2020-11-12,0.053,0.048,0.036,0.012,-0.015,-0.008,0.022,0.061,0.145,0.269,0.463
2020-11-13,0.053,0.048,0.038,0.014,-0.011,-0.004,0.026,0.064,0.144,0.261,0.451
2020-11-16,0.053,0.047,0.038,0.015,-0.011,-0.003,0.028,0.066,0.149,0.27,0.463
2020-11-17,0.053,0.047,0.037,0.013,-0.015,-0.01,0.019,0.056,0.136,0.255,0.439
2020-11-18,0.053,0.048,0.039,0.017,-0.009,-0.003,0.027,0.063,0.145,0.264,0.451
2020-11-19,0.053,0.048,0.038,0.015,-0.009,-0.002,0.026,0.063,0.14,0.256,0.446
2020-11-20,0.053,0.048,0.037,0.013,-0.013,-0.009,0.016,0.05,0.124,0.235,0.423
2020-11-23,0.053,0.048,0.039,0.017,-0.006,0.001,0.027,0.062,0.141,0.259,0.45
2020-11-24,0.053,0.048,0.039,0.018,-0.005,0.001,0.028,0.064,0.142,0.26,0.446
2020-11-25,0.053,0.049,0.039,0.019,-0.003,0.002,0.027,0.06,0.134,0.248,0.429
2020-11-26,0.053,0.048,0.039,0.017,-0.01,-0.008,0.013,0.042,0.109,0.218,0.393
2020-11-27,0.053,0.049,0.038,0.015,-0.01,-0.006,0.017,0.049,0.118,0.228,0.397
2020-11-30,0.053,0.048,0.038,0.015,-0.011,-0.005,0.019,0.051,0.124,0.235,0.403
2020-12-01,0.052,0.048,0.041,0.025,0.006,0.016,0.046,0.083,0.163,0.283,0.457
2020-12-02,0.052,0.048,0.038,0.019,-0.002,0.007,0.038,0.076,0.16,0.282,0.461
2020-12-03,0.052,0.047,0.037,0.02,-0.001,0.007,0.036,0.072,0.15,0.266,0.446
2020-12-04,0.052,0.046,0.035,0.017,-0.006,0.0,0.03,0.069,0.154,0.277,0.461
2020-12-07,0.047,0.037,0.023,-0.003,-0.038,-0.036,-0.009,0.026,0.103,0.216,0.393
2020-12-08,0.046,0.036,0.021,-0.005,-0.04,-0.04,-0.017,0.014,0.085,0.191,0.353
2020-12-09,0.047,0.038,0.024,-0.001,-0.037,-0.037,-0.015,0.016,0.086,0.194,0.355
2020-12-10,0.042,0.029,0.011,-0.019,-0.061,-0.067,-0.047,-0.019,0.045,0.145,0.292
2020-12-11,0.041,0.023,0.003,-0.029,-0.067,-0.073,-0.056,-0.031,0.025,0.12,0.252
2020-12-14,0.047,0.034,0.017,-0.009,-0.042,-0.044,-0.025,0.003,0.066,0.167,0.306
2020-12-15,0.047,0.039,0.027,0.008,-0.016,-0.013,0.009,0.04,0.104,0.206,0.355
2020-12-16,0.046,0.042,0.033,0.02,-0.006,-0.004,0.017,0.046,0.114,0.215,0.377
2020-12-17,0.043,0.039,0.03,0.014,-0.009,-0.003,0.018,0.047,0.114,0.215,0.366
2020-12-18,0.042,0.037,0.027,0.005,-0.021,-0.018,0.004,0.032,0.1,0.2,0.352
2020-12-21,0.04,0.028,0.013,-0.016,-0.05,-0.051,-0.028,0.001,0.068,0.17,0.319
2020-12-22,0.043,0.032,0.016,-0.016,-0.057,-0.064,-0.045,-0.02,0.046,0.147,0.295
2020-12-23,0.044,0.038,0.027,0.008,-0.014,-0.004,0.025,0.06,0.141,0.256,0.425
2020-12-24,0.045,0.037,0.027,0.008,-0.019,-0.013,0.011,0.041,0.11,0.215,0.376
2020-12-28,0.045,0.037,0.027,0.008,-0.019,-0.013,0.011,0.041,0.11,0.215,0.376
2020-12-29,0.045,0.033,0.022,-0.001,-0.033,-0.031,-0.012,0.013,0.076,0.175,0.33
2020-12-30,0.046,0.038,0.025,-0.002,-0.037,-0.037,-0.016,0.013,0.077,0.179,0.333
2020-12-31,0.046,0.036,0.023,-0.007,-0.047,-0.05,-0.032,-0.008,0.054,0.154,0.303
2021-01-04,0.046,0.029,0.01,-0.026,-0.074,-0.078,-0.058,-0.031,0.037,0.142,0.294
2021-01-05,0.045,0.023,0.001,-0.035,-0.077,-0.079,-0.056,-0.026,0.046,0.158,0.321
2021-01-06,0.044,0.033,0.008,-0.03,-0.07,-0.067,-0.039,-0.003,0.073,0.19,0.364
2021-01-07,0.044,0.03,0.006,-0.028,-0.061,-0.052,-0.019,0.021,0.109,0.236,0.432
2021-01-08,0.045,0.031,0.006,-0.029,-0.058,-0.053,-0.019,0.022,0.109,0.234,0.426
2021-01-11,0.046,0.034,0.011,-0.024,-0.055,-0.044,-0.01,0.031,0.122,0.252,0.457
2021-01-12,0.046,0.04,0.024,-0.004,-0.024,-0.007,0.028,0.07,0.161,0.291,0.484
2021-01-13,0.044,0.036,0.018,-0.012,-0.035,-0.02,0.014,0.055,0.137,0.256,0.434
2021-01-14,0.044,0.034,0.014,-0.019,-0.044,-0.032,0.0,0.039,0.119,0.236,0.416
2021-01-15,0.044,0.034,0.014,-0.022,-0.054,-0.042,-0.006,0.035,0.121,0.243,0.429
2021-01-18,0.044,0.033,0.013,-0.022,-0.056,-0.045,-0.01,0.032,0.122,0.247,0.433
2021-01-19,0.044,0.034,0.012,-0.023,-0.052,-0.04,-0.007,0.032,0.119,0.241,0.419
2021-01-20,0.044,0.037,0.019,-0.014,-0.045,-0.031,0.004,0.045,0.133,0.255,0.44
2021-01-21,0.045,0.039,0.021,-0.009,-0.039,-0.022,0.016,0.061,0.153,0.282,0.47
2021-01-22,0.044,0.037,0.019,-0.011,-0.044,-0.029,0.008,0.051,0.141,0.268,0.457
2021-01-25,0.043,0.035,0.015,-0.019,-0.055,-0.048,-0.016,0.022,0.105,0.225,0.405
2021-01-26,0.044,0.038,0.019,-0.014,-0.051,-0.043,-0.011,0.027,0.11,0.23,0.408
2021-01-27,0.043,0.036,0.018,-0.013,-0.05,-0.042,-0.01,0.029,0.111,0.231,0.405
2021-01-28,0.042,0.033,0.013,-0.017,-0.047,-0.035,0.0,0.041,0.124,0.245,0.418
2021-01-29,0.042,0.034,0.015,-0.014,-0.039,-0.022,0.017,0.062,0.156,0.287,0.474
2021-02-01,0.043,0.036,0.019,-0.007,-0.031,-0.016,0.022,0.065,0.154,0.283,0.469
2021-02-02,0.043,0.037,0.02,-0.003,-0.027,-0.009,0.033,0.081,0.176,0.309,0.497
2021-02-03,0.044,0.038,0.022,-0.001,-0.02,0.002,0.046,0.095,0.193,0.327,0.517
2021-02-04,0.048,0.048,0.044,0.029,0.018,0.047,0.097,0.151,0.257,0.4,0.595
2021-02-05,0.048,0.048,0.045,0.034,0.036,0.075,0.131,0.192,0.303,0.452,0.661
2021-02-08,0.048,0.047,0.045,0.033,0.028,0.067,0.123,0.181,0.292,0.44,0.646
2021-02-09,0.048,0.048,0.046,0.032,0.025,0.061,0.115,0.171,0.278,0.421,0.624
2021-02-10,0.048,0.048,0.046,0.031,0.026,0.063,0.119,0.178,0.294,0.447,0.656
2021-02-11,0.048,0.048,0.046,0.03,0.019,0.05,0.105,0.163,0.275,0.426,0.636
2021-02-12,0.048,0.048,0.046,0.031,0.023,0.06,0.121,0.184,0.308,0.471,0.692
2021-02-15,0.048,0.048,0.046,0.035,0.032,0.077,0.145,0.215,0.351,0.526,0.766
2021-02-16,0.049,0.049,0.047,0.037,0.036,0.09,0.165,0.244,0.391,0.578,0.823
2021-02-17,0.049,0.05,0.048,0.036,0.03,0.077,0.146,0.218,0.354,0.53,0.757
2021-02-18,0.05,0.05,0.049,0.039,0.043,0.102,0.177,0.257,0.403,0.586,0.802
2021-02-19,0.051,0.051,0.05,0.04,0.047,0.114,0.203,0.292,0.447,0.635,0.845
2021-02-22,0.05,0.05,0.049,0.041,0.043,0.109,0.198,0.285,0.442,0.632,0.85
2021-02-23,0.05,0.05,0.049,0.041,0.047,0.115,0.206,0.296,0.464,0.667,0.905
2021-02-24,0.05,0.05,0.05,0.045,0.053,0.122,0.215,0.307,0.476,0.686,0.95
2021-02-25,0.05,0.051,0.051,0.055,0.099,0.186,0.285,0.378,0.531,0.718,0.933
2021-02-26,0.05,0.051,0.051,0.057,0.113,0.218,0.327,0.423,0.577,0.754,0.914
2021-03-01,0.05,0.051,0.051,0.053,0.095,0.188,0.29,0.382,0.53,0.702,0.868
2021-03-02,0.051,0.052,0.052,0.053,0.089,0.174,0.266,0.347,0.488,0.651,0.81
2021-03-03,0.051,0.052,0.052,0.054,0.095,0.195,0.298,0.391,0.548,0.73,0.9
2021-03-04,0.051,0.051,0.051,0.053,0.092,0.184,0.284,0.372,0.518,0.687,0.851
2021-03-05,0.05,0.05,0.05,0.051,0.097,0.201,0.309,0.402,0.553,0.719,0.863
2021-03-08,0.05,0.05,0.05,0.051,0.096,0.198,0.308,0.402,0.553,0.718,0.865
2021-03-09,0.05,0.05,0.05,0.052,0.091,0.187,0.293,0.383,0.529,0.689,0.831
2021-03-10,0.05,0.05,0.05,0.051,0.089,0.182,0.282,0.37,0.517,0.682,0.827
2021-03-11,0.05,0.05,0.05,0.051,0.087,0.177,0.28,0.369,0.519,0.689,0.844
2021-03-12,0.05,0.05,0.05,0.052,0.096,0.201,0.315,0.418,0.587,0.776,0.942
2021-03-15,0.05,0.05,0.05,0.052,0.096,0.199,0.308,0.404,0.561,0.736,0.908
2021-03-16,0.05,0.05,0.05,0.052,0.095,0.197,0.305,0.399,0.552,0.726,0.904
2021-03-17,0.05,0.05,0.051,0.055,0.107,0.22,0.334,0.431,0.594,0.778,0.963
2021-03-18,0.05,0.05,0.051,0.059,0.118,0.237,0.359,0.466,0.636,0.825,1.01
2021-03-19,0.05,0.05,0.051,0.058,0.119,0.235,0.351,0.451,0.616,0.801,0.977
2021-03-22,0.05,0.051,0.051,0.058,0.12,0.234,0.351,0.45,0.608,0.785,0.95
2021-03-23,0.05,0.05,0.05,0.056,0.108,0.215,0.325,0.42,0.574,0.745,0.902
2021-03-24,0.05,0.051,0.051,0.056,0.105,0.206,0.315,0.41,0.563,0.734,0.891
2021-03-25,0.05,0.05,0.05,0.056,0.099,0.195,0.3,0.394,0.543,0.709,0.861
2021-03-26,0.05,0.05,0.05,0.055,0.104,0.201,0.306,0.401,0.557,0.73,0.893
2021-03-29,0.05,0.05,0.05,0.056,0.105,0.209,0.316,0.412,0.571,0.747,0.916
2021-03-30,0.05,0.05,0.05,0.056,0.113,0.224,0.344,0.45,0.617,0.798,0.966
2021-03-31,0.049,0.049,0.049,0.054,0.112,0.227,0.35,0.456,0.624,0.801,0.968
2021-04-01,0.049,0.049,0.049,0.054,0.11,0.22,0.336,0.436,0.596,0.766,0.936
2021-04-02,0.049,0.049,0.049,0.054,0.109,0.22,0.336,0.436,0.596,0.766,0.936
2021-04-05,0.049,0.049,0.049,0.054,0.109,0.22,0.336,0.436,0.596,0.766,0.936
2021-04-06,0.049,0.049,0.049,0.055,0.112,0.225,0.342,0.444,0.6,0.766,0.933
2021-04-07,0.049,0.049,0.049,0.054,0.11,0.219,0.334,0.435,0.592,0.758,0.926
2021-04-08,0.049,0.049,0.049,0.055,0.111,0.218,0.329,0.426,0.579,0.742,0.905
2021-04-09,0.049,0.049,0.049,0.055,0.114,0.227,0.342,0.441,0.598,0.765,0.925
2021-04-12,0.049,0.049,0.049,0.055,0.118,0.233,0.35,0.452,0.61,0.778,0.931
2021-04-13,0.049,0.049,0.049,0.054,0.113,0.228,0.343,0.444,0.604,0.772,0.932
2021-04-14,0.049,0.049,0.049,0.054,0.112,0.226,0.345,0.45,0.614,0.788,0.954
2021-04-15,0.049,0.049,0.049,0.053,0.102,0.203,0.31,0.403,0.554,0.715,0.867
2021-04-16,0.049,0.049,0.05,0.054,0.103,0.206,0.316,0.413,0.57,0.74,0.901
2021-04-19,0.049,0.049,0.05,0.054,0.101,0.203,0.311,0.407,0.563,0.728,0.885
2021-04-20,0.049,0.049,0.049,0.053,0.1,0.198,0.301,0.391,0.539,0.699,0.858
2021-04-21,0.049,0.05,0.05,0.054,0.101,0.197,0.305,0.401,0.552,0.715,0.88
2021-04-22,0.05,0.05,0.05,0.054,0.101,0.197,0.303,0.399,0.55,0.711,0.872
2021-04-23,0.05,0.05,0.05,0.054,0.111,0.212,0.32,0.416,0.568,0.729,0.886
2021-04-26,0.05,0.05,0.05,0.056,0.119,0.227,0.335,0.43,0.578,0.736,0.89
2021-04-27,0.05,0.05,0.05,0.057,0.125,0.238,0.35,0.448,0.598,0.756,0.908
2021-04-28,0.05,0.05,0.05,0.059,0.132,0.247,0.362,0.463,0.616,0.776,0.924
2021-04-29,0.05,0.05,0.05,0.061,0.141,0.265,0.386,0.491,0.65,0.813,0.954
2021-04-30,0.05,0.05,0.051,0.061,0.142,0.268,0.389,0.494,0.651,0.813,0.951
2021-05-03,0.05,0.05,0.051,0.061,0.141,0.268,0.391,0.497,0.656,0.819,0.959
2021-05-04,0.05,0.05,0.051,0.06,0.139,0.257,0.368,0.465,0.614,0.769,0.904
2021-05-05,0.051,0.051,0.052,0.064,0.145,0.265,0.38,0.48,0.634,0.792,0.933
2021-05-06,0.05,0.05,0.051,0.061,0.13,0.239,0.348,0.444,0.6,0.764,0.921
2021-05-07,0.05,0.05,0.051,0.059,0.12,0.219,0.326,0.422,0.581,0.749,0.915
2021-05-10,0.05,0.05,0.051,0.06,0.123,0.227,0.336,0.433,0.592,0.762,0.927
2021-05-11,0.05,0.051,0.052,0.063,0.132,0.242,0.355,0.457,0.626,0.806,0.977
2021-05-12,0.05,0.051,0.052,0.066,0.151,0.271,0.391,0.5,0.673,0.856,1.02
2021-05-13,0.05,0.051,0.052,0.067,0.155,0.279,0.403,0.514,0.689,0.874,1.039
2021-05-14,0.05,0.051,0.052,0.066,0.146,0.266,0.384,0.489,0.655,0.832,0.998
2021-05-17,0.05,0.051,0.052,0.065,0.141,0.259,0.377,0.481,0.649,0.829,0.996
2021-05-18,0.05,0.051,0.052,0.063,0.137,0.255,0.372,0.476,0.644,0.826,1.001
2021-05-19,0.05,0.051,0.052,0.061,0.129,0.245,0.359,0.462,0.631,0.815,0.996
2021-05-20,0.05,0.051,0.051,0.061,0.129,0.243,0.358,0.462,0.631,0.816,0.997
2021-05-21,0.05,0.051,0.051,0.062,0.133,0.246,0.362,0.466,0.634,0.819,1.0
2021-05-24,0.05,0.051,0.051,0.062,0.128,0.236,0.348,0.451,0.615,0.797,0.977
2021-05-25,0.05,0.051,0.051,0.06,0.121,0.228,0.338,0.436,0.596,0.776,0.949
2021-05-26,0.05,0.051,0.051,0.06,0.118,0.218,0.321,0.415,0.568,0.739,0.91
2021-05-27,0.05,0.051,0.051,0.063,0.141,0.254,0.366,0.466,0.622,0.793,0.949
2021-05-28,0.05,0.051,0.052,0.065,0.142,0.252,0.361,0.458,0.608,0.772,0.927
2021-05-31,0.05,0.051,0.052,0.065,0.141,0.25,0.359,0.456,0.608,0.773,0.927
2021-06-01,0.05,0.051,0.052,0.066,0.148,0.264,0.376,0.476,0.634,0.805,0.961
2021-06-02,0.05,0.051,0.052,0.067,0.147,0.258,0.366,0.461,0.614,0.782,0.941
2021-06-03,0.05,0.051,0.052,0.07,0.157,0.272,0.384,0.484,0.642,0.813,0.971
2021-06-04,0.05,0.051,0.052,0.071,0.153,0.264,0.369,0.462,0.614,0.779,0.94
2021-06-07,0.05,0.051,0.052,0.071,0.157,0.269,0.377,0.473,0.627,0.794,0.955
2021-06-08,0.05,0.051,0.052,0.07,0.148,0.259,0.361,0.451,0.599,0.76,0.924
2021-06-09,0.051,0.051,0.052,0.067,0.141,0.242,0.34,0.427,0.569,0.726,0.888
2021-06-10,0.051,0.051,0.052,0.069,0.15,0.254,0.354,0.441,0.584,0.743,0.904
2021-06-11,0.051,0.051,0.052,0.068,0.141,0.238,0.331,0.413,0.548,0.7,0.856
2021-06-14,0.051,0.051,0.052,0.069,0.147,0.248,0.344,0.429,0.568,0.724,0.879
2021-06-15,0.051,0.051,0.052,0.071,0.155,0.264,0.364,0.452,0.593,0.751,0.893
2021-06-16,0.051,0.051,0.052,0.072,0.158,0.265,0.362,0.446,0.584,0.734,0.87
2021-06-17,0.052,0.052,0.054,0.082,0.201,0.33,0.436,0.521,0.645,0.776,0.881
2021-06-18,0.052,0.053,0.055,0.089,0.216,0.344,0.44,0.512,0.618,0.732,0.815
2021-06-21,0.052,0.053,0.057,0.089,0.217,0.341,0.439,0.514,0.628,0.748,0.829
2021-06-22,0.052,0.053,0.056,0.089,0.214,0.341,0.441,0.519,0.639,0.767,0.866
2021-06-23,0.052,0.053,0.057,0.089,0.214,0.338,0.437,0.514,0.636,0.767,0.875
2021-06-24,0.051,0.052,0.055,0.082,0.2,0.317,0.411,0.486,0.605,0.735,0.841
2021-06-25,0.051,0.053,0.056,0.084,0.206,0.329,0.427,0.506,0.63,0.765,0.877
2021-06-28,0.051,0.053,0.057,0.086,0.205,0.322,0.416,0.487,0.599,0.721,0.823
2021-06-29,0.051,0.053,0.057,0.084,0.197,0.31,0.405,0.479,0.595,0.722,0.837
2021-06-30,0.051,0.053,0.057,0.083,0.194,0.303,0.397,0.469,0.582,0.71,0.827
2021-07-01,0.051,0.052,0.055,0.08,0.193,0.308,0.402,0.476,0.591,0.718,0.837
2021-07-02,0.051,0.052,0.055,0.077,0.184,0.293,0.386,0.459,0.571,0.696,0.818
2021-07-05,0.051,0.052,0.055,0.077,0.185,0.296,0.388,0.461,0.575,0.701,0.822
2021-07-06,0.051,0.052,0.055,0.077,0.175,0.272,0.348,0.408,0.504,0.616,0.742
2021-07-07,0.051,0.052,0.054,0.075,0.171,0.261,0.336,0.394,0.485,0.594,0.706
2021-07-08,0.051,0.052,0.055,0.077,0.174,0.263,0.337,0.396,0.486,0.595,0.707
2021-07-09,0.051,0.052,0.055,0.087,0.2,0.296,0.374,0.436,0.534,0.648,0.766
2021-07-12,0.051,0.052,0.055,0.086,0.196,0.292,0.368,0.428,0.524,0.636,0.749
2021-07-13,0.051,0.052,0.055,0.084,0.198,0.295,0.368,0.426,0.515,0.619,0.718
2021-07-14,0.051,0.052,0.056,0.089,0.212,0.312,0.385,0.439,0.526,0.626,0.714
2021-07-15,0.053,0.055,0.065,0.117,0.265,0.373,0.444,0.493,0.566,0.653,0.739
2021-07-16,0.053,0.055,0.064,0.113,0.248,0.352,0.42,0.467,0.538,0.624,0.713
2021-07-19,0.052,0.053,0.061,0.102,0.216,0.297,0.351,0.391,0.459,0.545,0.625
2021-07-20,0.052,0.054,0.061,0.105,0.221,0.303,0.361,0.405,0.474,0.562,0.624
2021-07-21,0.052,0.054,0.06,0.108,0.231,0.322,0.386,0.435,0.511,0.603,0.677
2021-07-22,0.052,0.052,0.058,0.1,0.218,0.311,0.375,0.419,0.49,0.576,0.638
2021-07-23,0.052,0.053,0.057,0.098,0.215,0.309,0.376,0.426,0.5,0.589,0.634
2021-07-26,0.052,0.053,0.057,0.095,0.212,0.309,0.376,0.423,0.496,0.583,0.628
2021-07-27,0.052,0.052,0.056,0.097,0.217,0.312,0.376,0.421,0.491,0.573,0.615
2021-07-28,0.052,0.053,0.057,0.099,0.221,0.315,0.381,0.43,0.505,0.59,0.641
2021-07-29,0.052,0.053,0.057,0.101,0.221,0.315,0.378,0.423,0.495,0.579,0.63
2021-07-30,0.052,0.053,0.057,0.098,0.217,0.304,0.37,0.418,0.487,0.569,0.625
2021-08-02,0.052,0.053,0.057,0.098,0.211,0.294,0.353,0.395,0.46,0.539,0.598
2021-08-03,0.052,0.053,0.056,0.098,0.207,0.287,0.345,0.387,0.449,0.525,0.574
2021-08-04,0.051,0.052,0.058,0.105,0.221,0.303,0.358,0.399,0.457,0.525,0.567
2021-08-05,0.05,0.051,0.059,0.121,0.242,0.317,0.367,0.403,0.461,0.532,0.562
2021-08-06,0.052,0.054,0.062,0.135,0.279,0.366,0.421,0.465,0.531,0.607,0.634
2021-08-09,0.052,0.054,0.063,0.135,0.269,0.347,0.402,0.442,0.503,0.575,0.588
2021-08-10,0.052,0.055,0.066,0.144,0.289,0.374,0.427,0.465,0.52,0.584,0.596
2021-08-11,0.052,0.054,0.064,0.137,0.276,0.355,0.408,0.447,0.504,0.57,0.594
2021-08-12,0.051,0.053,0.065,0.136,0.278,0.362,0.419,0.461,0.521,0.589,0.621
2021-08-13,0.051,0.053,0.064,0.134,0.272,0.356,0.412,0.451,0.508,0.572,0.598
2021-08-16,0.052,0.054,0.066,0.138,0.275,0.356,0.409,0.447,0.504,0.569,0.594
2021-08-17,0.052,0.054,0.065,0.137,0.274,0.354,0.406,0.445,0.501,0.564,0.581
2021-08-18,0.052,0.054,0.065,0.133,0.268,0.349,0.403,0.442,0.502,0.567,0.593
2021-08-19,0.052,0.054,0.066,0.13,0.259,0.334,0.384,0.421,0.476,0.541,0.574
2021-08-20,0.052,0.054,0.065,0.126,0.246,0.319,0.368,0.406,0.463,0.531,0.57
2021-08-23,0.052,0.055,0.066,0.132,0.259,0.335,0.384,0.42,0.477,0.545,0.583
2021-08-24,0.052,0.054,0.065,0.13,0.254,0.331,0.382,0.42,0.477,0.546,0.579
2021-08-25,0.052,0.054,0.067,0.137,0.269,0.353,0.411,0.457,0.525,0.603,0.649
2021-08-26,0.052,0.054,0.068,0.142,0.28,0.364,0.422,0.466,0.53,0.602,0.647
2021-08-27,0.052,0.055,0.068,0.138,0.266,0.347,0.406,0.451,0.516,0.591,0.631
2021-08-30,0.052,0.054,0.067,0.138,0.264,0.344,0.403,0.448,0.513,0.589,0.632
2021-08-31,0.052,0.054,0.068,0.141,0.27,0.354,0.42,0.473,0.549,0.636,0.691
2021-09-01,0.052,0.054,0.068,0.137,0.265,0.35,0.41,0.457,0.528,0.608,0.664
2021-09-02,0.052,0.054,0.069,0.135,0.257,0.339,0.399,0.445,0.516,0.598,0.652
2021-09-03,0.052,0.054,0.068,0.135,0.26,0.346,0.409,0.459,0.539,0.63,0.694
2021-09-06,0.052,0.054,0.069,0.134,0.253,0.336,0.398,0.445,0.521,0.607,0.667
2021-09-07,0.052,0.054,0.069,0.136,0.264,0.356,0.423,0.477,0.56,0.655,0.716
2021-09-08,0.052,0.054,0.069,0.141,0.273,0.364,0.432,0.486,0.566,0.657,0.71
2021-09-09,0.052,0.055,0.077,0.164,0.303,0.394,0.454,0.499,0.568,0.648,0.692
2021-09-10,0.052,0.055,0.076,0.161,0.3,0.391,0.457,0.507,0.579,0.661,0.706
2021-09-13,0.052,0.054,0.078,0.163,0.304,0.397,0.461,0.509,0.578,0.659,0.697
2021-09-14,0.052,0.054,0.079,0.172,0.325,0.42,0.482,0.526,0.589,0.661,0.69
2021-09-15,0.052,0.056,0.083,0.176,0.334,0.437,0.505,0.555,0.618,0.689,0.713
2021-09-16,0.052,0.056,0.084,0.181,0.351,0.463,0.537,0.589,0.66,0.734,0.758
2021-09-17,0.052,0.057,0.087,0.188,0.359,0.481,0.559,0.616,0.691,0.772,0.802
2021-09-20,0.052,0.058,0.088,0.185,0.345,0.45,0.524,0.577,0.65,0.728,0.759
2021-09-21,0.052,0.058,0.087,0.186,0.345,0.449,0.522,0.575,0.648,0.726,0.755
2021-09-22,0.052,0.059,0.089,0.19,0.357,0.464,0.534,0.583,0.652,0.728,0.763
2021-09-23,0.051,0.072,0.125,0.264,0.457,0.566,0.633,0.679,0.746,0.819,0.835
2021-09-24,0.051,0.073,0.132,0.267,0.454,0.56,0.628,0.678,0.753,0.836,0.868
2021-09-27,0.051,0.072,0.126,0.259,0.45,0.558,0.631,0.684,0.765,0.855,0.904
2021-09-28,0.051,0.08,0.144,0.285,0.493,0.605,0.677,0.729,0.809,0.901,0.954
2021-09-29,0.051,0.086,0.156,0.301,0.498,0.605,0.675,0.725,0.803,0.893,0.948
2021-09-30,0.051,0.093,0.167,0.317,0.518,0.633,0.709,0.762,0.844,0.938,1.002
2021-10-01,0.051,0.09,0.16,0.308,0.505,0.617,0.691,0.745,0.826,0.919,0.985
2021-10-04,0.051,0.089,0.156,0.291,0.479,0.591,0.667,0.723,0.811,0.911,0.986
2021-10-05,0.053,0.105,0.183,0.332,0.532,0.649,0.73,0.793,0.889,0.998,1.074
2021-10-06,0.06,0.114,0.2,0.359,0.555,0.663,0.737,0.792,0.879,0.981,1.052
2021-10-07,0.057,0.102,0.199,0.373,0.577,0.681,0.749,0.8,0.882,0.978,1.045
2021-10-08,0.059,0.114,0.221,0.422,0.643,0.751,0.821,0.874,0.961,1.061,1.123
2021-10-11,0.071,0.147,0.283,0.497,0.712,0.806,0.864,0.904,0.976,1.068,1.122
2021-10-12,0.072,0.147,0.286,0.499,0.716,0.807,0.855,0.89,0.95,1.034,1.069
2021-10-13,0.081,0.158,0.305,0.523,0.738,0.815,0.849,0.871,0.912,0.976,0.964
2021-10-14,0.078,0.151,0.289,0.494,0.711,0.789,0.821,0.841,0.88,0.944,0.926
2021-10-15,0.08,0.161,0.299,0.509,0.743,0.83,0.865,0.886,0.925,0.99,0.995
2021-10-18,0.151,0.285,0.476,0.73,0.957,0.997,0.988,0.973,0.98,1.019,0.985
2021-10-19,0.152,0.275,0.457,0.718,0.955,1.006,1.007,1.001,1.009,1.046,0.987
2021-10-20,0.157,0.27,0.442,0.684,0.911,0.97,0.981,0.985,1.003,1.05,1.02
2021-10-21,0.158,0.27,0.44,0.685,0.925,0.996,1.011,1.018,1.039,1.09,1.058
2021-10-22,0.142,0.253,0.42,0.67,0.912,0.982,1.002,1.013,1.028,1.071,1.007
2021-10-25,0.15,0.245,0.407,0.643,0.88,0.949,0.968,0.977,0.992,1.037,0.978
2021-10-26,0.143,0.234,0.393,0.629,0.871,0.942,0.958,0.964,0.978,1.016,0.945
2021-10-27,0.167,0.264,0.442,0.697,0.938,0.997,0.98,0.952,0.919,0.91,0.782
2021-10-28,0.172,0.271,0.463,0.748,0.996,1.039,1.017,0.985,0.936,0.915,0.753
2021-10-29,0.156,0.256,0.453,0.759,1.029,1.09,1.082,1.06,1.012,0.986,0.8
2021-11-01,0.184,0.271,0.468,0.771,1.042,1.108,1.095,1.071,1.028,1.007,0.844
2021-11-02,0.19,0.265,0.439,0.713,0.966,1.035,1.03,1.012,0.976,0.968,0.84
2021-11-03,0.191,0.276,0.458,0.738,1.003,1.076,1.073,1.059,1.023,1.01,0.878
2021-11-04,0.051,0.125,0.277,0.519,0.777,0.869,0.888,0.893,0.893,0.916,0.846
2021-11-05,0.051,0.13,0.262,0.5,0.739,0.824,0.835,0.833,0.815,0.814,0.704
2021-11-08,0.05,0.138,0.281,0.527,0.78,0.862,0.864,0.852,0.829,0.826,0.707
2021-11-09,0.05,0.143,0.294,0.56,0.832,0.92,0.91,0.882,0.828,0.797,0.631
2021-11-10,0.05,0.15,0.31,0.604,0.911,1.008,1.017,1.0,0.95,0.91,0.751
2021-11-11,0.05,0.15,0.307,0.607,0.931,1.034,1.044,1.033,0.989,0.953,0.799
2021-11-12,0.049,0.154,0.299,0.599,0.901,1.002,1.006,0.991,0.952,0.924,0.785
2021-11-15,0.049,0.164,0.313,0.605,0.91,1.006,1.019,1.009,0.98,0.958,0.81
2021-11-16,0.049,0.176,0.337,0.648,0.97,1.077,1.082,1.066,1.023,0.985,0.832
2021-11-17,0.054,0.177,0.329,0.623,0.933,1.036,1.047,1.039,1.008,0.982,0.842
2021-11-18,0.065,0.178,0.331,0.61,0.904,0.992,1.001,0.991,0.957,0.928,0.786
2021-11-19,0.065,0.18,0.314,0.594,0.88,0.966,0.971,0.958,0.919,0.885,0.738
2021-11-22,0.074,0.185,0.33,0.615,0.908,1.0,1.007,0.996,0.959,0.927,0.778
2021-11-23,0.079,0.189,0.33,0.622,0.929,1.03,1.038,1.03,0.992,0.955,0.77
2021-11-24,0.082,0.189,0.329,0.62,0.927,1.035,1.053,1.05,1.021,0.991,0.819
2021-11-25,0.093,0.185,0.324,0.605,0.906,1.01,1.025,1.021,0.985,0.95,0.775
2021-11-26,0.081,0.159,0.27,0.524,0.809,0.91,0.921,0.91,0.864,0.819,0.656
2021-11-29,0.088,0.171,0.296,0.557,0.847,0.948,0.958,0.943,0.897,0.851,0.674
2021-11-30,0.092,0.17,0.3,0.569,0.865,0.964,0.965,0.939,0.878,0.817,0.621
2021-12-01,0.105,0.188,0.332,0.602,0.883,0.969,0.967,0.941,0.881,0.822,0.636
2021-12-02,0.097,0.176,0.326,0.589,0.855,0.936,0.934,0.908,0.846,0.787,0.611
2021-12-03,0.083,0.154,0.3,0.555,0.816,0.9,0.901,0.877,0.817,0.764,0.588
2021-12-06,0.094,0.17,0.305,0.558,0.805,0.882,0.883,0.857,0.794,0.739,0.561
2021-12-07,0.101,0.178,0.313,0.562,0.803,0.881,0.883,0.858,0.792,0.731,0.536
2021-12-08,0.093,0.166,0.298,0.553,0.792,0.869,0.875,0.857,0.802,0.752,0.552
2021-12-09,0.09,0.165,0.296,0.546,0.783,0.855,0.862,0.847,0.797,0.752,0.569
2021-12-10,0.09,0.165,0.293,0.545,0.775,0.845,0.841,0.816,0.764,0.718,0.531
2021-12-13,0.091,0.17,0.296,0.547,0.776,0.836,0.824,0.793,0.738,0.694,0.521
2021-12-14,0.095,0.173,0.307,0.566,0.802,0.865,0.852,0.822,0.768,0.725,0.562
2021-12-15,0.109,0.202,0.357,0.619,0.845,0.899,0.881,0.846,0.784,0.736,0.582
2021-12-16,0.196,0.279,0.425,0.675,0.889,0.936,0.909,0.871,0.804,0.755,0.608
2021-12-17,0.194,0.283,0.434,0.686,0.896,0.938,0.911,0.868,0.802,0.757,0.635
2021-12-20,0.199,0.301,0.452,0.703,0.916,0.96,0.936,0.897,0.828,0.781,0.663
2021-12-21,0.195,0.308,0.466,0.732,0.966,1.031,1.016,0.983,0.919,0.876,0.774
2021-12-22,0.193,0.313,0.478,0.753,1.001,1.075,1.058,1.019,0.946,0.895,0.792
2021-12-23,0.193,0.316,0.48,0.756,1.007,1.075,1.069,1.04,0.972,0.925,0.82
2021-12-24,0.193,0.321,0.488,0.775,1.029,1.096,1.08,1.042,0.968,0.915,0.811
2021-12-27,0.193,0.321,0.488,0.775,1.029,1.096,1.08,1.042,0.968,0.915,0.811
2021-12-28,0.193,0.321,0.488,0.775,1.029,1.096,1.08,1.042,0.968,0.915,0.811
2021-12-29,0.193,0.337,0.505,0.784,1.044,1.127,1.125,1.1,1.042,1.008,0.905
2021-12-30,0.193,0.339,0.5,0.764,1.016,1.095,1.092,1.066,1.004,0.968,0.855
2021-12-31,0.193,0.337,0.497,0.756,1.002,1.075,1.072,1.048,0.985,0.95,0.833
2022-01-03,0.193,0.337,0.497,0.756,1.002,1.075,1.072,1.048,0.985,0.95,0.833
2022-01-04,0.199,0.359,0.524,0.782,1.036,1.115,1.12,1.103,1.055,1.035,0.904
2022-01-05,0.217,0.356,0.523,0.786,1.045,1.121,1.124,1.104,1.056,1.032,0.887
2022-01-06,0.219,0.366,0.537,0.813,1.089,1.173,1.179,1.163,1.119,1.1,0.952
2022-01-07,0.219,0.367,0.539,0.823,1.1,1.185,1.196,1.186,1.15,1.135,0.982
2022-01-10,0.24,0.38,0.549,0.826,1.103,1.186,1.2,1.191,1.157,1.141,1.003
2022-01-11,0.249,0.386,0.554,0.83,1.101,1.18,1.19,1.18,1.142,1.121,0.968
2022-01-12,0.265,0.391,0.556,0.827,1.08,1.151,1.158,1.147,1.112,1.09,0.941
2022-01-13,0.268,0.39,0.55,0.812,1.048,1.115,1.124,1.116,1.083,1.062,0.918
2022-01-14,0.273,0.399,0.559,0.823,1.068,1.14,1.149,1.14,1.109,1.09,0.942
2022-01-17,0.296,0.415,0.578,0.845,1.096,1.169,1.177,1.169,1.139,1.121,0.978
2022-01-18,0.304,0.421,0.586,0.859,1.117,1.187,1.199,1.195,1.167,1.149,1.002
2022-01-19,0.328,0.443,0.621,0.912,1.176,1.239,1.248,1.239,1.204,1.181,1.035
2022-01-20,0.326,0.441,0.618,0.904,1.171,1.234,1.235,1.22,1.177,1.146,0.998
2022-01-21,0.329,0.441,0.613,0.892,1.145,1.207,1.207,1.189,1.141,1.107,0.952
2022-01-24,0.348,0.452,0.628,0.891,1.141,1.2,1.195,1.174,1.119,1.076,0.907
2022-01-25,0.358,0.459,0.636,0.91,1.171,1.235,1.227,1.204,1.15,1.108,0.932
2022-01-26,0.369,0.466,0.647,0.929,1.196,1.261,1.256,1.237,1.189,1.153,0.986
2022-01-27,0.38,0.487,0.676,0.976,1.248,1.307,1.294,1.268,1.211,1.167,0.99
2022-01-28,0.385,0.494,0.688,0.992,1.266,1.321,1.306,1.278,1.221,1.176,1.008
2022-01-31,0.413,0.523,0.727,1.04,1.326,1.384,1.368,1.338,1.282,1.243,1.085
2022-02-01,0.422,0.527,0.728,1.033,1.325,1.388,1.367,1.332,1.273,1.23,1.062
2022-02-02,0.434,0.53,0.724,1.015,1.297,1.358,1.335,1.3,1.236,1.188,1.004
2022-02-03,0.446,0.614,0.892,1.202,1.45,1.484,1.454,1.417,1.351,1.304,1.097
2022-02-04,0.445,0.643,0.952,1.302,1.555,1.575,1.531,1.48,1.397,1.336,1.118
2022-02-07,0.445,0.658,0.945,1.289,1.552,1.572,1.528,1.477,1.393,1.332,1.142
2022-02-08,0.445,0.665,0.967,1.332,1.623,1.658,1.619,1.572,1.49,1.432,1.249
2022-02-09,0.446,0.655,0.951,1.314,1.597,1.633,1.592,1.542,1.45,1.381,1.198
2022-02-10,0.445,0.678,0.999,1.388,1.696,1.74,1.707,1.662,1.564,1.488,1.287
2022-02-11,0.452,0.725,1.081,1.494,1.804,1.834,1.775,1.705,1.586,1.49,1.268
2022-02-14,0.453,0.768,1.123,1.549,1.891,1.916,1.848,1.771,1.636,1.526,1.296
2022-02-15,0.452,0.773,1.122,1.557,1.933,1.973,1.897,1.811,1.661,1.535,1.277
2022-02-16,0.449,0.741,1.066,1.46,1.786,1.82,1.762,1.696,1.572,1.47,1.24
2022-02-17,0.448,0.745,1.059,1.435,1.741,1.768,1.704,1.633,1.507,1.406,1.185
2022-02-18,0.46,0.741,1.041,1.402,1.683,1.701,1.64,1.573,1.452,1.358,1.137
2022-02-21,0.498,0.77,1.06,1.408,1.692,1.717,1.657,1.588,1.47,1.378,1.15
2022-02-22,0.506,0.756,1.047,1.411,1.725,1.759,1.71,1.654,1.541,1.454,1.228
2022-02-23,0.51,0.734,1.021,1.375,1.692,1.73,1.689,1.637,1.535,1.463,1.252
2022-02-24,0.519,0.735,1.021,1.365,1.689,1.725,1.683,1.631,1.53,1.459,1.266
2022-02-25,0.527,0.738,1.016,1.356,1.678,1.715,1.674,1.626,1.532,1.472,1.305
2022-02-28,0.567,0.752,1.014,1.306,1.587,1.618,1.585,1.544,1.463,1.419,1.275
2022-03-01,0.561,0.73,0.973,1.216,1.421,1.411,1.351,1.295,1.203,1.145,1.013
2022-03-02,0.605,0.809,1.077,1.364,1.597,1.592,1.53,1.471,1.358,1.283,1.134
2022-03-03,0.612,0.819,1.095,1.391,1.652,1.654,1.594,1.533,1.421,1.345,1.195
2022-03-04,0.615,0.825,1.106,1.404,1.655,1.641,1.573,1.506,1.374,1.279,1.135
2022-03-07,0.65,0.861,1.169,1.491,1.771,1.764,1.692,1.616,1.471,1.36,1.176
2022-03-08,0.667,0.876,1.208,1.57,1.884,1.878,1.804,1.728,1.583,1.471,1.276
2022-03-09,0.673,0.864,1.2,1.577,1.915,1.918,1.853,1.781,1.635,1.521,1.336
2022-03-10,0.679,0.868,1.201,1.57,1.897,1.903,1.844,1.78,1.65,1.553,1.377
2022-03-11,0.69,0.883,1.212,1.598,1.941,1.944,1.881,1.812,1.67,1.562,1.381
2022-03-14,0.725,0.91,1.241,1.641,1.995,1.998,1.938,1.872,1.741,1.645,1.461
2022-03-15,0.747,0.914,1.241,1.631,1.963,1.959,1.898,1.834,1.705,1.611,1.427
2022-03-16,0.753,0.924,1.258,1.662,2.005,2.004,1.945,1.881,1.756,1.664,1.478
2022-03-17,0.697,0.845,1.136,1.508,1.836,1.862,1.818,1.769,1.666,1.594,1.429
2022-03-18,0.694,0.856,1.124,1.487,1.797,1.812,1.762,1.709,1.609,1.54,1.413
2022-03-21,0.696,0.87,1.149,1.538,1.895,1.917,1.867,1.814,1.712,1.642,1.5
2022-03-22,0.694,0.884,1.179,1.605,2.008,2.032,1.981,1.926,1.812,1.733,1.579
2022-03-23,0.693,0.88,1.163,1.568,1.954,1.972,1.922,1.869,1.757,1.68,1.533
2022-03-24,0.693,0.888,1.172,1.57,1.94,1.955,1.905,1.855,1.75,1.68,1.519
2022-03-25,0.692,0.908,1.192,1.619,2.01,2.022,1.968,1.911,1.798,1.72,1.553
2022-03-28,0.692,0.91,1.192,1.611,1.997,2.0,1.938,1.876,1.749,1.658,1.473
2022-03-29,0.691,0.911,1.188,1.603,1.992,2.002,1.944,1.885,1.771,1.69,1.483
2022-03-30,0.691,0.918,1.201,1.631,2.028,2.038,1.979,1.918,1.799,1.712,1.492
2022-03-31,0.691,0.913,1.193,1.627,2.016,2.023,1.958,1.89,1.758,1.661,1.444
2022-04-01,0.69,0.918,1.201,1.632,2.031,2.034,1.967,1.897,1.762,1.659,1.421
2022-04-04,0.69,0.926,1.189,1.609,1.999,1.994,1.919,1.845,1.706,1.599,1.354
2022-04-05,0.69,0.932,1.197,1.627,2.045,2.053,1.985,1.915,1.786,1.689,1.438
2022-04-06,0.699,0.937,1.198,1.632,2.068,2.078,2.015,1.954,1.832,1.738,1.489
2022-04-07,0.726,0.946,1.203,1.646,2.084,2.101,2.043,1.984,1.863,1.774,1.542
2022-04-08,0.728,0.95,1.208,1.644,2.084,2.108,2.056,2.003,1.889,1.803,1.584
2022-04-11,0.747,0.966,1.223,1.673,2.143,2.181,2.134,2.084,1.974,1.891,1.661
2022-04-12,0.755,0.969,1.223,1.654,2.104,2.134,2.088,2.039,1.93,1.847,1.621
2022-04-13,0.772,0.994,1.25,1.678,2.12,2.148,2.102,2.052,1.946,1.87,1.643
2022-04-14,0.797,1.007,1.277,1.725,2.176,2.207,2.163,2.116,2.014,1.942,1.725
2022-04-15,0.798,1.007,1.275,1.717,2.168,2.199,2.16,2.117,2.014,1.941,1.724
2022-04-18,0.798,1.007,1.275,1.717,2.168,2.199,2.16,2.117,2.014,1.941,1.724
2022-04-19,0.831,1.031,1.303,1.762,2.22,2.255,2.216,2.171,2.075,2.011,1.795
2022-04-20,0.838,1.036,1.306,1.756,2.208,2.238,2.191,2.142,2.039,1.969,1.741
2022-04-21,0.891,1.117,1.431,1.892,2.325,2.335,2.277,2.217,2.096,2.01,1.741
2022-04-22,0.876,1.092,1.413,1.885,2.312,2.323,2.261,2.196,2.071,1.981,1.703
2022-04-25,0.887,1.086,1.382,1.807,2.185,2.186,2.128,2.069,1.953,1.871,1.618
2022-04-26,0.889,1.082,1.377,1.791,2.135,2.127,2.068,2.008,1.893,1.812,1.564
2022-04-27,0.903,1.089,1.38,1.792,2.141,2.132,2.074,2.017,1.91,1.837,1.593
2022-04-28,0.921,1.107,1.407,1.826,2.177,2.17,2.114,2.062,1.961,1.893,1.654
2022-04-29,0.934,1.126,1.443,1.871,2.23,2.224,2.165,2.107,2.005,1.937,1.698
2022-05-02,0.934,1.129,1.445,1.87,2.229,2.224,2.164,2.105,2.003,1.934,1.695
2022-05-03,0.978,1.168,1.492,1.929,2.283,2.273,2.21,2.15,2.039,1.962,1.707
2022-05-04,0.987,1.163,1.491,1.944,2.308,2.298,2.233,2.17,2.059,1.983,1.715
2022-05-05,0.941,1.101,1.399,1.815,2.186,2.202,2.158,2.114,2.033,1.985,1.758
2022-05-06,0.941,1.116,1.396,1.832,2.195,2.216,2.178,2.14,2.067,2.027,1.815
2022-05-09,0.94,1.115,1.379,1.776,2.098,2.115,2.093,2.07,2.01,1.982,1.788
2022-05-10,0.94,1.119,1.374,1.762,2.078,2.094,2.058,2.021,1.945,1.899,1.703
2022-05-11,0.94,1.128,1.384,1.758,2.065,2.076,2.048,2.017,1.947,1.908,1.735
2022-05-12,0.94,1.129,1.387,1.743,2.014,1.994,1.951,1.91,1.82,1.762,1.598
2022-05-13,0.94,1.147,1.401,1.76,2.03,2.017,1.975,1.935,1.85,1.797,1.633
2022-05-16,0.94,1.164,1.427,1.782,2.05,2.032,1.987,1.944,1.855,1.798,1.63
2022-05-17,0.95,1.207,1.508,1.904,2.203,2.195,2.15,2.102,2.002,1.936,1.738
2022-05-18,0.98,1.219,1.517,1.906,2.201,2.185,2.13,2.077,1.971,1.901,1.711
2022-05-19,0.981,1.222,1.525,1.91,2.206,2.187,2.13,2.075,1.966,1.892,1.704
2022-05-20,0.982,1.239,1.54,1.94,2.231,2.218,2.163,2.11,2.0,1.926,1.746
2022-05-23,1.014,1.253,1.561,1.974,2.282,2.275,2.226,2.178,2.073,2.006,1.821
2022-05-24,1.013,1.221,1.496,1.867,2.14,2.142,2.103,2.064,1.972,1.914,1.757
2022-05-25,1.037,1.231,1.506,1.887,2.162,2.161,2.125,2.088,2.002,1.95,1.805
2022-05-26,1.045,1.252,1.546,1.931,2.205,2.211,2.177,2.141,2.061,2.014,1.876
2022-05-27,1.048,1.268,1.548,1.942,2.199,2.194,2.156,2.116,2.027,1.971,1.835
2022-05-30,1.087,1.303,1.599,2.012,2.284,2.276,2.231,2.186,2.095,2.041,1.902
2022-05-31,1.088,1.302,1.598,2.041,2.351,2.358,2.32,2.284,2.199,2.154,2.026
2022-06-01,1.094,1.302,1.607,2.088,2.437,2.453,2.407,2.36,2.257,2.188,2.036
2022-06-02,1.094,1.303,1.607,2.088,2.437,2.453,2.407,2.359,2.258,2.19,2.035
2022-06-03,1.094,1.303,1.607,2.088,2.437,2.453,2.407,2.359,2.258,2.19,2.035
2022-06-06,1.138,1.332,1.654,2.155,2.523,2.555,2.515,2.468,2.365,2.295,2.117
2022-06-07,1.144,1.335,1.658,2.161,2.517,2.541,2.489,2.431,2.32,2.243,2.042
2022-06-08,1.165,1.36,1.692,2.203,2.562,2.584,2.533,2.474,2.361,2.283,2.085
2022-06-09,1.195,1.398,1.761,2.3,2.676,2.702,2.649,2.588,2.469,2.387,2.151
2022-06-10,1.224,1.451,1.847,2.446,2.844,2.873,2.812,2.736,2.592,2.486,2.202
2022-06-13,1.243,1.45,1.862,2.521,2.987,3.018,2.947,2.858,2.706,2.592,2.289
2022-06-14,1.246,1.472,1.903,2.538,2.964,2.974,2.916,2.85,2.728,2.647,2.365
2022-06-15,1.275,1.496,1.924,2.521,2.857,2.839,2.784,2.73,2.622,2.556,2.296
2022-06-16,1.198,1.469,1.985,2.624,2.946,2.905,2.835,2.768,2.637,2.546,2.293
2022-06-17,1.196,1.475,2.004,2.679,3.039,2.991,2.9,2.813,2.662,2.555,2.304
2022-06-20,1.195,1.497,2.02,2.712,3.084,3.046,2.966,2.89,2.755,2.665,2.435
2022-06-21,1.194,1.508,2.031,2.712,3.076,3.047,2.976,2.908,2.785,2.705,2.491
2022-06-22,1.194,1.495,1.985,2.596,2.886,2.848,2.789,2.735,2.628,2.562,2.357
2022-06-23,1.193,1.486,1.944,2.481,2.693,2.642,2.584,2.534,2.434,2.376,2.204
2022-06-24,1.193,1.502,1.952,2.484,2.696,2.641,2.577,2.523,2.42,2.36,2.177
2022-06-27,1.193,1.53,1.981,2.537,2.77,2.733,2.669,2.615,2.514,2.456,2.276
2022-06-28,1.194,1.553,2.012,2.614,2.895,2.865,2.799,2.74,2.63,2.564,2.364
2022-06-29,1.195,1.542,1.981,2.561,2.816,2.786,2.724,2.666,2.555,2.488,2.301
2022-06-30,1.194,1.548,1.973,2.487,2.655,2.611,2.562,2.515,2.417,2.363,2.202
2022-07-01,1.194,1.553,1.964,2.422,2.524,2.448,2.384,2.328,2.231,2.178,2.045
2022-07-04,1.194,1.588,2.017,2.505,2.623,2.554,2.498,2.455,2.367,2.322,2.181
2022-07-05,1.208,1.59,1.994,2.428,2.515,2.431,2.373,2.323,2.228,2.178,2.064
2022-07-06,1.247,1.594,1.993,2.429,2.54,2.454,2.394,2.347,2.254,2.211,2.11
2022-07-07,1.251,1.626,2.057,2.504,2.641,2.547,2.479,2.421,2.312,2.257,2.13
2022-07-08,1.252,1.641,2.065,2.567,2.765,2.688,2.618,2.557,2.446,2.389,2.257
2022-07-11,1.296,1.655,2.058,2.504,2.662,2.582,2.518,2.465,2.361,2.31,2.191
2022-07-12,1.308,1.658,2.05,2.445,2.551,2.456,2.393,2.343,2.25,2.211,2.144
2022-07-13,1.353,1.71,2.138,2.548,2.629,2.51,2.436,2.38,2.274,2.223,2.135
2022-07-14,1.369,1.753,2.221,2.656,2.74,2.605,2.519,2.454,2.333,2.267,2.167
2022-07-15,1.37,1.758,2.212,2.654,2.73,2.594,2.505,2.437,2.32,2.258,2.197
2022-07-18,1.416,1.779,2.239,2.685,2.771,2.645,2.56,2.496,2.378,2.314,2.249
2022-07-19,1.425,1.776,2.235,2.69,2.797,2.673,2.593,2.531,2.423,2.366,2.307
2022-07-20,1.437,1.764,2.218,2.667,2.758,2.632,2.547,2.482,2.366,2.303,2.245
2022-07-21,1.45,1.773,2.221,2.655,2.736,2.605,2.509,2.432,2.305,2.232,2.146
2022-07-22,1.443,1.756,2.154,2.518,2.561,2.432,2.347,2.283,2.175,2.122,2.08
2022-07-25,1.502,1.797,2.189,2.534,2.563,2.431,2.348,2.286,2.181,2.135,2.118
2022-07-26,1.522,1.815,2.208,2.55,2.584,2.444,2.351,2.281,2.164,2.104,2.089
2022-07-27,1.553,1.827,2.22,2.585,2.635,2.493,2.399,2.33,2.214,2.156,2.144
2022-07-28,1.542,1.803,2.159,2.463,2.479,2.336,2.246,2.181,2.077,2.032,2.025
2022-07-29,1.549,1.816,2.171,2.479,2.505,2.37,2.279,2.212,2.106,2.057,2.037
2022-08-01,1.599,1.845,2.185,2.49,2.512,2.365,2.261,2.182,2.053,1.983,1.927
2022-08-02,1.617,1.866,2.218,2.53,2.561,2.416,2.308,2.222,2.082,2.002,1.902
2022-08-03,1.635,1.885,2.266,2.617,2.683,2.553,2.438,2.344,2.187,2.092,1.969
2022-08-04,1.69,1.942,2.313,2.622,2.642,2.496,2.379,2.286,2.136,2.051,1.925
2022-08-05,1.689,1.972,2.371,2.746,2.803,2.658,2.537,2.442,2.297,2.209,2.065
2022-08-08,1.687,1.972,2.361,2.723,2.757,2.59,2.469,2.378,2.225,2.13,1.993
2022-08-09,1.689,1.986,2.387,2.773,2.825,2.665,2.54,2.443,2.274,2.161,1.991
2022-08-10,1.69,1.995,2.379,2.743,2.776,2.62,2.494,2.397,2.238,2.135,1.979
2022-08-11,1.69,2.008,2.412,2.798,2.848,2.701,2.577,2.483,2.331,2.235,2.075
2022-08-12,1.69,2.033,2.43,2.848,2.913,2.761,2.633,2.535,2.381,2.284,2.144
2022-08-15,1.691,2.047,2.45,2.864,2.922,2.76,2.607,2.486,2.307,2.189,2.042
2022-08-16,1.706,2.069,2.506,2.968,3.051,2.892,2.739,2.617,2.434,2.313,2.153
2022-08-17,1.76,2.169,2.671,3.202,3.306,3.122,2.941,2.799,2.593,2.461,2.252
2022-08-18,1.761,2.173,2.681,3.23,3.366,3.194,3.009,2.859,2.638,2.486,2.244
2022-08-19,1.765,2.211,2.715,3.283,3.431,3.273,3.103,2.964,2.758,2.618,2.361
2022-08-22,1.822,2.244,2.776,3.377,3.538,3.383,3.212,3.074,2.862,2.72,2.459
2022-08-23,1.839,2.256,2.801,3.453,3.659,3.513,3.342,3.196,2.964,2.799,2.51
2022-08-24,1.889,2.285,2.871,3.598,3.848,3.692,3.507,3.354,3.108,2.923,2.551
2022-08-25,1.888,2.278,2.845,3.522,3.741,3.584,3.403,3.258,3.035,2.868,2.526
2022-08-26,1.899,2.32,2.855,3.521,3.736,3.574,3.39,3.243,3.021,2.858,2.499
2022-08-29,1.899,2.321,2.858,3.526,3.738,3.576,3.391,3.243,3.017,2.85,2.491
2022-08-30,1.985,2.395,2.951,3.632,3.852,3.68,3.483,3.325,3.096,2.935,2.582
2022-08-31,1.999,2.414,2.973,3.66,3.887,3.718,3.522,3.368,3.148,2.995,2.657
2022-09-01,2.059,2.464,3.036,3.72,3.941,3.772,3.579,3.431,3.212,3.066,2.76
2022-09-02,2.064,2.464,3.022,3.704,3.913,3.745,3.563,3.424,3.221,3.093,2.823
2022-09-05,2.154,2.569,3.15,3.82,4.028,3.853,3.655,3.498,3.264,3.103,2.761
2022-09-06,2.169,2.567,3.134,3.792,4.002,3.851,3.684,3.557,3.35,3.207,2.902
2022-09-07,2.164,2.547,3.101,3.727,3.926,3.787,3.631,3.509,3.314,3.186,2.899
2022-09-08,2.185,2.547,3.093,3.706,3.916,3.804,3.663,3.55,3.375,3.264,3.004
2022-09-09,2.08,2.545,3.123,3.741,3.922,3.797,3.646,3.528,3.345,3.228,2.984
2022-09-12,2.128,2.569,3.143,3.734,3.903,3.772,3.614,3.493,3.305,3.184,2.952
2022-09-13,2.172,2.622,3.227,3.85,4.036,3.91,3.75,3.623,3.416,3.275,2.992
2022-09-14,2.197,2.639,3.239,3.861,4.039,3.909,3.741,3.603,3.385,3.234,2.936
2022-09-15,2.201,2.617,3.236,3.891,4.089,3.96,3.785,3.64,3.421,3.271,2.98
2022-09-16,2.203,2.624,3.246,3.917,4.119,3.984,3.81,3.664,3.436,3.278,2.983
2022-09-19,2.201,2.619,3.236,3.905,4.107,3.976,3.803,3.658,3.433,3.277,2.983
2022-09-20,2.292,2.735,3.37,4.089,4.34,4.214,4.04,3.891,3.648,3.471,3.16
2022-09-21,2.347,2.779,3.401,4.142,4.421,4.302,4.123,3.964,3.696,3.491,3.138
2022-09-22,2.191,2.63,3.292,4.12,4.506,4.44,4.276,4.123,3.863,3.658,3.288
2022-09-23,2.391,2.919,3.686,4.581,5.016,4.941,4.74,4.539,4.204,3.925,3.473
2022-09-26,2.738,3.638,4.439,5.286,5.633,5.494,5.261,5.034,4.642,4.32,3.855
2022-09-27,2.343,3.334,4.316,5.3,5.715,5.622,5.441,5.264,4.927,4.659,4.298
2022-09-28,2.39,3.414,4.298,5.151,5.4,5.26,5.072,4.892,4.533,4.243,3.554
2022-09-29,2.324,3.322,4.239,5.104,5.401,5.304,5.133,4.965,4.651,4.396,3.69
2022-09-30,2.266,3.277,4.22,5.088,5.412,5.361,5.215,5.059,4.734,4.452,3.652
2022-10-03,2.206,3.162,4.004,4.827,5.113,5.07,4.942,4.801,4.505,4.245,3.599
2022-10-04,2.24,3.151,3.971,4.784,5.06,5.007,4.881,4.746,4.437,4.165,3.646
2022-10-05,2.354,3.184,4.009,4.845,5.163,5.127,4.988,4.84,4.537,4.272,3.763
2022-10-06,2.371,3.269,4.116,4.992,5.326,5.288,5.159,5.021,4.727,4.471,3.955
2022-10-07,2.369,3.301,4.162,5.013,5.362,5.338,5.225,5.094,4.802,4.543,4.021
2022-10-10,2.486,3.384,4.278,5.169,5.536,5.541,5.443,5.326,5.055,4.814,4.356
2022-10-11,2.5,3.351,4.212,5.062,5.397,5.416,5.349,5.257,5.013,4.789,4.387
2022-10-12,2.574,3.348,4.193,5.009,5.3,5.325,5.284,5.223,5.023,4.831,4.472
2022-10-13,2.565,3.327,4.132,4.891,5.117,5.114,5.067,4.995,4.786,4.583,4.217
2022-10-14,2.555,3.314,4.081,4.849,5.105,5.109,5.068,5.009,4.814,4.625,4.332
2022-10-17,2.61,3.245,3.931,4.61,4.812,4.779,4.722,4.653,4.454,4.267,3.93
2022-10-18,2.641,3.275,3.973,4.665,4.861,4.816,4.75,4.672,4.464,4.27,3.886
2022-10-19,2.675,3.255,3.936,4.603,4.779,4.717,4.633,4.539,4.328,4.121,3.66
2022-10-20,2.68,3.232,3.879,4.55,4.765,4.72,4.643,4.556,4.341,4.132,3.633
2022-10-21,2.702,3.293,3.971,4.701,4.947,4.912,4.832,4.739,4.52,4.315,3.851
2022-10-24,2.736,3.246,3.869,4.514,4.717,4.653,4.555,4.45,4.213,3.999,3.546
2022-10-25,2.781,3.272,3.87,4.475,4.661,4.586,4.492,4.391,4.149,3.923,3.445
2022-10-26,2.775,3.201,3.772,4.378,4.551,4.476,4.39,4.298,4.078,3.872,3.422
2022-10-27,2.772,3.179,3.712,4.277,4.443,4.365,4.268,4.169,3.954,3.751,3.3
2022-10-28,2.783,3.213,3.742,4.326,4.513,4.421,4.31,4.198,3.966,3.749,3.251
2022-10-31,2.838,3.241,3.758,4.345,4.569,4.5,4.389,4.277,4.044,3.826,3.296
2022-11-01,2.863,3.234,3.743,4.294,4.485,4.401,4.291,4.176,3.952,3.755,3.281
2022-11-02,2.876,3.244,3.751,4.269,4.413,4.333,4.22,4.104,3.886,3.695,3.265
2022-11-03,2.938,3.293,3.778,4.289,4.446,4.374,4.277,4.177,3.974,3.806,3.392
2022-11-04,2.938,3.309,3.752,4.253,4.403,4.342,4.249,4.153,3.966,3.819,3.458
2022-11-07,2.938,3.327,3.786,4.272,4.401,4.321,4.233,4.142,3.961,3.824,3.479
2022-11-08,2.93,3.335,3.792,4.276,4.416,4.331,4.227,4.122,3.923,3.765,3.391
2022-11-09,2.93,3.342,3.786,4.258,4.393,4.292,4.167,4.042,3.807,3.623,3.205
2022-11-10,2.929,3.324,3.745,4.176,4.253,4.138,4.008,3.881,3.656,3.484,3.077
2022-11-11,2.929,3.353,3.761,4.219,4.297,4.181,4.057,3.938,3.723,3.558,3.161
2022-11-14,2.928,3.388,3.8,4.212,4.271,4.145,4.027,3.918,3.706,3.545,3.155
2022-11-15,2.928,3.398,3.803,4.205,4.246,4.119,3.985,3.859,3.638,3.468,3.103
2022-11-16,2.948,3.419,3.827,4.223,4.206,4.043,3.899,3.763,3.525,3.338,2.954
2022-11-17,3.003,3.432,3.855,4.287,4.293,4.127,3.975,3.832,3.586,3.39,2.977
2022-11-18,3.005,3.453,3.863,4.299,4.333,4.185,4.033,3.89,3.637,3.431,3.003
2022-11-21,3.044,3.463,3.878,4.296,4.328,4.178,4.02,3.87,3.603,3.379,2.921
2022-11-22,3.061,3.467,3.876,4.286,4.288,4.122,3.968,3.823,3.566,3.348,2.905
2022-11-23,3.082,3.486,3.892,4.303,4.281,4.085,3.905,3.746,3.467,3.226,2.764
2022-11-24,3.145,3.49,3.895,4.325,4.334,4.143,3.958,3.794,3.513,3.27,2.812
2022-11-25,3.154,3.521,3.918,4.365,4.387,4.204,4.032,3.877,3.606,3.372,2.913
2022-11-28,3.174,3.535,3.929,4.327,4.312,4.12,3.953,3.809,3.548,3.325,2.882
2022-11-29,3.196,3.549,3.939,4.318,4.291,4.091,3.92,3.774,3.52,3.303,2.886
2022-11-30,3.216,3.557,3.956,4.356,4.358,4.166,3.997,3.852,3.6,3.389,2.98
2022-12-01,3.247,3.548,3.936,4.319,4.297,4.092,3.925,3.781,3.532,3.328,2.944
2022-12-02,3.264,3.572,3.965,4.355,4.333,4.122,3.953,3.811,3.568,3.378,3.029
2022-12-05,3.303,3.598,3.982,4.365,4.324,4.091,3.898,3.736,3.473,3.266,2.922
2022-12-06,3.323,3.605,3.987,4.364,4.327,4.095,3.891,3.718,3.443,3.239,2.894
2022-12-07,3.35,3.615,3.988,4.348,4.303,4.078,3.884,3.716,3.443,3.237,2.912
2022-12-08,3.362,3.62,3.981,4.331,4.269,4.055,3.879,3.728,3.47,3.279,2.969
2022-12-09,3.378,3.636,3.994,4.349,4.285,4.07,3.906,3.767,3.522,3.343,3.033
2022-12-12,3.437,3.68,4.035,4.4,4.335,4.104,3.929,3.781,3.53,3.345,3.054
2022-12-13,3.454,3.694,4.063,4.434,4.377,4.144,3.977,3.838,3.597,3.422,3.141
2022-12-14,3.452,3.675,4.015,4.355,4.284,4.084,3.937,3.818,3.611,3.464,3.214
2022-12-15,3.43,3.643,3.978,4.325,4.265,4.048,3.881,3.742,3.528,3.378,3.162
2022-12-16,3.432,3.652,4.013,4.389,4.358,4.163,4.0,3.861,3.638,3.472,3.205
2022-12-19,3.433,3.675,4.036,4.409,4.395,4.232,4.081,3.948,3.729,3.562,3.291
2022-12-20,3.431,3.677,4.045,4.428,4.462,4.316,4.18,4.054,3.841,3.671,3.375
2022-12-21,3.428,3.677,4.039,4.398,4.412,4.264,4.134,4.015,3.811,3.655,3.346
2022-12-22,3.431,3.683,4.05,4.426,4.446,4.305,4.171,4.048,3.84,3.683,3.369
2022-12-23,3.431,3.688,4.056,4.448,4.469,4.33,4.199,4.078,3.875,3.723,3.407
2022-12-26,3.431,3.688,4.056,4.448,4.469,4.33,4.199,4.078,3.875,3.723,3.407
2022-12-27,3.431,3.688,4.056,4.448,4.469,4.33,4.199,4.078,3.875,3.723,3.407
2022-12-28,3.433,3.731,4.076,4.442,4.441,4.302,4.181,4.07,3.879,3.747,3.45
2022-12-29,3.43,3.735,4.072,4.437,4.437,4.299,4.181,4.072,3.884,3.746,3.449
2022-12-30,3.43,3.751,4.089,4.455,4.465,4.33,4.208,4.092,3.895,3.749,3.456
2023-01-02,3.43,3.751,4.089,4.455,4.465,4.33,4.208,4.092,3.895,3.749,3.456
2023-01-03,3.444,3.777,4.086,4.416,4.389,4.238,4.114,4.003,3.814,3.684,3.409
2023-01-04,3.483,3.772,4.057,4.352,4.289,4.111,3.975,3.859,3.67,3.547,3.302
2023-01-05,3.488,3.802,4.115,4.438,4.395,4.221,4.071,3.941,3.742,3.613,3.367
2023-01-06,3.489,3.797,4.087,4.37,4.295,4.114,3.973,3.851,3.665,3.544,3.318
2023-01-09,3.534,3.84,4.109,4.356,4.245,4.048,3.918,3.812,3.654,3.568,3.383
2023-01-10,3.548,3.843,4.118,4.375,4.259,4.062,3.934,3.834,3.676,3.59,3.374
2023-01-11,3.58,3.842,4.107,4.327,4.164,3.948,3.806,3.698,3.533,3.442,3.228
2023-01-12,3.582,3.844,4.095,4.277,4.066,3.842,3.702,3.6,3.444,3.361,3.162
2023-01-13,3.587,3.854,4.105,4.296,4.089,3.86,3.724,3.622,3.463,3.373,3.167
2023-01-16,3.626,3.875,4.118,4.323,4.116,3.884,3.743,3.642,3.483,3.393,3.194
2023-01-17,3.65,3.901,4.149,4.343,4.129,3.889,3.737,3.623,3.448,3.343,3.142
2023-01-18,3.684,3.923,4.18,4.366,4.122,3.884,3.726,3.607,3.425,3.312,3.125
2023-01-19,3.694,3.931,4.175,4.355,4.106,3.868,3.72,3.607,3.429,3.318,3.114
2023-01-20,3.699,3.94,4.184,4.352,4.098,3.868,3.731,3.632,3.473,3.378,3.196
2023-01-23,3.744,3.968,4.205,4.368,4.101,3.875,3.74,3.641,3.485,3.397,3.225
2023-01-24,3.751,3.957,4.181,4.337,4.053,3.822,3.682,3.579,3.42,3.326,3.144
2023-01-25,3.769,3.957,4.168,4.288,3.976,3.746,3.618,3.527,3.382,3.297,3.114
2023-01-26,3.788,3.976,4.182,4.311,4.022,3.801,3.676,3.584,3.439,3.358,3.165
2023-01-27,3.799,3.984,4.188,4.311,4.035,3.818,3.694,3.6,3.455,3.372,3.181
2023-01-30,3.839,4.006,4.208,4.325,4.053,3.831,3.701,3.603,3.453,3.367,3.169
2023-01-31,3.844,4.004,4.203,4.315,4.032,3.818,3.689,3.592,3.45,3.372,3.195
2023-02-01,3.86,4.014,4.2,4.311,4.036,3.827,3.699,3.602,3.46,3.385,3.227
2023-02-02,3.931,4.037,4.176,4.195,3.803,3.553,3.402,3.294,3.157,3.093,2.999
2023-02-03,3.931,4.038,4.175,4.195,3.813,3.572,3.433,3.337,3.208,3.159,3.072
2023-02-06,3.931,4.045,4.192,4.252,3.934,3.726,3.597,3.502,3.366,3.301,3.164
2023-02-07,3.931,4.045,4.2,4.279,3.993,3.796,3.671,3.576,3.435,3.357,3.197
2023-02-08,3.93,4.048,4.209,4.292,3.995,3.792,3.669,3.577,3.444,3.369,3.227
2023-02-09,3.931,4.052,4.215,4.305,4.023,3.816,3.684,3.584,3.439,3.355,3.207
2023-02-10,3.931,4.066,4.248,4.38,4.149,3.952,3.814,3.706,3.547,3.447,3.262
2023-02-13,3.932,4.086,4.27,4.408,4.171,3.968,3.828,3.719,3.559,3.458,3.264
2023-02-14,3.932,4.106,4.322,4.5,4.306,4.107,3.964,3.846,3.67,3.554,3.324
2023-02-15,3.932,4.071,4.24,4.393,4.228,4.038,3.898,3.784,3.618,3.512,3.31
2023-02-16,3.933,4.075,4.236,4.363,4.184,4.006,3.878,3.774,3.623,3.532,3.353
2023-02-17,3.933,4.08,4.249,4.383,4.206,4.027,3.898,3.793,3.643,3.555,3.389
2023-02-20,3.933,4.098,4.252,4.362,4.144,3.953,3.819,3.712,3.562,3.48,3.333
2023-02-21,3.934,4.124,4.323,4.489,4.315,4.13,3.994,3.883,3.726,3.636,3.464
2023-02-22,3.933,4.128,4.33,4.495,4.312,4.131,3.999,3.889,3.727,3.629,3.441
2023-02-23,3.933,4.137,4.35,4.529,4.342,4.155,4.018,3.905,3.739,3.639,3.449
2023-02-24,3.943,4.164,4.397,4.621,4.474,4.286,4.133,4.005,3.82,3.699,3.492
2023-02-27,3.971,4.186,4.406,4.642,4.537,4.341,4.184,4.053,3.867,3.751,3.536
2023-02-28,4.004,4.198,4.415,4.655,4.559,4.35,4.183,4.045,3.851,3.733,3.51
2023-03-01,4.016,4.18,4.392,4.618,4.526,4.325,4.171,4.042,3.867,3.772,3.604
2023-03-02,4.014,4.175,4.386,4.617,4.539,4.36,4.202,4.072,3.9,3.809,3.64
2023-03-03,4.016,4.185,4.394,4.622,4.528,4.344,4.189,4.062,3.884,3.784,3.605
2023-03-06,4.04,4.201,4.416,4.655,4.56,4.377,4.216,4.082,3.889,3.773,3.577
2023-03-07,4.071,4.225,4.458,4.716,4.617,4.415,4.239,4.091,3.881,3.749,3.521
2023-03-08,4.078,4.234,4.458,4.703,4.587,4.378,4.198,4.044,3.821,3.675,3.442
2023-03-09,4.083,4.238,4.463,4.715,4.614,4.41,4.229,4.078,3.861,3.725,3.5
2023-03-10,4.069,4.21,4.391,4.576,4.441,4.246,4.07,3.922,3.715,3.588,3.405
2023-03-13,4.053,4.158,4.289,4.354,4.216,4.056,3.899,3.76,3.553,3.424,3.267
2023-03-14,4.047,4.155,4.297,4.383,4.277,4.155,4.018,3.886,3.682,3.546,3.352
2023-03-15,4.006,4.081,4.165,4.151,4.005,3.911,3.8,3.687,3.496,3.368,3.18
2023-03-16,4.05,4.134,4.218,4.251,4.101,3.975,3.847,3.724,3.525,3.389,3.2
2023-03-17,4.03,4.103,4.17,4.189,3.992,3.853,3.72,3.596,3.408,3.287,3.136
2023-03-20,4.053,4.114,4.17,4.154,3.928,3.8,3.683,3.572,3.396,3.292,3.173
2023-03-21,4.062,4.138,4.239,4.251,3.997,3.837,3.712,3.599,3.424,3.319,3.173
2023-03-22,4.151,4.26,4.426,4.536,4.302,4.109,3.946,3.8,3.588,3.45,3.265
2023-03-23,4.171,4.265,4.394,4.402,4.071,3.864,3.72,3.599,3.418,3.313,3.171
2023-03-24,4.157,4.255,4.366,4.348,4.012,3.797,3.653,3.537,3.357,3.251,3.109
2023-03-27,4.161,4.272,4.414,4.443,4.14,3.931,3.781,3.659,3.47,3.353,3.16
2023-03-28,4.161,4.281,4.425,4.479,4.185,3.984,3.838,3.717,3.531,3.417,3.206
2023-03-29,4.164,4.291,4.445,4.509,4.237,4.042,3.89,3.759,3.564,3.437,3.211
2023-03-30,4.164,4.295,4.454,4.552,4.303,4.11,3.953,3.816,3.615,3.48,3.236
2023-03-31,4.164,4.293,4.453,4.553,4.295,4.094,3.937,3.802,3.597,3.461,3.232
2023-04-03,4.165,4.306,4.455,4.499,4.179,3.964,3.81,3.684,3.485,3.353,3.119
2023-04-04,4.168,4.307,4.445,4.472,4.135,3.929,3.789,3.672,3.494,3.381,3.159
2023-04-05,4.171,4.309,4.444,4.462,4.096,3.888,3.755,3.648,3.477,3.365,3.161
2023-04-06,4.172,4.32,4.457,4.487,4.126,3.92,3.784,3.673,3.498,3.381,3.174
2023-04-07,4.172,4.319,4.461,4.493,4.133,3.925,3.785,3.67,3.492,3.372,3.164
2023-04-10,4.172,4.319,4.461,4.493,4.133,3.925,3.785,3.67,3.492,3.372,3.164
2023-04-11,4.172,4.354,4.511,4.581,4.246,4.035,3.894,3.779,3.602,3.482,3.259
2023-04-12,4.18,4.361,4.52,4.594,4.275,4.065,3.921,3.805,3.627,3.508,3.284
2023-04-13,4.201,4.362,4.513,4.581,4.262,4.055,3.914,3.8,3.627,3.514,3.329
2023-04-14,4.204,4.373,4.539,4.633,4.336,4.123,3.976,3.857,3.68,3.566,3.379
2023-04-17,4.219,4.387,4.544,4.633,4.328,4.119,3.978,3.867,3.702,3.6,3.415
2023-04-18,4.23,4.411,4.596,4.718,4.42,4.205,4.057,3.937,3.764,3.657,3.469
2023-04-19,4.254,4.467,4.688,4.85,4.579,4.36,4.201,4.074,3.882,3.759,3.549
2023-04-20,4.273,4.464,4.675,4.816,4.514,4.286,4.124,3.994,3.805,3.685,3.485
2023-04-21,4.273,4.462,4.674,4.809,4.509,4.281,4.12,3.989,3.801,3.68,3.486
2023-04-24,4.294,4.484,4.697,4.834,4.536,4.308,4.146,4.014,3.823,3.701,3.505
2023-04-25,4.301,4.477,4.67,4.78,4.465,4.234,4.075,3.945,3.759,3.641,3.459
2023-04-26,4.306,4.474,4.66,4.763,4.439,4.215,4.06,3.934,3.754,3.641,3.459
2023-04-27,4.327,4.488,4.692,4.825,4.523,4.304,4.147,4.02,3.838,3.724,3.545
2023-04-28,4.338,4.505,4.706,4.826,4.511,4.282,4.119,3.987,3.799,3.68,3.498
2023-05-01,4.334,4.502,4.706,4.825,4.507,4.279,4.118,3.989,3.801,3.682,3.501
2023-05-02,4.353,4.5,4.687,4.782,4.461,4.231,4.068,3.937,3.75,3.631,3.462
2023-05-03,4.365,4.508,4.698,4.8,4.476,4.247,4.084,3.954,3.77,3.656,3.491
2023-05-04,4.363,4.494,4.661,4.725,4.384,4.164,4.015,3.901,3.737,3.642,3.494
2023-05-05,4.37,4.519,4.694,4.784,4.468,4.257,4.109,3.992,3.83,3.736,3.588
2023-05-08,4.37,4.519,4.693,4.784,4.467,4.256,4.106,3.987,3.823,3.727,3.578
2023-05-09,4.405,4.546,4.721,4.815,4.52,4.312,4.163,4.047,3.887,3.794,3.644
2023-05-10,4.42,4.554,4.72,4.798,4.494,4.279,4.129,4.011,3.85,3.758,3.611
2023-05-11,4.424,4.555,4.716,4.769,4.414,4.176,4.022,3.905,3.746,3.662,3.538
2023-05-12,4.427,4.575,4.738,4.807,4.463,4.226,4.067,3.947,3.787,3.701,3.576
2023-05-15,4.428,4.584,4.749,4.823,4.498,4.266,4.11,3.99,3.834,3.752,3.627
2023-05-16,4.429,4.579,4.731,4.792,4.468,4.241,4.089,3.975,3.823,3.742,3.62
2023-05-17,4.432,4.581,4.732,4.803,4.505,4.286,4.132,4.012,3.853,3.763,3.63
2023-05-18,4.433,4.6,4.768,4.871,4.602,4.384,4.228,4.107,3.95,3.864,3.729
2023-05-19,4.433,4.607,4.766,4.87,4.621,4.419,4.27,4.154,4.0,3.915,3.775
2023-05-22,4.434,4.621,4.792,4.92,4.699,4.5,4.341,4.217,4.051,3.951,3.794
2023-05-23,4.438,4.638,4.831,4.982,4.768,4.576,4.429,4.311,4.148,4.053,3.894
2023-05-24,4.472,4.734,5.021,5.25,5.039,4.794,4.601,4.448,4.239,4.105,3.889
2023-05-25,4.477,4.772,5.1,5.381,5.236,5.014,4.818,4.654,4.429,4.279,4.013
2023-05-26,4.474,4.763,5.066,5.371,5.22,4.996,4.805,4.646,4.423,4.275,4.03
2023-05-29,4.474,4.759,5.058,5.362,5.215,4.991,4.798,4.637,4.412,4.262,4.017
2023-05-30,4.516,4.776,5.072,5.356,5.18,4.942,4.748,4.585,4.352,4.194,3.949
2023-05-31,4.511,4.755,5.02,5.253,5.041,4.808,4.622,4.466,4.245,4.099,3.866
2023-06-01,4.531,4.755,5.013,5.247,5.031,4.798,4.6,4.436,4.208,4.057,3.832
2023-06-02,4.537,4.776,5.038,5.273,5.066,4.83,4.632,4.467,4.232,4.074,3.834
2023-06-05,4.563,4.793,5.063,5.318,5.149,4.919,4.718,4.548,4.304,4.135,3.88
2023-06-06,4.568,4.794,5.057,5.307,5.151,4.923,4.72,4.548,4.302,4.129,3.856
2023-06-07,4.578,4.807,5.086,5.369,5.226,4.995,4.785,4.606,4.354,4.175,3.894
2023-06-08,4.592,4.805,5.072,5.333,5.186,4.96,4.761,4.594,4.357,4.193,3.923
2023-06-09,4.599,4.822,5.095,5.358,5.213,4.973,4.768,4.596,4.35,4.175,3.888
2023-06-12,4.628,4.851,5.135,5.412,5.289,5.06,4.857,4.688,4.44,4.265,3.971
2023-06-13,4.648,4.888,5.222,5.609,5.562,5.331,5.096,4.893,4.595,4.369,4.012
2023-06-14,4.649,4.876,5.191,5.554,5.473,5.238,5.017,4.827,4.536,4.312,3.947
2023-06-15,4.664,4.884,5.214,5.593,5.529,5.299,5.07,4.87,4.557,4.312,3.904
2023-06-16,4.668,4.89,5.215,5.59,5.55,5.328,5.1,4.897,4.585,4.332,3.906
2023-06-19,4.701,4.921,5.261,5.669,5.671,5.456,5.216,5.002,4.672,4.404,3.946
2023-06-20,4.71,4.937,5.27,5.648,5.588,5.341,5.09,4.867,4.537,4.272,3.852
2023-06-21,4.769,5.017,5.387,5.774,5.699,5.445,5.185,4.955,4.614,4.344,3.909
2023-06-22,4.938,5.198,5.589,5.946,5.771,5.455,5.175,4.94,4.592,4.319,3.89
2023-06-23,4.937,5.223,5.631,6.0,5.842,5.508,5.202,4.944,4.569,4.276,3.837
2023-06-26,4.936,5.236,5.631,5.998,5.846,5.514,5.205,4.945,4.557,4.251,3.774
2023-06-27,4.937,5.251,5.654,6.055,5.959,5.654,5.348,5.083,4.677,4.34,3.792
2023-06-28,4.937,5.247,5.627,5.973,5.827,5.517,5.228,4.977,4.596,4.284,3.783
2023-06-29,4.938,5.264,5.649,6.016,5.886,5.575,5.278,5.021,4.64,4.33,3.818
2023-06-30,4.938,5.275,5.674,6.065,5.962,5.648,5.349,5.087,4.689,4.36,3.827
2023-07-03,4.939,5.3,5.7,6.094,6.015,5.718,5.419,5.157,4.752,4.415,3.847
2023-07-04,4.953,5.307,5.703,6.095,6.012,5.717,5.417,5.15,4.741,4.4,3.829
2023-07-05,4.993,5.319,5.726,6.16,6.113,5.821,5.516,5.244,4.828,4.482,3.891
2023-07-06,4.999,5.353,5.794,6.277,6.244,5.943,5.643,5.377,4.972,4.639,4.06
2023-07-07,4.999,5.363,5.766,6.199,6.133,5.838,5.555,5.309,4.93,4.623,4.091
2023-07-10,5.042,5.369,5.758,6.178,6.11,5.826,5.547,5.304,4.923,4.612,4.073
2023-07-11,5.057,5.389,5.784,6.216,6.168,5.873,5.586,5.335,4.953,4.635,4.09
2023-07-12,5.082,5.367,5.715,6.07,5.963,5.658,5.381,5.143,4.785,4.499,4.01
2023-07-13,5.088,5.379,5.722,6.042,5.881,5.557,5.276,5.043,4.697,4.428,3.974
2023-07-14,5.096,5.404,5.737,6.069,5.906,5.577,5.291,5.052,4.697,4.417,3.959
2023-07-17,5.14,5.421,5.747,6.059,5.874,5.544,5.266,5.036,4.691,4.421,3.98
2023-07-18,5.146,5.413,5.721,6.004,5.801,5.465,5.185,4.952,4.602,4.327,3.891
2023-07-19,5.138,5.354,5.611,5.82,5.562,5.23,4.962,4.742,4.424,4.18,3.792
2023-07-20,5.146,5.366,5.634,5.86,5.636,5.308,5.035,4.812,4.484,4.233,3.831
2023-07-21,5.152,5.378,5.628,5.837,5.61,5.281,5.014,4.797,4.474,4.225,3.834
2023-07-24,5.176,5.375,5.615,5.816,5.58,5.258,4.989,4.772,4.455,4.214,3.833
2023-07-25,5.196,5.389,5.624,5.833,5.613,5.287,5.017,4.798,4.475,4.231,3.844
2023-07-26,5.217,5.4,5.646,5.876,5.681,5.362,5.085,4.854,4.515,4.252,3.831
2023-07-27,5.203,5.378,5.617,5.833,5.639,5.328,5.061,4.842,4.519,4.27,3.864
2023-07-28,5.209,5.383,5.6,5.797,5.595,5.288,5.031,4.822,4.512,4.276,3.886
2023-07-31,5.239,5.401,5.62,5.812,5.6,5.285,5.026,4.814,4.5,4.263,3.874
2023-08-01,5.249,5.406,5.626,5.829,5.643,5.35,5.099,4.889,4.583,4.347,3.943
2023-08-02,5.248,5.391,5.599,5.784,5.59,5.294,5.05,4.85,4.557,4.334,3.946
2023-08-03,5.19,5.316,5.525,5.73,5.556,5.283,5.054,4.866,4.599,4.404,4.051
2023-08-04,5.19,5.321,5.515,5.712,5.513,5.232,5.001,4.811,4.534,4.328,3.978
2023-08-07,5.191,5.329,5.527,5.722,5.529,5.261,5.038,4.856,4.586,4.386,4.029
2023-08-08,5.191,5.331,5.528,5.721,5.529,5.257,5.03,4.843,4.56,4.346,3.975
2023-08-09,5.193,5.333,5.525,5.71,5.51,5.232,5.004,4.815,4.532,4.317,3.952
2023-08-10,5.193,5.334,5.519,5.685,5.466,5.188,4.964,4.78,4.51,4.309,3.96
2023-08-11,5.193,5.358,5.554,5.757,5.591,5.331,5.113,4.933,4.666,4.468,4.115
2023-08-14,5.193,5.373,5.591,5.815,5.66,5.395,5.166,4.979,4.701,4.493,4.126
2023-08-15,5.193,5.425,5.664,5.876,5.684,5.405,5.181,4.996,4.722,4.518,4.144
2023-08-16,5.194,5.438,5.695,5.941,5.763,5.48,5.244,5.05,4.77,4.562,4.19
2023-08-17,5.196,5.453,5.73,5.996,5.846,5.581,5.353,5.163,4.881,4.669,4.29
2023-08-18,5.196,5.459,5.711,5.953,5.788,5.524,5.3,5.112,4.83,4.618,4.236
2023-08-21,5.196,5.472,5.735,5.989,5.836,5.576,5.352,5.165,4.883,4.669,4.282
2023-08-22,5.206,5.476,5.725,5.957,5.797,5.536,5.308,5.116,4.829,4.609,4.22
2023-08-23,5.229,5.446,5.651,5.82,5.587,5.308,5.084,4.898,4.626,4.422,4.067
2023-08-24,5.23,5.452,5.659,5.822,5.583,5.301,5.07,4.878,4.595,4.383,4.016
2023-08-25,5.231,5.467,5.67,5.847,5.628,5.346,5.112,4.916,4.623,4.398,4.007
2023-08-28,5.232,5.469,5.673,5.852,5.636,5.353,5.118,4.922,4.628,4.402,4.011
2023-08-29,5.264,5.472,5.665,5.823,5.58,5.286,5.051,4.865,4.588,4.38,4.016
2023-08-30,5.266,5.475,5.662,5.821,5.577,5.276,5.036,4.846,4.572,4.371,4.022
2023-08-31,5.259,5.442,5.606,5.747,5.499,5.208,4.973,4.785,4.515,4.317,3.984
2023-09-01,5.275,5.441,5.599,5.733,5.489,5.206,4.983,4.805,4.546,4.36,4.048
2023-09-04,5.291,5.454,5.61,5.742,5.503,5.231,5.01,4.835,4.582,4.402,4.109
2023-09-05,5.299,5.461,5.625,5.776,5.557,5.288,5.068,4.889,4.631,4.447,4.135
2023-09-06,5.303,5.456,5.61,5.758,5.552,5.298,5.083,4.907,4.651,4.465,4.146
2023-09-07,5.313,5.449,5.579,5.695,5.459,5.2,4.993,4.824,4.577,4.401,4.093
2023-09-08,5.306,5.429,5.535,5.621,5.358,5.094,4.895,4.734,4.501,4.339,4.056
2023-09-11,5.329,5.456,5.567,5.66,5.395,5.127,4.928,4.767,4.539,4.382,4.118
2023-09-12,5.33,5.447,5.559,5.645,5.366,5.09,4.889,4.727,4.494,4.333,4.076
2023-09-13,5.329,5.437,5.544,5.612,5.29,5.001,4.798,4.639,4.414,4.263,4.01
2023-09-14,5.344,5.443,5.537,5.591,5.253,4.946,4.731,4.566,4.343,4.194,3.945
2023-09-15,5.36,5.462,5.561,5.626,5.296,4.985,4.771,4.61,4.398,4.26,4.03
2023-09-18,5.377,5.471,5.571,5.646,5.338,5.047,4.837,4.679,4.459,4.314,4.078
2023-09-19,5.382,5.467,5.553,5.609,5.29,4.997,4.787,4.627,4.408,4.265,4.044
2023-09-20,5.307,5.37,5.441,5.476,5.131,4.83,4.621,4.465,4.265,4.143,3.96
2023-09-21,5.197,5.271,5.365,5.442,5.135,4.852,4.652,4.503,4.313,4.204,4.03
2023-09-22,5.196,5.269,5.35,5.398,5.074,4.786,4.595,4.455,4.276,4.173,4.018
2023-09-25,5.198,5.278,5.358,5.403,5.084,4.811,4.622,4.485,4.315,4.226,4.096
2023-09-26,5.198,5.279,5.363,5.413,5.086,4.805,4.616,4.479,4.317,4.235,4.116
2023-09-27,5.198,5.288,5.381,5.449,5.152,4.887,4.695,4.552,4.373,4.274,4.115
2023-09-28,5.199,5.301,5.409,5.491,5.251,5.019,4.84,4.703,4.528,4.43,4.265
2023-09-29,5.199,5.287,5.377,5.438,5.158,4.907,4.729,4.597,4.432,4.346,4.211
2023-10-02,5.198,5.295,5.389,5.459,5.204,4.97,4.797,4.669,4.512,4.433,4.304
2023-10-03,5.201,5.295,5.384,5.454,5.207,4.983,4.818,4.694,4.543,4.472,4.347
2023-10-04,5.21,5.299,5.385,5.45,5.204,4.991,4.835,4.715,4.563,4.488,4.349
2023-10-05,5.208,5.287,5.362,5.406,5.132,4.909,4.753,4.638,4.497,4.435,4.326
2023-10-06,5.209,5.293,5.371,5.415,5.149,4.932,4.781,4.668,4.537,4.486,4.395
2023-10-09,5.214,5.285,5.356,5.392,5.097,4.859,4.7,4.584,4.447,4.393,4.327
2023-10-10,5.216,5.284,5.35,5.378,5.075,4.83,4.665,4.545,4.404,4.348,4.281
2023-10-11,5.221,5.284,5.349,5.376,5.075,4.819,4.634,4.495,4.323,4.237,4.121
2023-10-12,5.221,5.288,5.357,5.394,5.113,4.872,4.696,4.565,4.402,4.323,4.209
2023-10-13,5.223,5.295,5.36,5.393,5.104,4.852,4.672,4.538,4.373,4.293,4.179
2023-10-16,5.229,5.3,5.375,5.422,5.161,4.92,4.739,4.605,4.444,4.372,4.271
2023-10-17,5.227,5.292,5.361,5.404,5.15,4.922,4.754,4.627,4.473,4.403,4.291
2023-10-18,5.228,5.296,5.383,5.457,5.249,5.046,4.886,4.761,4.601,4.518,4.372
2023-10-19,5.228,5.291,5.37,5.433,5.245,5.061,4.913,4.797,4.64,4.557,4.409
2023-10-20,5.218,5.273,5.338,5.367,5.122,4.937,4.803,4.7,4.571,4.516,4.421
2023-10-23,5.221,5.273,5.336,5.361,5.107,4.915,4.778,4.675,4.546,4.492,4.385
2023-10-24,5.211,5.259,5.317,5.326,5.046,4.841,4.701,4.597,4.472,4.424,4.335
2023-10-25,5.213,5.26,5.319,5.336,5.075,4.876,4.738,4.638,4.519,4.477,4.391
2023-10-26,5.211,5.258,5.314,5.321,5.046,4.842,4.703,4.605,4.495,4.465,4.406
2023-10-27,5.206,5.251,5.302,5.291,4.983,4.771,4.633,4.538,4.435,4.41,4.359
2023-10-30,5.208,5.254,5.304,5.286,4.983,4.776,4.642,4.55,4.452,4.43,4.382
2023-10-31,5.21,5.259,5.31,5.294,4.972,4.751,4.606,4.504,4.393,4.362,4.309
2023-11-01,5.212,5.261,5.313,5.298,4.959,4.731,4.586,4.488,4.38,4.352,4.301
2023-11-02,5.198,5.248,5.3,5.269,4.894,4.641,4.487,4.386,4.277,4.252,4.211
2023-11-03,5.198,5.243,5.29,5.242,4.834,4.558,4.393,4.285,4.17,4.143,4.1
2023-11-06,5.197,5.245,5.295,5.257,4.88,4.622,4.463,4.357,4.242,4.216,4.169
2023-11-07,5.197,5.236,5.27,5.196,4.795,4.536,4.381,4.277,4.159,4.124,4.064
2023-11-08,5.198,5.241,5.283,5.21,4.799,4.534,4.369,4.254,4.118,4.065,3.98
2023-11-09,5.198,5.24,5.28,5.209,4.807,4.545,4.385,4.278,4.155,4.115,4.041
2023-11-10,5.198,5.241,5.279,5.22,4.852,4.606,4.449,4.337,4.207,4.161,4.082
2023-11-13,5.199,5.241,5.276,5.212,4.856,4.614,4.452,4.339,4.205,4.153,4.059
2023-11-14,5.197,5.235,5.257,5.158,4.74,4.47,4.3,4.181,4.043,3.988,3.889
2023-11-15,5.198,5.229,5.248,5.147,4.748,4.496,4.339,4.229,4.1,4.054,3.966
2023-11-16,5.199,5.226,5.241,5.12,4.692,4.425,4.259,4.145,4.017,3.976,3.897
2023-11-17,5.199,5.229,5.246,5.136,4.712,4.438,4.26,4.137,4.002,3.954,3.877
2023-11-20,5.199,5.229,5.241,5.127,4.712,4.437,4.263,4.143,4.01,3.965,3.883
2023-11-21,5.2,5.232,5.246,5.135,4.713,4.434,4.254,4.128,3.985,3.931,3.841
2023-11-22,5.202,5.238,5.268,5.192,4.8,4.533,4.352,4.225,4.075,4.013,3.926
2023-11-23,5.205,5.242,5.284,5.233,4.868,4.611,4.433,4.303,4.149,4.082,3.988
2023-11-24,5.206,5.247,5.292,5.251,4.892,4.639,4.461,4.332,4.18,4.114,4.028
2023-11-27,5.202,5.239,5.272,5.205,4.819,4.556,4.379,4.253,4.104,4.043,3.956
2023-11-28,5.202,5.236,5.262,5.179,4.766,4.491,4.313,4.185,4.04,3.984,3.908
2023-11-29,5.201,5.233,5.251,5.14,4.684,4.392,4.213,4.089,3.95,3.904,3.857
2023-11-30,5.2,5.232,5.256,5.171,4.742,4.463,4.285,4.161,4.025,3.984,3.941
2023-12-01,5.2,5.226,5.232,5.105,4.656,4.38,4.212,4.099,3.981,3.958,3.941
2023-12-04,5.2,5.229,5.24,5.133,4.716,4.449,4.279,4.163,4.037,4.006,3.976
2023-12-05,5.199,5.224,5.221,5.075,4.629,4.345,4.161,4.031,3.885,3.833,3.799
2023-12-06,5.2,5.227,5.226,5.078,4.618,4.327,4.14,4.009,3.854,3.794,3.728
2023-12-07,5.199,5.227,5.225,5.073,4.606,4.315,4.132,4.003,3.853,3.797,3.726
2023-12-08,5.199,5.227,5.23,5.091,4.639,4.352,4.169,4.04,3.893,3.841,3.767
2023-12-11,5.199,5.229,5.244,5.121,4.676,4.394,4.216,4.092,3.946,3.892,3.81
2023-12-12,5.198,5.223,5.221,5.049,4.556,4.267,4.091,3.969,3.83,3.783,3.73
2023-12-13,5.197,5.223,5.196,4.98,4.443,4.139,3.951,3.825,3.687,3.645,3.604
2023-12-14,5.198,5.218,5.184,4.939,4.383,4.067,3.877,3.753,3.626,3.601,3.581
2023-12-15,5.198,5.224,5.193,4.937,4.33,3.99,3.791,3.661,3.521,3.482,3.436
2023-12-18,5.198,5.224,5.191,4.938,4.333,3.993,3.791,3.658,3.513,3.469,3.424
2023-12-19,5.197,5.226,5.197,4.927,4.282,3.926,3.721,3.587,3.445,3.41,3.385
2023-12-20,5.198,5.214,5.148,4.801,4.126,3.783,3.584,3.457,3.333,3.317,3.337
2023-12-21,5.198,5.214,5.15,4.782,4.088,3.725,3.529,3.409,3.292,3.283,3.318
2023-12-22,5.197,5.212,5.142,4.77,4.074,3.711,3.509,3.384,3.263,3.257,3.302
2023-12-26,5.197,5.212,5.142,4.77,4.074,3.711,3.509,3.384,3.263,3.257,3.302
2023-12-27,5.199,5.207,5.127,4.733,4.018,3.653,3.449,3.321,3.2,3.194,3.249
2023-12-28,5.199,5.206,5.126,4.711,4.011,3.661,3.467,3.346,3.234,3.236,3.309
2023-12-29,5.199,5.207,5.137,4.727,4.029,3.688,3.496,3.378,3.277,3.29,3.36
2024-01-02,5.198,5.205,5.134,4.737,4.054,3.719,3.532,3.42,3.334,3.365,3.473
2024-01-03,5.197,5.203,5.134,4.758,4.088,3.753,3.569,3.461,3.373,3.4,3.523
2024-01-04,5.197,5.204,5.145,4.798,4.155,3.829,3.653,3.548,3.457,3.475,3.574
2024-01-05,5.197,5.205,5.153,4.835,4.216,3.898,3.724,3.619,3.523,3.533,3.608
2024-01-08,5.197,5.203,5.147,4.827,4.207,3.888,3.721,3.621,3.532,3.548,3.635
2024-01-09,5.196,5.203,5.149,4.835,4.223,3.905,3.727,3.62,3.529,3.546,3.632
2024-01-10,5.196,5.203,5.151,4.847,4.248,3.934,3.753,3.643,3.551,3.565,3.649
2024-01-11,5.196,5.2,5.135,4.824,4.246,3.944,3.777,3.676,3.591,3.609,3.694
2024-01-12,5.195,5.195,5.106,4.742,4.126,3.825,3.662,3.566,3.497,3.533,3.645
2024-01-15,5.194,5.195,5.112,4.755,4.139,3.835,3.667,3.57,3.501,3.541,3.667
2024-01-16,5.194,5.196,5.107,4.739,4.107,3.799,3.638,3.546,3.492,3.548,3.698
2024-01-17,5.197,5.209,5.163,4.894,4.334,4.043,3.878,3.776,3.7,3.733,3.839
2024-01-18,5.196,5.208,5.159,4.866,4.285,3.986,3.82,3.718,3.644,3.683,3.805
2024-01-19,5.196,5.207,5.155,4.868,4.301,4.005,3.836,3.735,3.658,3.688,3.8
2024-01-22,5.194,5.204,5.148,4.859,4.293,3.999,3.828,3.722,3.636,3.658,3.758
2024-01-23,5.194,5.206,5.165,4.91,4.374,4.095,3.929,3.824,3.734,3.75,3.837
2024-01-24,5.196,5.208,5.177,4.931,4.393,4.119,3.954,3.847,3.755,3.768,3.855
2024-01-25,5.195,5.206,5.163,4.901,4.356,4.079,3.918,3.815,3.729,3.749,3.848
2024-01-26,5.193,5.205,5.157,4.878,4.322,4.044,3.889,3.794,3.717,3.746,3.854
2024-01-29,5.194,5.203,5.142,4.847,4.274,3.987,3.827,3.73,3.652,3.683,3.801
2024-01-30,5.194,5.205,5.151,4.879,4.327,4.041,3.875,3.77,3.682,3.703,3.809
2024-01-31,5.188,5.188,5.101,4.788,4.206,3.909,3.743,3.641,3.558,3.587,3.72
2024-02-01,5.193,5.197,5.127,4.813,4.204,3.89,3.712,3.602,3.515,3.542,3.676
2024-02-02,5.194,5.203,5.161,4.922,4.374,4.074,3.897,3.785,3.689,3.703,3.811
2024-02-05,5.193,5.208,5.178,4.981,4.475,4.194,4.02,3.911,3.812,3.82,3.914
2024-02-06,5.193,5.203,5.162,4.937,4.406,4.113,3.938,3.826,3.725,3.731,3.821
2024-02-07,5.193,5.205,5.161,4.94,4.412,4.125,3.954,3.845,3.747,3.757,3.84
2024-02-08,5.193,5.204,5.167,4.971,4.486,4.213,4.043,3.931,3.827,3.826,3.893
2024-02-09,5.194,5.205,5.174,4.999,4.539,4.272,4.104,3.99,3.876,3.863,3.906
2024-02-12,5.195,5.202,5.163,4.968,4.489,4.221,4.056,3.949,3.847,3.843,3.89
2024-02-13,5.195,5.215,5.202,5.066,4.625,4.352,4.176,4.057,3.934,3.911,3.931
2024-02-14,5.195,5.209,5.174,4.985,4.509,4.231,4.059,3.945,3.838,3.832,3.879
2024-02-15,5.196,5.211,5.174,4.976,4.498,4.219,4.048,3.939,3.839,3.842,3.903
2024-02-16,5.197,5.212,5.188,5.028,4.579,4.304,4.126,4.007,3.895,3.886,3.932
2024-02-19,5.197,5.211,5.182,5.011,4.561,4.293,4.122,4.01,3.9,3.891,3.931
2024-02-20,5.198,5.208,5.165,4.967,4.5,4.231,4.06,3.947,3.838,3.829,3.877
2024-02-21,5.198,5.212,5.181,5.004,4.563,4.303,4.132,4.016,3.898,3.875,3.904
2024-02-22,5.198,5.211,5.178,5.009,4.582,4.324,4.151,4.031,3.906,3.878,3.895
2024-02-23,5.199,5.211,5.175,4.994,4.552,4.29,4.119,4.0,3.868,3.836,3.856
2024-02-26,5.199,5.212,5.179,5.011,4.584,4.329,4.156,4.036,3.909,3.878,3.887
2024-02-27,5.197,5.21,5.182,5.026,4.616,4.364,4.191,4.069,3.939,3.904,3.908
2024-02-28,5.196,5.209,5.181,5.031,4.625,4.373,4.2,4.078,3.944,3.905,3.905
2024-02-29,5.195,5.207,5.171,5.001,4.578,4.32,4.143,4.016,3.876,3.831,3.817
2024-03-01,5.196,5.208,5.169,4.997,4.569,4.307,4.13,4.005,3.868,3.826,3.812
2024-03-04,5.197,5.209,5.179,5.029,4.614,4.35,4.169,4.041,3.897,3.847,3.825
2024-03-05,5.197,5.212,5.174,5.005,4.56,4.276,4.085,3.949,3.796,3.74,3.719
2024-03-06,5.196,5.209,5.171,5.001,4.548,4.259,4.068,3.933,3.783,3.73,3.705
2024-03-07,5.197,5.211,5.173,5.013,4.567,4.281,4.089,3.952,3.796,3.734,3.682
2024-03-08,5.195,5.206,5.163,4.986,4.52,4.228,4.034,3.9,3.755,3.709,3.684
2024-03-11,5.196,5.207,5.157,4.962,4.477,4.182,3.991,3.861,3.724,3.685,3.67
2024-03-12,5.196,5.205,5.147,4.948,4.465,4.168,3.972,3.84,3.7,3.659,3.648
2024-03-13,5.198,5.207,5.151,4.964,4.501,4.214,4.026,3.898,3.758,3.715,3.702
2024-03-14,5.196,5.208,5.152,4.976,4.541,4.271,4.088,3.959,3.822,3.782,3.768
2024-03-15,5.196,5.208,5.155,4.982,4.56,4.292,4.112,3.985,3.847,3.807,3.788
2024-03-18,5.197,5.208,5.153,4.976,4.559,4.297,4.117,3.989,3.848,3.803,3.783
2024-03-19,5.195,5.201,5.14,4.952,4.52,4.254,4.077,3.954,3.82,3.784,3.777
2024-03-20,5.198,5.201,5.13,4.932,4.489,4.219,4.04,3.915,3.783,3.747,3.748
2024-03-21,5.197,5.184,5.079,4.859,4.403,4.142,3.971,3.855,3.736,3.715,3.744
2024-03-22,5.196,5.175,5.073,4.837,4.361,4.089,3.917,3.803,3.687,3.67,3.711
2024-03-25,5.198,5.184,5.089,4.871,4.409,4.142,3.969,3.854,3.738,3.721,3.755
2024-03-26,5.198,5.183,5.089,4.875,4.419,4.145,3.97,3.851,3.729,3.704,3.724
2024-03-27,5.199,5.179,5.082,4.863,4.399,4.119,3.942,3.82,3.695,3.669,3.692
2024-03-28,5.2,5.183,5.087,4.869,4.399,4.115,3.933,3.809,3.682,3.656,3.679
2024-03-29,5.2,5.184,5.088,4.871,4.401,4.116,3.935,3.813,3.686,3.66,3.684
2024-04-01,5.2,5.184,5.088,4.871,4.401,4.116,3.935,3.813,3.686,3.66,3.684
2024-04-02,5.199,5.178,5.087,4.884,4.451,4.188,4.019,3.907,3.798,3.788,3.824
2024-04-03,5.2,5.175,5.08,4.88,4.442,4.18,4.012,3.899,3.791,3.782,3.824
2024-04-04,5.202,5.165,5.062,4.852,4.409,4.14,3.968,3.854,3.743,3.733,3.782
2024-04-05,5.202,5.163,5.061,4.858,4.436,4.178,4.009,3.898,3.79,3.781,3.827
2024-04-08,5.203,5.161,5.065,4.87,4.464,4.209,4.041,3.928,3.818,3.806,3.847
2024-04-09,5.202,5.16,5.06,4.856,4.431,4.165,3.991,3.875,3.76,3.744,3.778
2024-04-10,5.202,5.181,5.107,4.948,4.574,4.312,4.134,4.011,3.882,3.852,3.859
2024-04-11,5.201,5.194,5.143,5.013,4.668,4.413,4.232,4.106,3.972,3.937,3.939
2024-04-12,5.2,5.18,5.112,4.965,4.601,4.339,4.155,4.029,3.895,3.861,3.867
2024-04-15,5.198,5.182,5.119,4.984,4.65,4.407,4.233,4.114,3.989,3.961,3.966
2024-04-16,5.199,5.192,5.145,5.039,4.724,4.486,4.312,4.19,4.054,4.014,3.997
2024-04-17,5.203,5.201,5.156,5.056,4.746,4.505,4.324,4.196,4.054,4.008,3.978
2024-04-18,5.202,5.196,5.146,5.036,4.72,4.48,4.3,4.172,4.032,3.988,3.972
2024-04-19,5.196,5.175,5.1,4.97,4.651,4.421,4.249,4.127,4.001,3.97,3.973
2024-04-22,5.188,5.153,5.061,4.909,4.583,4.355,4.19,4.075,3.955,3.931,3.946
2024-04-23,5.199,5.177,5.097,4.951,4.626,4.399,4.234,4.12,4.0,3.978,4.0
2024-04-24,5.201,5.185,5.115,4.993,4.691,4.471,4.31,4.198,4.08,4.058,4.067
2024-04-25,5.201,5.188,5.123,5.014,4.724,4.508,4.349,4.235,4.114,4.088,4.091
2024-04-26,5.204,5.189,5.121,5.016,4.724,4.5,4.334,4.215,4.088,4.058,4.06
2024-04-29,5.201,5.184,5.112,4.995,4.689,4.462,4.296,4.177,4.05,4.018,4.024
2024-04-30,5.203,5.19,5.129,5.031,4.747,4.522,4.356,4.236,4.106,4.072,4.068
2024-05-01,5.2,5.186,5.128,5.04,4.77,4.546,4.379,4.259,4.128,4.093,4.086
2024-05-02,5.199,5.177,5.107,4.993,4.686,4.457,4.289,4.172,4.049,4.021,4.033
2024-05-03,5.198,5.164,5.085,4.945,4.612,4.378,4.209,4.093,3.975,3.953,3.98
2024-05-06,5.198,5.164,5.086,4.944,4.608,4.371,4.201,4.084,3.965,3.944,3.971
2024-05-07,5.196,5.155,5.073,4.913,4.551,4.302,4.127,4.007,3.883,3.857,3.88
2024-05-08,5.19,5.144,5.064,4.904,4.545,4.289,4.115,3.997,3.875,3.852,3.875
2024-05-09,5.206,5.142,5.049,4.879,4.507,4.258,4.088,3.975,3.866,3.855,3.894
2024-05-10,5.206,5.136,5.052,4.89,4.531,4.284,4.113,4.0,3.887,3.875,3.91
2024-05-13,5.208,5.132,5.049,4.895,4.546,4.3,4.126,4.011,3.895,3.878,3.912
2024-05-14,5.21,5.132,5.048,4.894,4.543,4.297,4.124,4.008,3.892,3.874,3.901
2024-05-15,5.21,5.122,5.031,4.856,4.474,4.213,4.038,3.919,3.8,3.779,3.802
2024-05-16,5.21,5.116,5.024,4.859,4.476,4.218,4.041,3.922,3.801,3.78,3.806
2024-05-17,5.209,5.116,5.035,4.879,4.516,4.265,4.092,3.978,3.861,3.842,3.867
2024-05-20,5.209,5.116,5.038,4.892,4.543,4.299,4.13,4.017,3.902,3.884,3.914
2024-05-21,5.205,5.118,5.039,4.886,4.524,4.275,4.104,3.991,3.877,3.861,3.896
2024-05-22,5.207,5.192,5.15,5.038,4.694,4.426,4.238,4.11,3.975,3.941,3.944
2024-05-23,5.208,5.202,5.17,5.075,4.742,4.475,4.282,4.147,4.003,3.963,3.957
2024-05-24,5.209,5.201,5.171,5.071,4.742,4.476,4.283,4.149,4.005,3.966,3.966
2024-05-27,5.208,5.199,5.168,5.066,4.737,4.472,4.277,4.142,3.999,3.962,3.961
2024-05-28,5.207,5.199,5.167,5.065,4.739,4.477,4.285,4.153,4.013,3.978,3.986
2024-05-29,5.206,5.198,5.171,5.089,4.794,4.552,4.374,4.252,4.12,4.092,4.106
2024-05-30,5.206,5.197,5.164,5.066,4.757,4.516,4.338,4.216,4.085,4.056,4.07
2024-05-31,5.205,5.192,5.157,5.051,4.723,4.475,4.295,4.172,4.04,4.01,4.017
2024-06-03,5.203,5.189,5.148,5.03,4.687,4.427,4.242,4.116,3.98,3.947,3.953
2024-06-04,5.204,5.19,5.145,5.017,4.662,4.391,4.201,4.07,3.93,3.894,3.897
2024-06-05,5.206,5.193,5.149,5.02,4.66,4.389,4.2,4.067,3.925,3.886,3.885
2024-06-06,5.202,5.183,5.132,4.993,4.626,4.362,4.175,4.048,3.913,3.88,3.889
2024-06-07,5.202,5.188,5.148,5.033,4.696,4.442,4.261,4.137,4.003,3.969,3.968
2024-06-10,5.203,5.187,5.152,5.051,4.738,4.494,4.321,4.202,4.073,4.041,4.044
2024-06-11,5.202,5.179,5.133,5.017,4.683,4.438,4.26,4.139,4.014,3.987,4.007
2024-06-12,5.2,5.168,5.106,4.955,4.574,4.308,4.127,4.005,3.878,3.852,3.885
2024-06-13,5.198,5.164,5.101,4.944,4.552,4.289,4.112,3.995,3.874,3.853,3.893
2024-06-14,5.202,5.167,5.099,4.927,4.511,4.23,4.043,3.918,3.79,3.764,3.797
2024-06-17,5.201,5.167,5.106,4.943,4.539,4.264,4.079,3.958,3.837,3.816,3.855
2024-06-18,5.196,5.16,5.091,4.909,4.482,4.198,4.01,3.886,3.764,3.746,3.787
2024-06-19,5.205,5.184,5.115,4.935,4.506,4.218,4.031,3.908,3.787,3.771,3.812
2024-06-20,5.208,5.146,5.065,4.878,4.456,4.174,3.99,3.873,3.761,3.753,3.82
2024-06-21,5.209,5.141,5.063,4.877,4.461,4.189,4.008,3.892,3.782,3.775,3.843
2024-06-24,5.21,5.133,5.057,4.876,4.47,4.202,4.021,3.905,3.793,3.784,3.855
2024-06-25,5.21,5.133,5.057,4.882,4.478,4.206,4.024,3.905,3.788,3.774,3.836
2024-06-26,5.211,5.134,5.067,4.907,4.525,4.266,4.089,3.973,3.857,3.843,3.894
2024-06-27,5.211,5.129,5.063,4.906,4.528,4.272,4.096,3.978,3.859,3.842,3.891
2024-06-28,5.212,5.127,5.057,4.897,4.524,4.275,4.104,3.992,3.885,3.878,3.937
2024-07-01,5.211,5.125,5.059,4.909,4.553,4.318,4.158,4.056,3.964,3.971,4.049
2024-07-02,5.205,5.12,5.053,4.902,4.544,4.306,4.145,4.042,3.946,3.949,4.026
2024-07-03,5.192,5.111,5.037,4.875,4.502,4.251,4.084,3.974,3.868,3.861,3.928
2024-07-04,5.191,5.11,5.032,4.874,4.511,4.271,4.11,4.003,3.901,3.897,3.96
2024-07-05,5.188,5.097,5.017,4.84,4.46,4.212,4.048,3.939,3.835,3.83,3.901
2024-07-08,5.173,5.095,5.013,4.835,4.449,4.198,4.031,3.922,3.819,3.814,3.888
2024-07-09,5.169,5.094,5.013,4.842,4.469,4.228,4.067,3.962,3.864,3.864,3.94
2024-07-10,5.165,5.105,5.02,4.841,4.454,4.207,4.044,3.938,3.838,3.838,3.918
