date,USDGBP_OIS_3M,USDGBP_OIS_6M,USDGBP_OIS_9M,USDGBP_OIS_1Y,USDGBP_OIS_2Y,USDGBP_OIS_3Y,USDGBP_OIS_4Y,USDGBP_OIS_5Y,USDGBP_OIS_6Y,USDGBP_OIS_7Y,USDGBP_OIS_8Y,USDGBP_OIS_9Y,USDGBP_OIS_10Y,USDGBP_OIS_12Y,USDGBP_OIS_15Y,USDGBP_OIS_20Y,USDGBP_OIS_30Y
09/11/2021,-24.625,-17.3747,-13.5,-12.125,-11.75,-12.125,-13.125,-13.625,-13.75,-13.625,-13.625,-13.5,-13.5,-14,-14.625,-15.75,-13.125
10/11/2021,-26.375,-17.875,-14,-12.25,-11.625,-12,-12.75,-13.1251,-13.25,-13.125,-13,-12.75,-12.75,-13.25,-14,-15.25,-12.625
11/11/2021,-27.125,-18.75,-15.375,-12.5,-11.625,-11.75,-12.3751,-12.7501,-12.875,-12.75,-12.625,-12.5,-12.375,-12.875,-13.75,-14.875,-12.375
12/11/2021,-27.125,-18.375,-14.875,-13,-12,-12.125,-12.625,-12.875,-12.875,-12.75,-12.625,-12.5,-12.375,-12.875,-13.75,-15,-12.5
15/11/2021,-27.4986,-18.6243,-14.875,-13.25,-12,-12.125,-12.5,-12.75,-12.625,-12.5,-12.375,-12.125,-12.125,-12.625,-13.625,-15,-12.5
16/11/2021,-27.375,-18.5,-15.125,-13.125,-12.25,-12.125,-12.375,-12.375,-12.125,-11.875,-11.75,-11.5,-11.375,-11.875,-13,-14.375,-12
17/11/2021,-29.12505,-19.5,-15.75,-13.75,-12.125,-12.125,-12.25,-12.375,-12.125,-11.875,-11.625,-11.375,-11.25,-11.375,-12.125,-13.75,-11.25
18/11/2021,-30.125,-19.3959,-16,-13.375,-12.375,-12.125,-12.375,-12.5,-12.375,-12.125,-11.875,-11.5,-11.12495,-11.37495,-11.875,-13.5,-10.875
19/11/2021,-32.62415,-21.4996,-17.1247,-14.2497,-13.125,-12.75,-12.875,-13,-12.875,-12.625,-12.25,-11.75,-11.5,-11.75,-12.125,-13.5,-11.125
22/11/2021,-34.25,-22.25,-17.875,-15,-13.5,-12.875,-13,-13.125,-12.875,-12.5,-12.125,-11.75,-11.375,-11.5,-11.875,-13.125,-10.62505
23/11/2021,-36.25,-23.625,-18.5,-15.8753,-13.875,-13.125,-13,-13,-12.75,-12.375,-12.125,-11.75,-11.25,-11.25,-11.375,-12,-9.3753
24/11/2021,-36.1227,-23.1227,-18.2496,-15.6236,-13.75,-13.125,-13,-13,-12.625,-12,-11.625,-11.25,-10.875,-10.625,-10.375,-10.75,-8.0251
25/11/2021,-36.8714,-23.2496,-17.75,-15.5,-13.6251,-13,-12.875,-12.875,-12.5,-11.875,-11.5,-11.125,-10.75,-10.5,-10.25,-10.625,-7.7499
26/11/2021,-37.625,-23.375,-18.5,-15.8749,-13.625,-13,-12.875,-12.875,-12.5,-11.875,-11.375,-11,-10.625,-10.25,-9.87485,-10.125,-7.25
29/11/2021,-38.25,-23.3746,-18.375,-15.875,-13.25,-12.625,-12.5,-12.375,-11.875,-11.25,-10.75,-10.375,-9.875,-9.625,-9.125,-9,-5.5
30/11/2021,-41,-23.75,-18.625,-16,-13.5,-12.875,-12.75,-12.5,-12.125,-11.375,-10.75,-10.25005,-10,-9.5,-9.125,-9,-5.5
01/12/2021,-39.5,-22.875,-17.875,-15.25,-13.125,-12.25,-12.375,-12.125,-11.75,-11.125,-10.75,-10.375,-10,-9.75,-9.37505,-9.375,-5.75
02/12/2021,-33.125,-20.375,-16,-13.5003,-11.875,-11.25,-11.375,-11.25,-10.875,-10.375,-10,-9.75,-9.375,-9.25,-8.875,-8.875,-5
03/12/2021,-29.625,-18.875,-14.625,-12.5,-11.12495,-10.75,-10.875,-10.75,-10.375,-9.875,-9.5,-9.12495,-8.875,-8.75,-8.375,-8.375,-4.5
06/12/2021,-32.25,-19.75,-15.125,-12.875,-11.375,-10.875,-11,-10.75005,-10.375,-9.74995,-9.375,-9.125,-9,-8.75,-8.5,-8.375,-4.25
07/12/2021,-32.49815,-20.4991,-15.75,-13.25,-11.875,-11.5,-11.625,-11.6249,-11.25,-10.625,-10.125,-9.75,-9.62495,-9.37495,-9.125,-9.125,-4.625
08/12/2021,-27.875,-18,-14.75,-13.125,-11.75,-11.62,-11.75,-11.75,-11.5,-10.875,-10.375,-10.125,-10,-9.75005,-9.625,-9.875,-5.625
09/12/2021,-25.125,-16.875,-13.625,-12.375,-11.75,-11.75,-11.875,-11.875,-11.375,-10.875,-10.625,-10.25,-10.125,-10,-10.0001,-10.25015,-6.375
10/12/2021,-26.625,-17.25,-13.75,-12.625,-12.25,-12.75,-13.25,-13.5,-13,-12.375,-12,-11.625,-11.5,-11.5,-11.625,-12.125,-8.1249
13/12/2021,-29.25,-18.5,-14.875,-13.25,-12.75,-13.495,-14,-14.25,-13.75,-13.125,-12.625,-12.375,-12.125,-12,-12.25,-12.625,-8.5
14/12/2021,-29,-18.375,-14.25,-12.5,-12.375,-13.125,-13.75,-14.125,-13.75,-13,-12.5,-12.25,-12,-12,-12.25,-12.625,-8.25
15/12/2021,-29.2492,-18.3746,-13.9997,-12.8746,-12.25,-12.9999,-13.75,-14.125,-13.875,-13,-12.625,-12.375,-12.125,-12.25,-12.75,-13.375,-9.125
16/12/2021,-27.8743,-18,-14.25,-12.75,-12.125,-12.75,-13.5,-13.875,-13.625,-12.75,-12.375,-12.125,-11.875,-12.125,-12.5,-13.125,-9
17/12/2021,-24.625,-16.125,-12.5001,-12.125,-11.625,-12.5,-13.375,-13.75,-13.5,-12.75,-12.25,-12,-11.875,-12.125,-12.5,-13.125,-9.1251
20/12/2021,-15.5,-11.8746,-10.5,-10.5,-10.875,-12.125,-13.1251,-13.5001,-13.2501,-12.5001,-12.125,-11.875,-11.7501,-12.0001,-12.5001,-13.2501,-9.25
21/12/2021,-13.625,-10.625,-9.6248,-9.5,-10.625,-11.875,-12.875,-13.125,-13.125,-12.5,-12,-11.875,-11.875,-12.125,-12.625,-13.25,-9.25
22/12/2021,-16.125,-11.75,-10,-9.875,-10.75,-12,-13,-13.375,-13.25,-12.75,-12.375,-12.125,-12.125,-12.375,-13.125,-13.875,-9.625
23/12/2021,-15.5,-11.25,-10,-10.125,-11,-12.25,-13.25,-13.625,-13.5,-13,-12.625,-12.375,-12.375,-12.625,-13.125,-14,-10.25
24/12/2021,-16,-11.625,-10.125,-10.25,-11,-12.25,-13.25,-13.625,-13.5,-13,-12.625,-12.375,-12.375,-12.5,-13.125,-14,-10.25
27/12/2021,-16,-11.5,-10,-10.00005,-11.00005,-12.25,-13.25,-13.625,-13.5,-13,-12.625,-12.375,-12.375,-12.625,-13.25,-14.125,-10.25005
28/12/2021,-15.99995,-11.5,-10,-10,-11,-12.25,-13.25,-13.625,-13.5,-13,-12.625,-12.375,-12.375,-12.625,-13.125,-14,-10.25
29/12/2021,-15.125,-11.125,-9.625,-9.625,-10.75,-12.125,-13.25,-13.625,-13.5,-13,-12.625,-12.375,-12.375,-12.5,-13.125,-14,-10
30/12/2021,-10,-8.5,-8.375,-10.5,-10.75,-12,-13.375,-13.75,-13.625,-13.125,-12.75,-12.5,-12.25,-12.5,-13.125,-14,-10
31/12/2021,-10.125,-8.625,-8.375,-10.5,-10.75,-12.125,-13.25,-13.625,-13.5,-13,-12.625,-12.375,-12.25,-12.375,-13.125,-14,-10
03/01/2022,-9.5,-7.875,-7.75,-10.49995,-10.74995,-12.125,-13.375,-13.625,-13.5,-13,-12.625,-12.5,-12.25,-12.375,-13.125,-14,-9.99995
04/01/2022,-8.125,-7.625,-7.625,-9.625,-10.125,-11.625,-13,-13.625,-13.125,-12.75,-12.375,-12.12505,-11.875,-12,-12.75,-13.5001,-10.125
05/01/2022,-8.125,-8,-8,-9.625,-10.375,-11.875,-13.25,-14,-13.875,-13.625,-13.25,-13,-12.75,-12.5,-13.125,-13.625,-10.125
06/01/2022,-8.75,-8.125,-8.24995,-10.25,-10.625,-12.125,-13.5,-14.25,-14,-13.75,-13.375,-13,-12.75,-12.5,-13,-13.5,-9.875
07/01/2022,-11.625,-10.375,-10.5,-12.625,-11.75,-12.75,-13.875,-14.375,-14.125,-14,-13.625,-13.25,-13,-12.5,-13,-13.5,-9.875
10/01/2022,-12.875,-11.5,-11.375,-13.375,-12.5,-13.25,-14.25,-14.75,-14.5,-14.25,-13.875,-13.5,-13.25,-13,-13.5,-13.75,-10.25
11/01/2022,-12.25,-10.625,-10.625,-13.25,-12.375,-13,-14,-14.5,-14.25,-14,-13.625,-13.375,-13,-13,-13.625,-14,-10.375
12/01/2022,-11.75,-10.625,-10.625,-13,-12.5,-13.125,-14.125,-14.5,-14.25,-14,-13.625,-13.25,-12.875,-12.875,-13.5,-14.125,-11
13/01/2022,-9.5,-9.375,-9.375,-11.75,-11.875,-12.5,-13.375,-13.5,-13.5,-13.25,-12.875,-12.5,-12.25,-12.25,-12.875,-13.25,-9.875
14/01/2022,-9.25,-9,-9,-11.375,-11.375,-12,-13,-13.125,-13.125,-12.875,-12.5,-12.125,-11.875,-11.875,-12.5,-12.875,-9.5
17/01/2022,-9.25,-9,-9,-11.375,-11.5,-12.125,-13,-13.25,-13.25,-12.875,-12.5,-12.125,-11.875,-11.875,-12.5,-12.875,-9.5
18/01/2022,-10.125,-9.25,-9.25,-11.75,-11.75005,-12.375,-13.25,-13.625,-13.375,-13.25,-12.75,-12.375,-12.125,-12.125,-12.625,-13.625,-10.5
19/01/2022,-10.125,-9.25,-9.25,-11.625,-11.75,-12.375,-13.125,-13.5,-13.25,-13,-12.5,-12.25,-11.875,-12,-12.625,-13.625,-10.49995
20/01/2022,-9.875,-9.375,-9.375,-11.625,-11.75,-12.375,-13,-13.375,-13.125,-12.875,-12.5,-12.125,-11.75,-11.75,-12.5,-13.375,-10.25
21/01/2022,-10.75,-9.125,-9.125,-11.125,-11.375,-12.125,-12.75,-13.125,-12.7501,-12.5,-12.125,-11.75,-11.375,-11.375,-12,-12.875,-9.75
24/01/2022,-11.625,-10,-9.625,-11.75,-11.5,-12,-12.5,-12.875,-12.5,-12.125,-11.75,-11.25005,-10.87505,-10.875,-11.625,-12.5,-9.37495
25/01/2022,-12.75,-10.75,-10.375,-12.25,-12.125,-12.625,-13,-13.375,-12.875,-12.5,-12,-11.5,-11,-11.125,-11.75,-12.625,-9.375
26/01/2022,-12,-11,-10.625,-12.75,-12.25,-13,-13.75,-14,-13.625,-13.25,-12.875,-12.375,-11.875,-11.75,-12.25,-13,-9.75
27/01/2022,-12.625,-11,-10.875,-13,-12.5,-13.375,-14,-14.25,-13.875,-13.5,-13,-12.5,-12,-12,-12.375,-13.125,-10
28/01/2022,-13.125,-11.25,-10.875,-13,-12.625,-13.375,-14,-13.875,-13.625,-13.125,-12.75,-12.25,-11.75,-11.5,-12,-12.625,-9.25
31/01/2022,-13,-11.375,-11.375,-13.375,-13,-13.75,-14.25,-14.375,-14,-13.5,-13.125,-12.625,-12.125,-11.875,-12.25,-12.875,-9.5
01/02/2022,-12.75,-11.375,-11.375,-13.5,-13.375,-14.125,-14.625,-14.75,-14.25,-13.5,-13,-12.5,-12,-11.75,-12.375,-13,-9.625
02/02/2022,-12.375,-11.25,-11.125,-13.5,-13.375,-14.125,-14.625,-14.75,-14.25,-13.625,-13.125,-12.625,-12.125,-11.875,-12.25,-13,-10
03/02/2022,-11.5,-10.875,-11,-13,-13,-13.625,-14.125,-14.25,-13.625,-13,-12.375,-11.875,-11.375,-11.125,-11.875,-12.5,-9.375
04/02/2022,-11.75,-10.75,-10.625,-12.875,-12.875,-13.625,-14.125,-14.125,-13.625,-13,-12.5,-12,-11.5,-11.25,-11.875,-13,-10
07/02/2022,-11.625,-10.5,-10.5,-12.75,-12.5,-13.25,-13.75,-13.625,-13.125,-12.5,-12,-11.5,-11.125,-10.75,-11.375,-12.5,-9.625
08/02/2022,-12.25,-11.375,-11.25,-13.25,-12.875,-13.25,-13.625,-13.625,-13.125,-12.5,-12,-11.375,-10.75,-10.5,-11.125,-12.375,-9.375
09/02/2022,-12,-11.125,-11,-13.125,-12.75,-13.125,-13.5,-13.375,-13,-12.25,-11.75,-11.25,-10.625,-10.375,-11.25,-12.5,-9.625
10/02/2022,-13.375,-11.375,-11.125,-13.25,-12.625,-13,-13.375,-13.125,-12.5,-11.75,-11.25,-10.625,-10,-9.75,-10.5,-11.875,-9.00005
11/02/2022,-14.375,-12.375,-11.75,-13.875,-12.875,-13.25,-13.5,-13.375,-12.875,-12.125,-11.5,-10.875,-10.25,-10,-10.75,-12.125,-9.25
14/02/2022,-15.25,-12.75,-12.125,-14.125,-13,-13.25,-13.5,-13.375,-12.875,-12.125,-11.5,-10.875,-10.25,-9.875,-10.75,-12,-9
15/02/2022,-15.375,-13,-12.125,-14.125,-13.125,-13.375,-13.625,-13.375,-12.875,-12.125,-11.375,-10.75,-10.125,-9.875,-10.625,-11.875,-9
16/02/2022,-14.625,-12.625,-12.125,-14.25,-13.625,-13.625,-14.125,-14.125,-13.625,-12.875,-12.125,-11.5,-10.875,-10.5,-11.125,-12.25,-9.25
17/02/2022,-14.875,-13.125,-12.5,-14.75,-14.25,-14.375,-14.625,-14.625,-14.25,-13.375,-12.625,-11.875,-11.25,-10.625,-11.25,-12.125,-8.875
18/02/2022,-15.75,-13.5,-12.75,-15.125,-14.5,-14.5,-14.875,-14.875,-14.375,-13.5,-12.75,-12,-11.375,-10.75,-11.125,-11.875,-8.75
21/02/2022,-16.625,-14.25,-13.25,-15,-14.375,-14.5,-14.75,-14.75,-14.125,-13.375,-12.5,-11.875,-11.125,-10.375,-11,-11.75,-8.5
22/02/2022,-17.625,-15.125,-14,-15.625,-14.75,-14.625,-14.625,-14.5,-14,-13.125,-12.25,-11.625,-10.875,-9.875,-10.375,-10.25,-7.375
23/02/2022,-17.125,-14.625,-13.5,-14.875,-13.875,-13.875,-13.875,-13.625,-13.125,-12.25,-11.25,-10.375,-9.62505,-9,-9.5,-9.5,-6.625
24/02/2022,-22.375,-18.875,-16.5,-17.625,-15.125,-14.75,-14.625,-14.5,-13.625,-12.75,-11.75,-10.75,-9.875,-9,-9.25,-9.375,-6.5
25/02/2022,-21.375,-18.37505,-16.375,-17.5,-15.25,-15,-14.75,-14.5,-13.625,-12.625,-11.625,-10.875,-10,-9.25,-9.25,-9.75,-7
28/02/2022,-38.25,-27.375,-23.375,-23.5,-19,-18.125,-17.625,-16.75,-15.5,-14.375,-13.25,-12.25,-11.25,-10.625,-10.5,-10.875,-7.75
01/03/2022,-32,-23.875,-21.125,-22,-18.5,-17.62495,-17.25,-16.375,-15.25,-14.125,-13,-12,-11.125,-10.5,-10.875,-11.125,-8.125
02/03/2022,-25.875,-20.25,-18.625,-20,-17.75,-17.125,-17,-16.25,-15,-13.875,-12.875,-11.75,-10.625,-10.25,-10.5,-10.75,-8.125
03/03/2022,-21.75,-18.75,-17.125,-18.75,-16.875,-16.75,-16.375,-16,-14.99995,-14,-12.875,-11.75,-10.75,-10.5,-10.5,-11.125,-8.75
04/03/2022,-33.125,-24.75,-21.125,-22,-18.625,-17.375,-17.125,-16.49995,-15.5,-14.5,-13.375,-12.375,-11.375,-10.875,-11,-11.625,-9.125
07/03/2022,-29.625,-22.75,-19.875,-21.375,-18.375,-17.5,-17.25,-16.375,-15.375,-14.375,-13.375,-12.25,-11.25,-10.75,-10.75,-11.375,-9
08/03/2022,-26.375,-22.125,-20,-21.875,-18.875,-18,-17.75,-16.875,-15.875,-14.875,-13.875,-12.875,-11.75,-11.5,-11.5,-12.125,-9.75
09/03/2022,-22.125,-19.5,-18,-20.25,-18.375,-17.875,-17.5,-16.875,-16,-15.125,-14.25,-13.375,-12.375,-11.625,-11.75,-12.125,-9.75
10/03/2022,-22.5,-20,-18.375,-20.375,-18.625,-18.25,-18.25,-17.625,-16.875,-16,-15.125,-14.25,-13.25,-12.625,-12.875,-13.375,-11
11/03/2022,-23,-19.875,-18.125,-20.125,-18.375,-18.25,-18.25,-17.75,-17.125,-16.375,-15.5,-14.625,-13.75,-13.375,-13.375,-14,-11.5
14/03/2022,-19.5,-18.75,-17.25,-19.75,-18.25,-18.125,-18.25,-18.125,-17.75,-17,-16.25,-15.375,-14.625,-14.25,-14.25,-14.75,-12.375
15/03/2022,-20.296,-18.375,-17.25,-19.75,-18.5,-18.75,-19,-19,-18.625,-17.875,-17,-16.125,-15.5,-15.125,-15.125,-15.625,-13.125
16/03/2022,-19.875,-18.5,-17.5,-20,-18.625,-19,-19.25,-19.25,-18.875,-18.125,-17.25,-16.375,-15.625,-15.25,-15.25,-15.75,-13.25
17/03/2022,-14.875,-14.625,-14.375,-18,-17.24995,-17.75,-18.5,-18.75,-18.625,-18,-17.375,-16.625,-16.25,-15.875,-15.875,-16.5,-14.25
18/03/2022,-15.25,-14.75,-14.5,-17.24995,-16.75,-17.375,-18.25,-18.5,-18.375,-17.875,-17.25,-16.375,-15.87495,-15.375,-15.375,-15.875,-13.5
21/03/2022,-14.25,-14,-14,-16.75,-16.25,-17.25,-18,-18.375,-18.375,-17.875,-17.25,-16.375,-15.625,-15.24995,-15.25005,-15.625,-13.375
22/03/2022,-14.75,-14.5,-14.25,-16.875,-16,-16.75,-17.62505,-18.25,-18.125,-17.625,-17,-16.125,-15.5,-15.125,-15,-15.375,-13
23/03/2022,-15.625,-15.375,-15,-17.75,-16.5,-17.125,-18,-18.5,-18.5,-17.875,-17.25,-16.375,-15.75,-15.25,-15.25,-15.625,-13.25
24/03/2022,-17.125,-16.125,-15.125,-17.875,-16.625,-17.125,-18,-18.625,-18.5,-17.875,-17.375,-16.5,-15.875,-15.375,-15.375,-15.875,-13.5
25/03/2022,-18.5,-17.25,-16.125,-18.75,-17,-17.375,-18,-18.875,-18.625,-18.25,-17.625,-16.875,-16.25,-15.75,-15.75,-16.125,-13.75
28/03/2022,-20.125,-17.75,-16.5,-18.875,-17.375,-17.875,-18.875,-19.25,-19.125,-18.625,-18.125,-17.25,-16.625,-16.125,-16.12505,-16.5,-14.375
29/03/2022,-17.875,-16.75,-16.125,-19,-17.875,-18.375,-19.125,-19.5,-19.5,-18.875,-18.25,-17.625,-17,-16.5,-16.625,-17.125,-14.75
30/03/2022,-17.5,-16.875,-20.375,-18.75,-17.875,-18.5,-19.25,-19.5,-19.375,-18.625,-18,-17.375,-16.75,-16.25,-16.375,-17,-14.875
31/03/2022,-15.75,-15.75,-19.625,-18.375,-17.125,-17.625,-18.5,-18.625,-18.5,-18,-17.375,-16.625,-16.125,-15.62505,-15.75,-16.375,-14.125
01/04/2022,-15.875,-15.625,-19,-17.75,-17.125,-17.625,-18.5,-18.75,-18.5,-18,-17.5,-16.75,-16.25,-15.625,-15.75,-16.375,-14.125
04/04/2022,-15.875,-15.375,-19,-17.5,-17.125,-17.5,-18.25,-18.625,-18.375,-17.875,-17.25,-16.625,-15.99995,-15.5,-15.5,-16.125,-13.875
05/04/2022,-15.875,-15.375,-19.25,-17.75,-17,-17.5,-18.25,-18.5,-18.25,-17.75,-17.25005,-16.5,-16,-15.375,-15.375,-15.87505,-13.5
06/04/2022,-16.5,-16.125,-20.125,-18.375,-17.5,-17.75,-18.625,-18.75,-18.625,-18.125,-17.5,-16.625,-16.125,-15.625,-15.5,-16,-13.625
07/04/2022,-16.625,-16.25,-20.25,-18.375,-17.75,-18,-18.75,-19,-18.875,-18.5,-17.625,-16.875,-16.25,-15.75,-15.75,-16.125,-13.75
08/04/2022,-16.74995,-16.375,-20.375,-18.5,-17.75,-18.125,-18.75,-19,-19,-18.625,-17.625,-16.875,-16.375,-15.75,-15.625,-16.125,-13.875
11/04/2022,-16,-16.125,-20.375,-18.625,-17.75,-18.25,-18.875,-19,-19,-18.625,-17.625,-16.875,-16.25,-15.625,-15.625,-16.125,-13.875
12/04/2022,-15,-15.25,-19.625,-18.25,-18,-18.5,-19.125,-19.25,-19,-18.25,-17.5,-16.625,-15.875,-15.25,-14.875,-15.25,-13
13/04/2022,-15,-15.25,-19.625,-18.25,-18,-18.5,-19.25,-19.25,-18.875,-18.25,-17.125,-16.375,-15.625,-15,-14.75,-15.25,-12.75
14/04/2022,-15.125,-15.375,-19.875,-18.5,-18.125,-18.625,-19.25,-19.375,-19,-18.375,-17.375,-16.625,-15.875,-15.125,-14.875,-15.125,-12.75
15/04/2022,-15.125,-15.375,-19.875,-18.375,-18.125,-18.625,-19.25,-19.375,-19,-18.375,-17.5,-16.625,-15.875,-15.37495,-14.87495,-15.12505,-12.75
18/04/2022,-15.125,-15.375,-19.75,-18.375,-18.125,-18.625,-19.25,-19.375,-19,-18.375,-17.5,-16.625,-15.875,-15.125,-14.75,-15.125,-12.75
19/04/2022,-15.00005,-15.375,-19.75,-18.5,-18.5,-19.375,-19.875,-20.125,-19.75,-19.125,-18.25,-17.375,-16.625,-15.875,-15.625,-16.125,-13.75
20/04/2022,-13.75,-14.25,-18.625,-17.75,-18.375,-19.25,-19.875,-20.125,-19.75,-19.125,-18.25,-17.375,-16.625,-15.875,-15.625,-16.125,-13.75
21/04/2022,-13.375,-14,-18.25,-16.875,-18,-18.75,-19.375,-19.625,-19.375,-19,-18.25,-17.375,-16.625,-15.75,-15.375,-16,-13.625
22/04/2022,-13.5,-14,-18.25,-17.125,-18,-18.75,-19.375,-19.875,-19.625,-19.125,-18.375,-17.5,-16.62505,-15.875,-15.5,-15.875,-13.5
25/04/2022,-14.875,-15.125,-19.125,-17.875,-18.25,-18.875,-19.5,-19.875,-19.75,-19.25,-18.5,-17.625,-16.875,-15.87505,-15.5,-15.875,-13.5
26/04/2022,-17.125,-16,-20.25,-17.875,-18.375,-19.125,-19.75,-20.375,-20.125,-19.625,-18.875,-18.125,-17.375,-16.5,-16.125,-16.625,-14.5
27/04/2022,-17.125,-16.625,-20.75,-18.875,-18.625,-19.125,-20,-20.375,-20.125,-19.75,-19,-18.25,-17.5,-16.75,-16.25,-16.875,-14.875
28/04/2022,-16.75,-16.875,-20.875,-19.125,-19.25,-20,-20.75,-21.125,-20.625,-20.25,-19.375,-18.625,-17.875,-17.125,-16.75,-17.375,-15.375
29/04/2022,-17.25,-17.25005,-21.375,-19.5,-19.375,-20.125,-20.875,-21.25,-20.75,-20.25,-19.5,-18.75,-18,-17.25,-16.625,-17.125,-15.125
02/05/2022,-16.875,-17.25,-21.375,-19.5,-19.25,-20.125,-20.875,-21.25,-20.75,-20.25,-19.5,-18.75,-18,-17.25005,-16.62505,-17.12505,-15.12505
03/05/2022,-17.125,-17.375,-21.5,-19.875,-19.625,-20.25,-20.875,-21,-20.5,-20.125,-19.375,-18.625,-17.625,-16.875,-16,-16.625,-14.5
04/05/2022,-17.25,-17.25,-21.375,-20,-19.75,-20.25,-20.875,-21.125,-20.625,-19.875,-19.125,-18.375,-17.5,-16.75,-15.875,-16.375,-14.25
05/05/2022,-16.625,-16.875,-21.125,-19.75,-19.5,-19.75,-20.5,-20.75,-20.125,-19.375,-18.625,-17.875,-17,-16.25,-15.25,-15.375,-13.5
06/05/2022,-15.625,-15.625,-20.625,-19.25,-19,-19.375,-20,-20.125,-19.625,-18.75,-18,-17.25,-16.5,-15.625,-14.625,-14.875,-12.75
09/05/2022,-14.87495,-15.125,-20.375,-19,-18.875,-19,-19.625,-19.625,-19,-18.125,-17.5,-16.625,-16,-14.875,-14,-14.125,-11.875
10/05/2022,-14.5,-15,-20.125,-19,-18.75,-18.875,-19.375,-19.375,-18.75,-17.875,-17.125,-16.375,-15.625,-14.62495,-13.625,-13.875,-11.625
11/05/2022,-14.75,-15.375,-20.375,-19.125,-18.75,-18.875,-19.25,-19.125,-18.5,-17.75,-16.875,-16.125,-15.375,-14.375,-13.25,-13.625,-11.375
12/05/2022,-17.75,-16.875,-21.625,-20.25,-19.5,-19.5,-19.875,-19.625,-18.875,-18,-17.125,-16.25005,-15.375,-14.125,-12.625,-12.5,-10.125
13/05/2022,-18,-17.75,-22.25,-20.875,-20.375,-20.25,-20.375,-20.25,-19.25,-18.375,-17.50005,-16.5,-15.625,-14.25,-12.5,-12.5,-10.125
16/05/2022,-17.375,-17.375,-22,-20.75,-20.25,-20.5,-20.75,-20.625,-19.625,-18.625,-17.625,-16.625,-15.75,-14.25,-12.5,-12.375,-10.125
17/05/2022,-16.25,-16.75,-21.625,-20.375,-20.375,-20.625,-21,-20.625,-19.625,-18.625,-17.5,-16.375,-15.5,-13.75,-12.125,-11.875,-9.5
18/05/2022,-14.75,-15.75,-21.25,-20.25,-20.375,-20.5,-20.875,-20.5,-19.5,-18.5,-17.5,-16.375,-15.375,-13.875,-12.125,-11.875,-9.5
19/05/2022,-15.625,-16,-21.5,-20.375,-20.5,-20.75,-21,-20.875,-20,-19,-17.875,-16.625,-15.875,-14.25,-12.625,-12.375,-9.875
20/05/2022,-15.75,-16.25,-21.75,-20.625,-20.625,-21,-21.25,-21.125,-20.25,-19.125,-18.125,-17.125,-16,-14.625,-13.125,-12.875,-10.24995
23/05/2022,-17,-16.875,-22.125,-20.75,-20.75,-21,-21.25,-20.75,-19.75,-18.625,-17.5,-16.375,-15.375,-13.875,-12.5,-12.25,-9.5
24/05/2022,-18,-17.5,-22.5,-20.75,-20.625,-20.875,-21,-20.75,-19.875,-18.75,-17.5,-16.375,-15.5,-14.125,-12.75,-12.5,-9.875
25/05/2022,-17.75,-17.375,-22.375,-20.625,-20.5,-20.875,-20.875,-20.625,-19.5,-18.375,-17.125,-16,-15.125,-13.75,-12.375,-12.125,-9.37505
26/05/2022,-16.5,-16.75,-21.75,-20.125,-20,-20.25,-20.25,-19.875,-19,-17.875,-16.625,-15.5,-14.625,-13.25,-11.75,-11.375,-8.75
27/05/2022,-16.5,-16.625,-21.625,-20,-19.75,-19.75,-19.75,-19.25,-18.375,-17.25,-16,-14.875,-14,-12.75,-11.125,-10.75,-7.875
30/05/2022,-15.625,-15.875,-21.375,-19.625,-19.5,-19.625,-19.625,-19.125,-18.25,-17,-15.875,-14.75,-13.75,-12.375,-10.875,-10.125,-7.25
31/05/2022,-15.5,-15.625,-21.125,-19.5,-19.625,-19.625,-19.625,-19.125,-18.25,-17.125,-15.875,-14.75,-13.875,-12.375,-10.875,-10.125,-7
01/06/2022,-15,-15.25,-20.75,-19.5,-19.375,-19.625,-19.625,-19.25,-18.375,-17.125,-16,-14.875,-13.99995,-12.625,-11.125,-10.375,-7.25
02/06/2022,-15,-15.375,-21.125,-19.5,-19.375,-19.625,-19.625,-19.25,-18.375,-17.125,-16,-14.875,-14,-12.625,-11.12495,-10.5,-7.375
03/06/2022,-15,-14.875,-20.625,-19.5,-19.375,-19.75,-19.75,-19.25,-18.25,-17.125,-16,-14.875,-14,-12.625,-11.125,-10.5,-7.375
06/06/2022,-14.50005,-14.875,-20.625,-19.5,-19.5,-19.75,-19.75,-19.375,-18.5,-17.125,-16,-14.875,-14,-12.625,-11.125,-10.375,-7.25
07/06/2022,-13.125,-14.25,-20.625,-19.75,-19.875,-20.125,-20.125,-19.75,-18.875,-17.625,-16.5,-15.375,-14.5,-13.125,-11.625,-11,-7.875
08/06/2022,-13.5,-14.25,-20.625,-20,-20.125,-20.5,-20.625,-20.375,-19.5,-18.25,-17.125,-16,-15.125,-13.625,-12.25,-11.625,-8.75
09/06/2022,-13.62485,-14.625,-21,-19.875,-20.5,-21.375,-21.5,-21.375,-20.25,-19,-17.87505,-16.75,-15.74995,-14.25,-12.75,-12,-9.125
10/06/2022,-13.375,-14.75,-20.75,-20.125,-20.625,-21.5,-21.5,-21.375,-20.375,-19,-17.75,-16.625,-15.625,-14.25,-13,-12.125,-9.375
13/06/2022,-16.5,-16.50005,-23.125,-21.75,-21.75,-22.75,-23.75,-23.25,-22.25,-21.125,-19.875,-18.5,-17.5,-16,-14.5,-13.75,-10.875
14/06/2022,-20.25,-18.625,-25.125,-23.25,-23.875,-24.125,-24.5,-24.75,-23.625,-22.375,-21.125,-19.875,-18.875,-17.25,-15.625,-14.875,-11.875
15/06/2022,-18.875,-17.875,-25.125,-23.25,-24,-24.625,-25.125,-25,-23.375,-22,-20.625,-19.25,-18.125,-16.75,-15,-14.375,-11.25
16/06/2022,-17.62505,-16.5,-24,-22,-23.625,-24.75,-25,-24.625,-23.375,-22,-20.5,-19.25,-18.125,-16.75,-15,-14.5,-11.5
17/06/2022,-16.625,-15.875,-23.625,-21.75,-23.25,-24.375,-24.5,-24.125,-22.75,-21.5,-20,-18.75,-17.625,-16.375,-14.375,-13.75,-10.5
20/06/2022,-15.625,-15.625,-23.25,-21.125,-22.75,-23.875,-24,-23.75,-22.375,-21,-19.625,-18.25,-17,-15.75,-13.875,-13.25,-9.875
21/06/2022,-16.625,-16.25,-23.625,-21.75,-23.125,-24.125,-24.75,-24.5,-23.125,-21.75,-20.25,-18.75,-17.5,-16.125,-14.375,-13.75,-10.375
22/06/2022,-18.25,-17.375,-24.875,-22.625,-23.5,-24.5,-24.75,-24.625,-23.25,-21.875,-20.5,-19.125,-17.875,-16.50005,-14.75,-14,-10.625
23/06/2022,-19.375,-18.75,-26.875,-24.375,-24.875,-25.375,-25.5,-25.375,-24.125,-22.75,-21.25,-19.875,-18.625,-17.125,-15.5,-15.125,-11.75
24/06/2022,-19,-18.5,-27,-24.75,-25.25,-26,-25.875,-25.75,-24.5,-23.25,-21.75,-20.25,-19,-17.625,-15.875,-15.375,-12.125
27/06/2022,-18.625,-18.25,-27,-24.75,-25.25,-26,-26.125,-25.875,-24.75,-23.5,-21.875,-20.375,-19.125,-17.875,-16.25,-15.875,-12.875
28/06/2022,-18.375,-18.125,-27,-25,-25.5,-26.5,-26.625,-26.25,-25.125,-23.875,-22.5,-21,-19.875,-18.5,-17,-16.625,-13.5
29/06/2022,-18,-31.37495,-27.5,-25.5,-26.25,-27,-27.25,-27,-26,-24.75,-23.125,-21.625,-20.625,-19.25,-17.75,-17.5,-14.375
30/06/2022,-18.5,-32.875,-28.5,-26.5,-27.125,-28.25,-28.625,-28.125,-27,-25.625,-24.25,-22.875,-21.625,-20.25,-18.75,-18.625,-15.375
01/07/2022,-18,-32.625,-28.375,-26.375,-27.25,-28.375,-28.75,-28.375,-27.25,-25.875,-24.25,-22.875,-21.75,-20.375,-18.875,-18.625,-15.375
04/07/2022,-17.5,-32.25,-28.25,-25.875,-27.125,-28.125,-28.5,-28.125,-27.125,-25.75,-24.125,-22.75,-21.625,-20.25,-18.75,-18.625,-15.375
05/07/2022,-16.625,-31.625,-26.875,-25.125,-26.375,-27.625,-28,-27.625,-26.375,-24.875,-23.375,-22,-20.875,-19.625,-18.125,-17.875,-14.25
06/07/2022,-16,-31.125,-26.5,-24.625,-26,-27.125,-27.375,-26.75,-25.75,-24.25,-22.75,-21.375,-20.125,-18.875,-17.5,-17.25,-13.5
07/07/2022,-14,-29.375,-25,-23.25,-24.75,-25.375,-25.875,-25.25,-24.125,-22.625,-21.125,-19.75,-18.5,-17.25,-16.125,-16.25,-12.375
08/07/2022,-11.375,-25.625,-22.875,-21.25,-23,-24.5,-25.125,-24.375,-23.25,-21.75,-20.25,-18.875,-17.5,-16.375,-15.125,-15.25,-11.5
11/07/2022,-11.375,-25.5,-22.75,-21,-23,-24.125,-24.75,-24.125,-23,-21.5,-20,-18.625,-17.25,-16.125,-14.875,-15.00005,-11.25
12/07/2022,-14,-26.25,-22.375,-20.875,-23.125,-24.75,-25.25,-25,-23.75,-22.375,-21,-19.625,-18.5,-17.25,-16.125,-16.375,-13
13/07/2022,-13.625,-27.125,-23.25,-21.25,-23.375,-25.75,-26.375,-25.75,-24.5,-23.125,-21.875,-20.625,-19.375,-18.25,-17.375,-17.875,-14.5
14/07/2022,-13.75,-27.25,-23.5,-21.625,-23.625,-26.25,-27.5,-27,-25.75,-24.75,-23.25,-22,-20.75,-19.5,-18.5,-18.75,-15.375
15/07/2022,-13.625,-27.5,-24,-22,-24.25,-26.25,-27.625,-27.5,-26.375,-25.25,-24,-22.75,-21.5,-20.25,-19,-19.25,-15.875
18/07/2022,-13.5,-27.75,-24.125,-22.375,-24.5,-26.5,-27.875,-27.625,-26.625,-25.5,-24.25,-23,-21.75,-20.625,-19.375,-19.625,-16.25
19/07/2022,-13.75,-27.75,-24.25,-22.375,-24.375,-26.25,-27.875,-28,-27,-25.875,-24.5,-23.25,-22,-20.75,-19.25,-19.875,-16.5
20/07/2022,-12.625,-26.875,-23.125,-21.125,-23,-24.875,-26.5,-26.75,-25.75,-24.625,-23.375,-22.125,-20.75,-19.75,-18.25,-18.75,-15.5
21/07/2022,-12.875,-26.875,-23.375,-21.5,-23.25,-25.25,-26.875,-27.125,-26.25,-25,-23.75,-22.5,-21.25,-20.125,-19,-19.5,-16.5
22/07/2022,-13.25,-27.375,-23.75,-21.875,-23.625,-25.625,-27.25,-27.5,-26.625,-25.5,-24.25,-23,-21.875,-20.625,-19.5,-20.125,-16.875
25/07/2022,-13.5,-27.75,-24,-22.125,-24.25,-26.25,-28.125,-28.5,-27.875,-26.75,-25.625,-24.375,-23.125,-22,-20.75,-21.25,-18.5
26/07/2022,-15.62505,-29,-24.375,-22.5,-24.375,-26.5,-28.375,-29,-28.375,-27.625,-26.5,-25.125,-23.875,-22.75,-21.875,-22.5,-20.125
27/07/2022,-15.5,-28.875,-24.375,-22.375,-24.625,-26.625,-28.625,-29.125,-28.625,-27.75,-26.625,-25.5,-24.25,-23.125,-22.125,-22.875,-20.5
28/07/2022,-14.75,-27.75,-22.75,-20.875,-23,-25,-26.875,-27.5,-27.25,-26.375,-25.375,-24.125,-23,-21.875,-20.75,-21.375,-19.125
29/07/2022,-13.75,-27.5,-23,-21,-22.375,-24.375,-26,-26.75,-26.625,-26,-25,-23.75,-22.5,-21.5,-20.375,-21.125,-18.875
01/08/2022,-13.625,-27.25,-22.75,-21.25,-21.875,-23.875,-25.375,-26.125,-26,-25.25,-24.375,-23.25,-22,-21.125,-19.75,-20.5,-18.375
02/08/2022,-14.25,-28.25,-23.875,-21.125,-22.125,-23.625,-25.125,-25.625,-25.625,-24.75,-23.875,-22.75,-21.625,-20.5,-19.5,-20.25,-17.75
03/08/2022,-13.875,-27.625,-23.625,-22,-22.375,-23.75,-25.125,-25.625,-25.5,-24.75,-23.875,-22.75,-21.625,-20.5,-19.25,-20,-17.75
04/08/2022,-13.75,-27.5,-23.25,-21.625,-22.125,-23.125,-24.5,-24.875,-24.75,-24,-23.125,-21.875,-20.75,-19.625,-18.5,-19.25,-17
05/08/2022,-12.75,-26.625,-23.125,-22,-22.25,-23.25,-24.625,-24.875,-24.75,-23.875,-23,-21.75,-20.75,-19.5,-18.625,-19.25,-17.125
08/08/2022,-12.875,-27.125,-23.625,-22.375,-22.875,-23.875,-25.125,-25.5,-25.25,-24.375,-23.5,-22.25,-21.25,-20.125,-19.125,-20,-17.75
09/08/2022,-12,-26.5,-24,-22.375,-23,-24,-25,-25.5,-25.125,-24.25,-23.375,-22.125,-21.125,-20,-19,-19.875,-17.75
10/08/2022,-12,-26.375,-23.125,-21.875,-22.625,-23.75,-24.625,-25,-24.625,-23.75,-22.875,-21.75,-20.625,-19.5,-18.625,-19.625,-17.5
11/08/2022,-12,-26.375,-23.125,-21.625,-22.5,-23.5,-24.375,-24.75,-24.375,-23.375,-22.5,-21.25,-20.25,-19.125,-18.375,-19.25,-17.25
12/08/2022,-12.625,-27,-23.625,-22,-22.75,-23.5,-24.375,-24.75,-24.25,-23.375,-22.375,-21.25,-20.125,-19,-18.375,-19.375,-17.25
15/08/2022,-12.5,-27,-23.625,-22.125,-23,-24,-25,-25.25,-24.75,-23.875,-23,-21.75,-20.75,-19.5,-19,-20,-18
16/08/2022,-11.75,-26.375,-23.125,-21.75,-23,-24,-25,-25.25,-24.625,-23.75,-22.75,-21.625,-20.5,-19.375,-18.875,-19.875,-17.875
17/08/2022,-11.375,-25.75,-22.375,-21.25,-22.875,-24,-25,-25.375,-25.125,-24.125,-23.125,-22,-21,-19.875,-19.625,-21.25,-19.25
18/08/2022,-11.25,-25.625,-22.25,-21.125,-22.625,-23.875,-24.625,-25,-24.875,-24.25,-23.25,-22.125,-21,-20,-19.75,-21.125,-19.25
19/08/2022,-11.25,-25.625,-22.25,-21,-22.625,-23.875,-24.625,-25,-24.875,-24.25,-23.25,-22.125,-21.125,-20,-19.75,-21.375,-19.5
22/08/2022,-11.25,-25.625,-22.125,-20.75,-22.375,-23.75,-24.625,-25.125,-24.875,-24.5,-23.5,-22.375,-21.25,-20.125,-20,-21.625,-19.625
23/08/2022,-12,-25.5,-22.125,-20.625,-22.375,-23.875,-24.625,-25.125,-25.125,-24.625,-23.625,-22.5,-21.5,-20.375,-20,-21.5,-19.375
24/08/2022,-11.75,-25.5,-22,-20.625,-22.375,-23.875,-24.625,-25.125,-25.25,-24.75,-23.875,-22.75,-21.75,-20.625,-20.25,-21.5,-19.5
25/08/2022,-11.25,-25.125,-21.625,-20.25,-22,-23.375,-24.25,-24.75,-24.625,-24.125,-23.125,-22,-20.75,-19.875,-19.5,-21.25,-19
26/08/2022,-10.875,-24.5,-21,-19.625,-21.375,-22.75,-23.5,-24,-24.125,-23.5,-22.75,-21.5,-20.5,-19.375,-19,-20.625,-18.375
29/08/2022,-10.75,-24.5,-21,-19.625,-21.375,-22.75,-23.5,-24,-24.125,-23.5,-22.75,-21.5,-20.5,-19.375,-19,-20.625,-18.375
30/08/2022,-10.375,-24.25,-20.875,-19.5,-21,-22.25,-23.125,-23.625,-23.75,-23.25,-22.375,-21.125,-20.125,-19,-18.5,-20.25,-18
31/08/2022,-10.625,-24.5,-20.875,-19.5,-21.25,-22.625,-23.5,-24.125,-24.25,-23.5,-22.625,-21.625,-20.5,-19.375,-18.875,-20.75,-18.5
01/09/2022,-10.875,-24.625,-21,-19.75,-21.5,-23,-24,-24.5,-24.5,-23.875,-23,-21.875,-20.75,-19.75,-19.5,-21.375,-19.25
02/09/2022,-10.875,-24.375,-20.875,-20,-21.875,-23.375,-24.125,-24.75,-24.75,-24.125,-23.25,-22.125,-21,-20,-19.625,-21.5,-19.75
05/09/2022,-11.125,-24.625,-21.125,-20.125,-21.875,-23.375,-24.125,-24.75,-24.75,-24.125,-23.25,-22.125,-21,-20,-19.625,-21.625,-19.875
06/09/2022,-8.375,-23.25,-20.375,-19.75,-22,-23.75,-24.875,-25.375,-25.375,-24.875,-23.875,-22.75,-21.625,-20.5,-20.375,-22.25,-20.5
07/09/2022,-11.375,-25.75,-22,-20.875,-23.25,-25.125,-26,-26.625,-26.5,-25.875,-24.875,-23.75,-22.625,-21.625,-21.625,-23.625,-22
08/09/2022,-10.5,-24.875,-21.125,-20.25,-22.625,-24.625,-25.5,-26,-25.75,-25.125,-24.125,-23,-21.875,-21,-21.25,-23.25,-21.625
09/09/2022,-8.75,-24,-20.25,-19.25,-21.75,-23.5,-24.75,-25,-24.875,-24.125,-23,-21.75,-20.5,-19.75,-20,-22.125,-20.5
12/09/2022,-9.125,-24.5,-20.75,-20,-22.25,-24.125,-25.375,-25.75,-25.625,-24.75,-23.625,-22.5,-21.25,-20.375,-20.75,-23,-21.375
13/09/2022,-9,-25,-21.5,-20.625,-23,-25,-26.25,-26.75,-26.625,-25.625,-24.375,-23.25,-22,-21,-21.25,-23.5,-21.875
14/09/2022,-10,-26,-21.75,-20.875,-23,-25,-26.625,-27.125,-26.875,-25.875,-24.625,-23.5,-22.25,-21.125,-21.375,-23.625,-22
15/09/2022,-7.5,-24.625,-21.375,-20.5,-22.75,-24.75,-26.125,-26.625,-26.5,-25.5,-24.375,-23.125,-22.125,-21,-21.25,-23.375,-21.75
16/09/2022,-6.875,-24.25,-20.75,-20,-22,-24.375,-25.75,-26.375,-26.25,-25.375,-24.25,-23.125,-22.125,-21,-21.375,-23.625,-22
19/09/2022,-6.875,-24.25,-20.75,-20,-22,-24.375,-25.75,-26.375,-26.25,-25.375,-24.25,-23.125,-22.125,-21,-21.375,-23.625,-22
20/09/2022,-7.75005,-25.125,-21.5,-20.5,-21.875,-24,-25.5,-26.125,-26.125,-25.375,-24.25,-23.125,-22.125,-21,-21.375,-23.625,-22.125
21/09/2022,-9.25,-26,-22,-20.875,-22.125,-24.25,-25.875,-26.5,-26.5,-26,-24.625,-23.5,-22.625,-21.375,-22,-24.375,-22.125
22/09/2022,-6.875,-24.375,-20.5,-20.875,-22.375,-24.875,-26.625,-27.25,-27.375,-26.875,-25.625,-24.5,-23.875,-23,-23.25,-25.625,-24.25
23/09/2022,-6,-24.625,-21.125,-20.75,-23,-25.5,-27.125,-27.875,-28.25,-28.125,-27.125,-25.875,-25.25,-24.125,-24.625,-26.75,-26.25
26/09/2022,-2,-23.625,-20.75,-20.375,-23.25,-25.875,-27.625,-28.75,-29.375,-29.25,-28.75,-27.25,-26.875,-26,-27.25,-29.625,-29
27/09/2022,-5.875,-26.75,-23.5,-22.5,-25.75,-28.375,-30.5,-32.75,-33.75,-33.625,-33.375,-33.125,-32.75,-32.25,-33.5,-36.375,-35.875
28/09/2022,0,-23.625,-21.5,-21.5,-25,-27.875,-29.75,-31.5,-32.12505,-32,-31.75,-31.5,-31,-30.625,-31.625,-34.4375,-33.625
29/09/2022,-33.125,-25.625,-23.375,-23.5,-26.25,-29,-31,-32.25,-32.75,-32.75,-32.5,-31.75,-31,-30.125,-31.25,-33.875,-33
30/09/2022,-32.625,-25.25,-22.875,-22.75,-25.625,-28,-29.625,-30.5,-30.875,-30.75,-30,-29.125,-28.25,-27.75,-28.625,-30.37505,-29.375
03/10/2022,-33,-27.5,-24.375,-24.125,-26.25,-28.25,-30,-30.75,-31.125,-30.875,-30.125,-29.25,-28.25,-27.25,-28.125,-29.875,-28.625
04/10/2022,-37.125,-27.5,-25,-24.25,-26.75,-28.75,-30.25,-31,-31,-30.375,-29.25,-28,-27,-26,-26.5,-27.75,-26.5
05/10/2022,-34.125,-25.25,-23,-22.75,-26.875,-29.375,-30.875,-31.625,-31.25,-30.625,-29.5,-28.125,-26.875,-25.875,-25.875,-27,-25.625
06/10/2022,-28.625,-21.5,-20.625,-20.25,-25.125,-28.5,-30.5,-32,-31.875,-31.625,-31,-30,-29.125,-28.375,-29.375,-31.625,-31.25
07/10/2022,-33.125,-22.875,-21.25,-21.25,-25.75,-29,-31.5,-33.5,-33.25,-32.875,-31.75,-30.75,-29.5,-29,-29.875,-31.875,-31.625
10/10/2022,-34.875,-24.5,-22.5,-22.5,-27.25,-31.25,-34,-36,-36,-35.75,-36,-35.375,-34.25,-34,-35.375,-37.625,-37.625
11/10/2022,-36.25,-25.5,-23.125,-21.75,-26.375,-30.375,-32.875,-35.25,-36.25,-36.375,-36.125,-35.5,-34.75,-34.375,-35.625,-37.625,-37.25
12/10/2022,-36.5,-25.625,-23.375,-22.5,-26.5,-30.62505,-33,-35,-36,-36.125,-35.75,-35.375,-34.875,-34.625,-35.875,-37.875,-37.5
13/10/2022,-31.75,-23.75,-21.5,-21,-24.625,-28.125,-30.5,-32.62495,-33.375,-33.375,-33.125,-32.625,-32.125,-32,-33.25,-35,-34.625
14/10/2022,-27,-20.625,-19.875,-19.5,-23,-26,-28.5,-30.5,-31.25,-31,-30.875,-30.5,-30,-29.5,-30.25,-31.875,-31.625
17/10/2022,-24.875,-19.25,-19,-18.875,-22.25,-25.25,-27.5,-29,-29.375,-29.25,-29,-28.5,-27.75,-27.5,-28,-29.5,-29.25
18/10/2022,-23.5,-18.125,-18.375,-18.625,-21.375,-23.75,-25.75,-26.75,-26.875,-26.5,-26.125,-25.375,-24.5,-24,-24.875,-25.125,-24.5
19/10/2022,-24.625,-19.25,-19.25,-19.5,-21.75,-24,-25.5,-26.25,-26,-25.875,-24.5,-23.625,-22.75,-21.875,-22,-22.5,-21.375
20/10/2022,-26,-20.125,-20.125,-20.875,-22.5,-24.625,-26.375,-26.875,-26.5,-25.625,-24.75,-23.75,-22.75,-21.25,-21.125,-21.625,-20.875
21/10/2022,-27,-20.75,-20.75,-21.25,-23.375,-25.625,-27.375,-28,-28,-27.25,-26.5,-25.375,-24.375,-23,-23.25,-23.625,-22.875
24/10/2022,-27,-20.125,-19.875,-20.375,-22.625,-24.5,-26,-26,-25.875,-25.625,-24.75,-23.625,-22.625,-20.25,-19.75,-20,-19.375
25/10/2022,-29.25,-21.125,-20.125,-20.375,-22.375,-23.75,-24.625,-24.875,-24.375,-23.375,-21.875,-20.75,-19.375,-17.75,-16.875,-17.125,-16.375
26/10/2022,-28.375,-21,-20.5,-20.75,-22.5,-23.875,-25.125,-25.25,-24.75,-23.625,-22.25,-21,-19.75,-18,-17.375,-17.625,-16.75
27/10/2022,-27,-20.125,-19.75,-19.625,-21.625,-22.75,-23.75,-23.5,-22.625,-21.375,-19.875,-18.5,-17.25,-15.625,-15,-15.24995,-14.25
28/10/2022,-28.75,-20.75,-20,-19.5,-21.625,-22.75,-23.75,-23.5,-22.625,-21.25,-19.625,-18.375,-17,-15.125,-14.5,-14.5,-13.75
31/10/2022,-31.125,-23.25,-21.5,-21.375,-22.625,-24,-25,-24.875,-23.5,-22.5,-20.875,-19.75,-18.375,-17,-16.375,-16.75,-16.125
01/11/2022,-31.875,-23.25,-21.75,-21.75,-23.125,-24.375,-25.625,-25.75,-25,-23.75,-22.625,-21.125,-19.875,-17.75,-17.125,-17.5,-16.5
02/11/2022,-33.875,-24.125,-22.5,-22.25,-23.125,-24.625,-25.625,-25.75,-25,-23.875,-22.625,-21.25,-20,-17.875,-17.25,-17.625,-16.625
03/11/2022,-37.625,-26.5,-24,-23.75,-24.875,-26.25,-27.375,-27.375,-26.5,-25.5,-24.25,-23,-21.75,-20,-19.25,-19.5,-18.5
04/11/2022,-38.375,-26.875,-24,-23.75,-25.125,-26.375,-27.25,-27.25,-26.5,-25.375,-24.125,-22.875,-21.625,-19.875,-19.25,-19.75,-18.75
07/11/2022,-39.75,-27.875,-24.75,-24,-25.5,-26.75,-27.75,-27.75,-26.875,-25.875,-24.625,-23.375,-22.125,-20.375,-19.625,-19.875,-19
08/11/2022,-39.125,-27.75,-24.5,-23.875,-24.875,-26.125,-27.125,-26.875,-26.25,-25.25,-24,-22.75,-21.375,-19.875,-19.125,-19.5,-18.625
09/11/2022,-40.5,-27.75,-24.25,-23.375,-24.5,-25.5,-26.375,-26.25,-25.625,-24.5,-23.25,-22,-20.75,-19,-18.25,-18.625,-17.75
10/11/2022,-34.625,-23.875,-21.5,-21.25,-21.625,-22.375,-23,-23,-22.5,-21.25,-20,-18.75,-17.5,-15.74995,-14.75,-15.125,-14.125
11/11/2022,-33.625,-22.875,-20.75,-20.625,-21.25,-22.25,-22.625,-22.5,-21.75,-20.625,-19.375,-17.75,-16.5,-14.875,-14.25,-14.625,-13.625
14/11/2022,-33.375,-22.875,-20.5,-20.375,-21.625,-22.625,-23.125,-23.25,-22.625,-21.5,-20.25,-18.625,-17.375,-15.74995,-15,-15.375,-14.5
15/11/2022,-31.125,-21.25,-19.5,-19,-20.625,-21.625,-22.125,-22.125,-21.375,-20.5,-19,-17.625,-16.25,-14.625,-13.875,-14.25,-13.375
16/11/2022,-28.5,-20.375,-18.875,-18.375,-20.125,-21.125,-21.625,-21.75,-21.125,-20,-19,-17.625,-16.25,-14.625,-13.75,-13.875,-13.125
17/11/2022,-28.25,-20,-18.5,-18.125,-20,-21.25,-21.75,-22,-21.375,-20.5,-19.375,-18,-16.625,-15.125,-14.375,-14.75,-14.125
18/11/2022,-27.5,-19.625,-18,-18,-19.875,-21,-21.75,-21.875,-21.375,-20.5,-19.375,-18.00005,-16.625,-15.25,-14.5,-15,-14.5
21/11/2022,-27.125,-19.25,-18,-17.875,-19.75,-21,-21.75,-21.875,-21.375,-20.5,-19.375,-18.125,-17,-15.75,-15,-15.625,-15.25
22/11/2022,-25,-17.625,-17.125,-16.75,-19.125,-20.875,-21.75,-22.25,-21.875,-21,-19.625,-18.375,-17.375,-15.875,-15.25,-15.875,-15.5
23/11/2022,-15.875,-13.75,-14.625,-13.5,-17,-19.25,-20.25,-20.5,-20.875,-20,-18.875,-17.625,-16.125,-14.75,-14.125,-14.875,-14.5
24/11/2022,-16.5,-13.00005,-13.5,-13.375,-17,-18.75,-19.625,-19.875,-19.875,-18.875,-17.875,-16.75,-15.5,-14.5,-13.875,-14.5,-14
25/11/2022,-19.25,-14.375,-14.5,-14.875,-17.375,-19.125,-20.125,-20.375,-19.875,-19.5,-18.625,-17.25,-16.375,-15.625,-15,-15.75,-15.125
28/11/2022,-23.75,-15.875,-15.5,-16.25,-18.375,-20,-21.25,-21.375,-21,-20.5,-19.5,-18.5,-17.5,-16.25,-15.875,-16.5,-16
29/11/2022,-19.75,-14.875,-15,-15.375,-18,-19.875,-21.125,-21.375,-21,-20.5,-19.375,-18.5,-17.25,-16.25,-15.75,-16.5,-16.125
30/11/2022,-20.75,-15.75,-15.125,-15.625,-17.87495,-19.875,-21.125,-21.5,-21.25,-20.75,-19.75,-18.75,-17.75,-16.75,-16.25,-17.125,-16.75
01/12/2022,-20.75,-15.25,-15,-15.375,-18,-20.125,-21.375,-21.875,-21.75,-21.25,-20.25,-19.375,-18.375,-17.5,-17.125,-17.87495,-17.37505
02/12/2022,-21.625,-16.125,-15,-15.49995,-18,-20.25,-21.625,-22,-21.75,-21.25,-20.375,-19.5,-18.625,-17.625,-17.25,-18.125,-17.625
05/12/2022,-19.25,-14.5,-14.5,-15,-18,-20.25,-21.625,-22.375,-22.125,-21.625,-20.75,-19.875,-19.125,-18.125,-17.75005,-18.75,-18.25
06/12/2022,-17.75,-13.625,-13.625,-14.5,-17.75,-20.375,-22.125,-22.625,-22.5,-22,-21.125,-20.25,-19.5,-18.5,-18.125,-19.125,-18.625
07/12/2022,-17.25,-13.5,-13.25,-14.25,-17.375,-20,-21.875,-22.375,-22.25,-21.875,-21.25,-20.25,-19.625,-18.625,-18.875,-20.25,-20.125
08/12/2022,-17,-12.875,-13.125,-14.25,-17.25,-20,-22,-22.75,-22.875,-22.625,-22.125,-21.25,-20.625,-20.375,-20.75,-22.375,-22.375
09/12/2022,-15.25,-12.25,-13,-14,-17.25,-20,-21.875,-22.625,-22.75,-22.375,-21.875,-21.25,-20.625,-20.25,-20.875,-22.75,-22.75
12/12/2022,-15.25,-12.125,-12.375,-13.5,-17.125,-19.875,-21.75,-22.5,-22.625,-22.375,-21.75,-21.25,-20.625,-20.25,-20.875,-22.75,-22.75
13/12/2022,-20.375,-14.5,-13.625,-14.25,-17.25,-20.25,-22,-22.875,-23,-22.625,-22.125,-21.625,-21.375,-20.75,-21.625,-23.375,-23.5
14/12/2022,-20.125,-15.25,-14,-14.25,-17.125,-20.25,-22.75,-23.5,-23.625,-23.25,-22.875,-22.375,-21.75,-21,-22.125,-23.875,-23.75
15/12/2022,-16.75,-12.875,-12,-12.5,-16,-18.875,-21.125,-22.375,-22.25,-21.875,-21.5,-21.125,-20.5,-20.625,-21,-23.375,-23.375
16/12/2022,-15.125,-12,-12,-12.5,-16,-19.25,-21.625,-22.75,-22.625,-22.25,-21.875,-21.625,-21.75,-21.625,-23,-25.625,-25.75
19/12/2022,-14,-11.25,-11.375,-12.375,-16,-19.125,-21.625,-22.75,-22.625,-22.25,-22,-21.875,-21.875,-21.875,-23.875,-26.75,-27.5
20/12/2022,-8.625,-8.75,-9.75,-11.625,-15.75,-19.25,-22,-23.375,-23.375,-23.125,-23.125,-23,-23,-23,-25,-28.75,-29.5
21/12/2022,-5.25,-7.25,-8.5,-9.875,-14.25,-17.75,-20.625,-22,-22,-21.75,-21.625,-21.625,-21.75,-22.125,-24,-28.125,-28.625
22/12/2022,-5.5,-7,-8.25,-9.75,-13.75,-17.25,-20.5,-21.75,-22,-21.625,-21.625,-21.375,-21.5,-22,-24,-28.25,-28.375
23/12/2022,-6.25,-7.625,-8.625,-10,-13.875,-17.375,-20.375,-21.75,-22,-22,-21.75,-21.625,-21.625,-22.125,-24.125,-28.125,-28.75
26/12/2022,-6.25,-7.625,-8.625,-10,-13.875,-17.375,-20.375,-21.75,-22,-22,-21.75,-21.625,-21.625,-22.125,-24.125,-28.125,-28.75
27/12/2022,-5.75,-7.25,-8.5,-9.625,-13.75,-17.375,-20.375,-21.875,-22.375,-22.25,-21.75,-21.5,-21.625,-22.125,-24.125,-28.375,-28.75
28/12/2022,-3.625,-6.5,-8.25,-9.625,-13.5,-17,-20,-21.625,-22.25,-22,-21.875,-21.75,-21.625,-22,-24,-28.125,-28.5
29/12/2022,-4.5,-6.375,-8.25,-11.5,-12.5,-16.25,-19.5,-21,-21.75,-21.75,-21.375,-21.25,-21.25,-21.875,-24,-28.25,-28.875
30/12/2022,-3.75,-6,-7.875,-11.5,-12.5,-16,-18.75,-20.75,-21.5,-21.75,-21.5,-21.25,-21.125,-21.875,-24,-28.25,-29
02/01/2023,-3.75,-6,-7.875,-11.5,-12.5,-16,-18.75,-20.75,-21.5,-21.75,-21.5,-21.25,-21.125,-21.875,-24,-28.25,-29
03/01/2023,-4.25,-5.625,-6.99995,-10.5,-11.375,-15.125,-17.875,-19.5,-20.375,-20.5,-20.5,-20.25,-20.125,-20.875,-22.75,-27.375,-27.75
04/01/2023,-3.625,-5.625,-6.75,-10.75,-12.375,-15,-17.5,-19.125,-19.875,-19.875,-19.75,-19.5,-19.5,-20.5,-22.375,-26.375,-27.125
05/01/2023,-5.125,-6.625,-7.875,-12.125,-13.5,-15.5,-18,-19.75,-20.25,-20.125,-19.75,-19.5,-19.375,-19.375,-21.5,-25.375,-26.125
06/01/2023,-7,-8,-8.875,-12.875,-14,-16,-18.625,-20,-20.25,-20.125,-19.75,-19.5,-19.5,-19.875,-21.875,-25.125,-25.875
09/01/2023,-5.75,-7.125,-8.625,-12.75,-15.25,-17.75,-19.625,-20.25,-20.25,-19.625,-19.125,-18.75,-18.5,-18.75,-20.75,-24,-24.5
10/01/2023,-6.25,-7.625,-8.75,-13,-15.5,-17.875,-19.375,-19.875,-19.75,-19.125,-18.25,-18,-18,-18.375,-20.5,-23.875,-24.375
11/01/2023,-6.5,-7.75,-9.125,-13.625,-16,-18.125,-19.25,-19.625,-19.5,-19,-18.375,-18,-18,-18,-20.125,-23.75,-25
12/01/2023,-7.125,-7.875,-9.25,-13.75,-16.125,-18.25,-19.5,-19.875,-19.875,-19.625,-19.125,-18.625,-18.25,-18.5,-20.25,-23.5,-24.125
13/01/2023,-7.125,-7.875,-9.125,-13.5,-15.75,-17.875,-19.25,-19.625,-19.5,-19.25,-18.75,-18.25,-17.75,-18,-19.5,-22.25,-22.875
16/01/2023,-6.75,-7.5,-8.5,-12.875,-15.75,-17.875,-19.375,-19.75,-19.75,-19.375,-18.875,-18.375,-18,-18.125,-19.625,-22.5,-23.25
17/01/2023,-6.375,-7.125,-8.25,-12.875,-16,-18,-19.375,-19.75,-19.625,-19.375,-18.875,-18.375,-18,-18,-19.625,-22.375,-23.125
18/01/2023,-4.75,-6.25,-7.375,-12,-15.625,-17.75,-19.125,-19.5,-19.5,-19.125,-18.625,-18.125,-17.75,-17.75,-19.25,-22.125,-22.75
19/01/2023,-4.5,-5.875,-7,-11.75,-15.12505,-17.75,-19.125,-19.25,-19.125,-18.875,-18.375,-17.875,-17.375,-17,-18.75,-21.625,-22.25
20/01/2023,-4.375,-5.75,-7,-11.75,-14.875,-17.25,-18.625,-19.125,-19.125,-18.875,-18.25,-17.75,-17.125,-17.00005,-18.5,-21.375,-22.125
23/01/2023,-4.25,-5.5,-6.875,-11.625,-14.5,-16.75,-18.125,-18.75,-18.75,-18.5,-18,-17.5,-17,-16.875,-18.375,-21.25,-22
24/01/2023,-3.75,-4.75,-6,-10.5,-13.625,-16.125,-17.625,-18.25,-18.25,-18.125,-17.75,-17.25,-16.74995,-16.5,-17.875,-20.75,-21.5
25/01/2023,-5,-5.5,-6,-10.25,-13.125,-15.25,-16.875,-17.625,-17.75,-17.5,-17,-16.50005,-16.12505,-16.125,-17.5,-20.375,-21.125
26/01/2023,-5.25,-5.75,-6,-10.25,-13,-15.375,-17,-17.625,-17.75,-17.5,-17,-16.5,-16.125,-16.125,-17.5,-20.375,-21.125
27/01/2023,-5.25,-5.75,-6,-10.5,-13,-15.625,-17.5,-18.25,-18.375,-18.0625,-17.5625,-16.62495,-16.375,-16.625,-18.125,-20.5,-21.875
30/01/2023,-6.375,-6.625,-6.875,-11,-13.625,-16.375,-18,-19,-19.125,-18.875,-18.375,-17.875,-17.5,-17.25,-18.875,-21.75,-22.5
31/01/2023,-6.375,-6.25,-6.5,-10.875,-13.625,-16.25,-17.875,-18.875,-19,-18.75,-18.25,-17.75,-17.375,-17,-18.75,-21.625,-22.5
01/02/2023,-6.125,-6,-6.25,-10.5,-13.125,-15.875,-17.50005,-18.375,-18.625,-18.375,-17.875,-17.375,-17,-16.625,-18.25,-21.125,-22
02/02/2023,-6,-6.25,-6.375,-10.5,-13,-15.5,-17.5,-18.375,-18.625,-18.375,-17.875,-17.375,-17,-16.75,-18.25,-21.125,-22
03/02/2023,-5,-5.25,-5.75,-10,-12.75,-14.99995,-16.875,-17.875,-18,-17.75,-17.25,-16.75,-16.375,-16.125,-17.5,-20.375,-20.875
06/02/2023,-4.75,-4.875,-5.25,-9.75005,-12.375,-14.875,-16.875,-17.75,-18.25,-18,-17.5,-16.875,-16.625,-16.5,-18.25,-21.375,-22.125
07/02/2023,-3.625,-4.25,-4.87495,-9.375,-12.125,-14.5,-16.375,-17.5,-17.875,-17.75,-17.375,-17,-16.625,-16.375,-18.125,-21.375,-22.125
08/02/2023,-3.75,-4.5,-5.125,-9.375,-12,-14.25,-16.25,-17.25,-17.625,-17.625,-17.375,-17.125,-16.875,-16.875,-18.75,-22.125,-23.25
09/02/2023,-3.625,-4.5,-4.875,-9.25,-11.75,-13.875,-15.875,-16.875,-17.12495,-17.25,-17,-16.75,-16.375,-16.375,-18.375,-21.625,-22.875
10/02/2023,-3,-4,-4.5,-8.5,-10.875,-13.125,-15.12505,-16.25,-16.75,-17,-16.75,-16.5,-16.25,-16.125,-18,-21.5,-23.25
13/02/2023,-3,-4.25,-4.75,-9,-11.375,-13.625,-15.5,-16.625,-17.125,-17.375,-17.125,-16.87505,-16.625,-16.5,-18.375,-21.75,-23.5
14/02/2023,-2.25,-3.25,-4.125,-8.5,-11.375,-13.75,-15.625,-16.75,-17.375,-17.625,-17.5,-17.25,-17,-16.875,-18.875,-22.375,-24.25
15/02/2023,-1.875,-3.125,-4,-9,-11.75,-14.375,-16.125,-17.125,-17.625,-17.875,-17.625,-17.375,-17.125,-17.12495,-19.25,-22.75,-25
16/02/2023,-1,-2.25,-3.5,-8.5,-11.625,-14,-15.875,-17,-17.75,-17.875,-17.75,-17.5,-17.25,-17.5,-19.875,-23.5,-26.125
17/02/2023,0.25,-0.875,-2.5,-7.25,-10.625,-13.5,-15.5,-16.625,-17.25,-17.5,-17.50005,-17.375,-17,-17.5,-20,-23.75,-26.5
20/02/2023,0.125,-1.25,-2.625,-7.5,-10.75,-13.375,-15.25,-16.37505,-17.125,-17.375,-17.375,-17.25,-17,-17.25,-19.25,-22.875,-25.75
21/02/2023,0.75,-0.5,-2,-6.75,-10.25,-12.75,-14.75,-15.875,-16.75,-16.875,-16.875,-16.75,-16.5,-16.75,-18.625,-22.25,-24.875
22/02/2023,1.5,0.125,-1.125,-5.875,-9.375,-12,-13.875,-15.125,-16,-16.25,-16.125,-16,-15.75,-16.25,-18.125,-21.625,-24.375
23/02/2023,2,0.875,-0.375,-5.25,-8.5,-11.25,-13.25,-14.75,-15.5,-15.75,-15.625,-15.5,-15.25,-15.625,-17.75,-21.375,-24.25
24/02/2023,1.25,0.125,-1,-5.75,-8.75,-11.5,-13.75,-14.875,-15.625,-15.875,-15.625,-15.5,-15.25,-15.75,-18,-21.625,-24.375
27/02/2023,2.625,0.75,-0.375,-5.375,-8.75,-11.75,-13.875,-15.125,-15.75,-16.00005,-15.75,-15.625,-15.5,-16,-18.375,-22,-25
28/02/2023,3.75,2,0.75,-4.5,-8.5,-11.5,-13.5,-15,-15.75,-15.75,-15.5,-15.375,-15.375,-16.125,-18.875,-22.75,-25.75
01/03/2023,3.25,1.75,0.5,-4.625,-8.25005,-11.5,-13.75,-15.375,-16.125,-16.25,-16.125,-16.125,-16.125,-16.875,-19.875,-23.5,-26.5
02/03/2023,1.5,0.875,0.125,-4.75,-8.75,-12,-14.25,-15.75,-16.625,-16.625,-16.5,-16.5,-16.5,-17.25,-20.5,-24.25,-27.25
03/03/2023,1.625,0.75,-0.125,-4.875,-8.625,-11.75,-14.125,-15.49995,-16.125,-16.125,-16,-16,-16,-16.875,-20.125,-24,-27
06/03/2023,1.5,0.75,0.125,-4.75,-8.625,-11.5,-14,-15.5,-16.125,-16.125,-16,-16,-16.125,-17,-20.25,-24.375,-27.375
07/03/2023,0.125,0.125,-0.5,-5.125,-8.625,-11.625,-14,-15.5,-16.125,-16.375,-16.375,-16.375,-16.375,-17.25,-20.875,-25.25,-28.25
08/03/2023,0.125,0,-0.5,-5.125,-8.75,-11.875,-14.375,-16,-16.625,-16.75,-16.625,-16.625,-16.75,-17.625,-21.25,-26.25,-29.25
09/03/2023,1,0.875,0,-4.75,-8.625,-11.75,-14.125,-15.5,-16.25,-16.375,-16.25,-16.25,-16.375,-17.125,-20.25,-24.875,-28
10/03/2023,-4.625,-3.25,-3.25,-7.25,-11.5,-14.25,-16.25,-17.375,-17.875,-17.875,-17.75,-17.75,-18,-18.75,-21.75,-26.625,-29.625
13/03/2023,-13.875,-11,-10.25,-12.5,-16,-18.5,-20.5,-21.5,-22.125,-22.125,-22,-22,-22,-23.375,-26.25,-30.75,-34
14/03/2023,-5.375,-5.5,-5.5,-8.25,-12,-15.375,-17.625,-18.625,-19,-19.125,-19.125,-19.125,-19.25,-20.25,-23.625,-28.125,-31.5
15/03/2023,-12.5,-10.125,-10,-13.875,-15,-17.5,-19.5,-20.5,-21.125,-21.125,-21,-21,-21.125,-21.875,-25.25,-29.75,-33.25
16/03/2023,-6.37495,-6.875,-7.125,-10.875,-13.375,-16.125,-18.5,-19.875,-20.5,-20.75,-20.745,-20.75,-20.625,-21.625,-24.875,-29.5,-32.875
17/03/2023,-6.875,-6.75,-7,-10,-12.125,-15.5,-17.75,-19.375,-20.25,-20.5,-20.375,-20.375,-20.5,-21.375,-24.625,-29.375,-32.625
20/03/2023,-6.5,-6.25,-6.5,-9.25,-11.25,-14.5,-17.375,-18.75,-19.5,-19.625,-19.5,-19.5,-19.625,-20.5,-23.5,-28.75,-32.25
21/03/2023,-3.00005,-3.25,-4,-7.375,-9.75,-13.25,-16,-17.625,-18.375,-18.625,-18.5,-18.5,-18.625,-19.625,-22.75,-28,-31.375
22/03/2023,-1.875,-2.25,-2.75,-6.25,-9.375,-12.75,-15.25,-17,-17.75,-17.875,-17.875,-17.875,-18,-18.75,-22,-27,-30.5
23/03/2023,-2.625,-2.875,-3.375,-6.75,-9.625,-12.75,-15.375,-17.125,-17.875,-18,-17.875,-18,-18,-18.75,-21.875,-26.875,-30.25
24/03/2023,-7.25,-7.25,-6.25,-9.5,-11.5,-14,-16.5,-18.25,-19,-18.875,-18.75,-18.75,-18.875,-19.5,-22.5,-27.25,-30.75
27/03/2023,-3.375,-4,-4.5,-8.375,-11.25005,-14.25,-16.5,-18.375,-19.125,-19.375,-19.375,-19.5,-19.5,-20.625,-23.875,-29,-32.75
28/03/2023,-2.25,-3.25,-4.25,-7.25,-11,-13.875,-16,-17.75,-18.5,-18.75,-18.75,-18.875,-19.125,-20.5,-24,-29.25,-33
29/03/2023,-3,-2.625,-3.125,-7,-11.25,-14.125,-16.125,-17.875,-18.5,-18.5,-19.125,-19.25,-19.375,-20.625,-24.25,-29.5,-33
30/03/2023,-2.125,-2.5,-7.5,-6.5,-11,-13.875,-16.375,-17.875,-18.5,-18.75,-18.875,-19,-19.25,-20.5,-24,-29.125,-32.875
31/03/2023,-2.625,-2.375,-7.75,-6.125,-10,-13.125,-15.625,-17.375,-17.875,-18,-18.125,-18.25,-18.5,-19.625,-23.125,-28.25,-32.125
03/04/2023,-4.125,-3.375,-8.5,-6.625,-9.875,-13,-15.375,-17.125,-17.625,-17.75,-17.875,-18,-18.125,-19.25,-22.75,-27.875,-31.75
04/04/2023,-3.375,-3.125,-8.875,-6.875,-9.625,-12.75,-15.125,-16.75,-17,-17.125,-17.125,-17.125,-17.125,-18,-21.25,-25.875,-29.625
05/04/2023,-5.5,-4.625,-10.125,-8.125,-10.125,-13.125,-15.25,-16.875,-17.125,-17,-16.875,-16.75,-16.75,-17.5,-20.625,-25,-28.875
06/04/2023,-7.625,-6,-11.375,-8.875,-11,-13.875,-16,-17.125,-17.5,-17.49995,-17.25,-17.125,-17.125,-17.875,-20.875,-25.375,-29
07/04/2023,-8.25,-6,-11.375,-8.5,-11,-13.875,-16,-17.125,-17.5,-17.375,-17.25,-17.125,-17.125,-17.875,-20.875,-25.375,-29
10/04/2023,-7.625,-6,-11.375,-8.5,-11,-13.875,-16,-17.375,-17.5,-17.375,-17.25,-17.125,-17,-17.875,-20.875,-25.375,-29
11/04/2023,-5.625,-4.25,-9.625,-7.5,-10.25005,-13.5,-15.75,-17,-17.375,-17.375,-17.25,-17.125,-17,-17.875,-20.875,-25.25,-29
12/04/2023,-5.875,-4.375,-9.75,-7.625,-10.375,-13.5,-15.875,-17.125,-17.5,-17.625,-17.625,-17.375,-17.5,-18.25,-21.5,-26,-29.625
13/04/2023,-5.375,-4.125,-9.5,-7.5,-10,-12.875,-15.375,-16.375,-16.875,-17.25,-17.25,-17,-17.125,-17.87495,-21.125,-25.75,-29.5
14/04/2023,-5.375,-4.375,-9.75,-7.625,-9.625,-12.5,-15.125,-16.125,-16.75,-16.5,-16.5,-16.5,-16.5,-17.5,-21,-25.75,-29.5
17/04/2023,-5.5,-4.5,-9.75,-7.75,-9.75,-12.75,-15.25,-16.50005,-16.75,-16.62505,-16.625,-16.625,-16.50005,-17.375,-20.75,-25.875,-29.875
18/04/2023,-5.5,-4.625,-10,-7.875,-9.75,-12.5,-14.875,-15.875,-16.25,-16.375,-16.125,-16,-16,-17.12505,-20.625,-25.75,-29.75
19/04/2023,-5.375,-4.625,-10,-7.75,-9.62505,-12.125,-14.125,-15.25,-15.75,-15.75,-15.75,-15.75,-15.625,-16.87495,-20.625,-25.875,-30.25
20/04/2023,-4,-4.625,-10,-8,-9.875,-12.375,-14.5,-15.625,-16,-16,-15.875,-15.875,-15.875,-17.125,-20.875,-26.125,-30.75
21/04/2023,-4.25,-4.375,-10,-8.25,-10,-12.5,-14.625,-15.875,-16.25,-16.25,-16.125,-16.125,-16.125,-17.375,-21.125,-26.625,-31.375
24/04/2023,-4.5,-4.75,-10.375,-8.5,-10.625,-12.75,-14.75,-16.125,-16.625,-16.5,-16.5,-16.5,-16.5,-17.625,-21.375,-26.75,-32.25
25/04/2023,-5.5,-5.75,-11.25,-9.5,-11.625,-13.375,-15.5,-17,-17.125,-17.125,-17.125,-17.125,-17.375,-18.375,-21.875,-27.5,-32.75
26/04/2023,-7.375,-7.25,-12.125,-10.375,-12.5,-14.5,-16.25,-17.625,-18.125,-18.125,-18.125,-18.12495,-18.125,-19.5,-23.125,-29,-35
27/04/2023,-6.5,-6.125,-11.375,-9.75,-11.875,-14,-15.875,-17,-17.5,-17.625,-17.625,-17.625,-17.74995,-19.125,-22.75,-28.375,-34
28/04/2023,-7.5,-6.625,-11.5,-9.75,-11.75005,-13.75,-15.625,-16.625,-17.125,-17.25,-17.25,-17.25,-17.25,-18.125,-21.625,-27.125,-32.75
01/05/2023,-7.5,-6.625,-11.5,-9.75,-11.75,-13.75,-15.625,-16.625,-17.125,-17.125,-17.125,-17.125,-17.25,-18.25,-21.625,-27.125,-32.75
02/05/2023,-7,-6.5,-11.375,-9.5,-11.5,-13.5,-15.5,-16.625,-17,-17.125,-17.125,-17.125,-17.125,-18.125,-21.5,-26.625,-32.25
03/05/2023,-8.25,-7.5,-12.25,-10.5,-11.875,-13.875,-15.625,-16.875,-17.375,-17.5,-17.5,-17.5,-17.625,-18.75,-22.25,-27.5,-33.125
04/05/2023,-10.875,-9.24995,-13.75,-12.125,-13.125,-14.625,-16.25,-17.5,-18,-18.25,-18.25,-18.25,-18.375,-19.5,-23,-28.25,-34
05/05/2023,-10.875,-8.875,-13.375,-11.5,-12.75,-14.25,-15.74995,-17,-17.5,-17.625,-17.625,-17.625,-17.75,-18.875,-22.375,-27.625,-33.25
08/05/2023,-10.875,-8.75,-13.25,-11.5,-12.75,-14.25,-15.75,-17,-17.5,-17.625,-17.625,-17.625,-17.75,-18.875,-22.375,-27.625,-33.25
09/05/2023,-8,-7.125,-12.25,-11,-12.75,-14.625,-15.875,-17,-17.5,-17.625,-17.625,-17.75,-17.875,-19,-22.5,-27.625,-33.37505
10/05/2023,-8.125,-7.25,-12.5,-11.375,-13,-14.75005,-16,-17.125,-17.625,-17.875,-17.875,-18,-18.125,-19.125,-22.75,-28,-34.625
11/05/2023,-9.625,-9.25005,-14.125,-12.875,-13.75,-15.625,-16.75,-17.875,-18.5,-18.875,-18.875,-19,-19.125,-20.375,-24,-29.5,-35.25
12/05/2023,-9.625,-9.25,-14.125,-13.125,-14.625,-16.375,-17.625,-18.625,-19.125,-19.25,-19.25,-19.25,-19.375,-20.875,-24.625,-30.25,-36
15/05/2023,-8.75,-8.5,-13.75,-12.875,-14.75,-16.625,-17.75,-18.75,-19.25,-19.375,-19.25,-19.375,-19.5,-20.875,-24.5,-30.125,-36.5
16/05/2023,-8.875,-8.875,-14,-13.375,-15.25,-17.125,-18.25,-19.125,-19.625,-19.75,-19.75,-19.75,-19.875,-21.25,-24.875,-30.5,-36.5
17/05/2023,-8.5,-8.5,-13.75,-13,-15,-16.75,-17.75,-18.5,-18.875,-19,-19,-19,-19,-20.5,-23.625,-29,-35
18/05/2023,-7.875,-8,-13.125,-12.5,-14.5,-16.375,-17.25,-18.25,-18.75,-18.875,-18.875,-18.875,-19,-20.375,-23.625,-29.125,-35
19/05/2023,-6.625,-7.375,-13,-12.25,-14.375,-16.25,-17.5,-18.375,-18.875,-19,-19,-19,-19.125,-20.25,-23.75,-29.25,-35.5
22/05/2023,-5.875,-7.125,-13,-12.375,-14.875,-16.875,-18.125,-19.125,-19.75,-19.875,-19.875,-19.875,-20.125,-21.375,-24.875,-30.375,-36.875
23/05/2023,-6.75,-7.375,-13.125,-12.5,-15,-17.125,-18.625,-19.875,-20.375,-20.5,-20.625,-20.625,-20.75,-21.875,-25.25,-30.375,-37
24/05/2023,-7.5,-8.125,-14,-13.375,-15.875,-18.5,-19.875,-21,-21.625,-21.75,-21.875,-21.875,-22,-23.25,-26.75,-32.125,-38.625
25/05/2023,-10,-9.875,-15.125,-14.5,-16.75,-19.25,-20.875,-21.875,-22.5,-22.625,-22.625,-22.625,-22.75,-23.875,-27.375,-32.75,-39.125
26/05/2023,-8.75,-8.875,-14.625,-14,-16.875,-19.75,-21.375,-22.375,-23,-23.125,-23.25,-23.375,-23.5,-24.625,-28.25,-33.625,-40.125
29/05/2023,-8.75,-8.875,-14.625,-14,-16.875,-19.75,-21.375,-22.375,-23,-23.125,-23.25,-23.375,-23.5,-24.625,-28.25,-33.625,-40.125
30/05/2023,-9,-9,-14.75,-14.125,-16.75,-19.625,-21.375,-22.375,-23,-23.25,-23.625,-23.75,-24,-25.25,-29.125,-34.625,-41.25
31/05/2023,-9.25,-9.5,-14.87495,-14.25,-16.75,-19.5,-21.375,-22.5,-23,-23.375,-23.75,-23.875,-24.125,-25.375,-29.25,-34.625,-41.25
01/06/2023,-9,-9.25,-14.75,-13.75,-16.375,-19.25,-21.25,-22.25,-22.5,-22.75,-22.875,-23,-23.25,-24.25,-27.875,-33.25,-39.875
02/06/2023,-9.75,-9.75,-15,-14,-16.5,-19.125,-21,-22,-22.5,-22.75,-22.875,-22.875,-23,-24.125,-27.75,-33,-39.75
05/06/2023,-9.75,-10,-15.25,-14.375,-16.875,-19.5,-21.375,-22.5,-23,-23.125,-23.25,-23.25,-23.5,-24.625,-28.25,-33.49995,-40.375
06/06/2023,-11.25,-11.125,-16.25,-15.375,-17.5,-20.375,-22.25,-23.5,-24,-24.125,-24.125,-24.25,-24.5,-25.875,-29.5,-34.875,-42.25
07/06/2023,-11,-11,-16.25,-15.25,-17.5,-20,-21.875,-23.125,-23.625,-23.75,-23.75,-23.875,-24,-25.125,-29,-34.5,-41.75
08/06/2023,-10.875,-10.875,-16.50005,-15.5,-17.375,-20,-21.875,-23,-23.625,-23.75,-23.75,-23.875,-23.875,-25.125,-28.75,-34.25,-41.375
09/06/2023,-11.375,-11.375,-16.75,-15.625,-17.375,-20,-21.875,-22.75,-23.375,-23.375,-23.5,-23.625,-23.625,-24.75,-28.25,-33.625,-40.625
12/06/2023,-11.75,-11.625,-16.875,-15.75,-17.5,-20.125,-21.875,-22.75,-23.375,-23.5,-23.625,-23.625,-23.75,-24.875,-28.375,-33.875,-40.75
13/06/2023,-12.75,-12.49995,-17.5,-16.5,-18.25,-20.5,-22.25,-23.25,-23.75,-24,-24.125,-24.25,-24.375,-25.625,-29.125,-34.625,-41.5
14/06/2023,-10.375,-10.75,-16.25,-15.49995,-17.375,-19.75,-21.5,-22.375,-23,-23,-23,-23.25,-23.375,-24.375,-27.75,-33.125,-40.125
15/06/2023,-9,-9.75,-15.25,-14.375,-17,-19.5,-21.25,-22.375,-22.875,-23,-23,-23.25,-23.375,-24.5,-27.875,-33.5,-40.5
16/06/2023,-5.875,-6.875,-12.875,-12,-15.625,-18.25,-20.5,-21.5,-22.25,-22.375,-22.5,-22.625,-22.75,-23.875,-27.375,-33,-40
19/06/2023,-5.5,-6.625,-12.625,-12,-15.25,-17.875,-20.125,-21.125,-21.875,-22,-22.25,-22.375,-22.5,-23.5,-27,-32.5,-39.375
20/06/2023,-5.25,-6.875,-12.75,-12.25,-14.875,-17.625,-19.75,-20.875,-21.5,-21.625,-21.625,-21.75,-21.875,-22.875,-26.125,-31.5,-38
21/06/2023,-5.375,-7,-13.25,-12.5,-14.875,-17.5,-19.75,-20.875,-21.5,-21.5,-21.625,-21.75,-21.875,-23,-26.25,-31.75,-38.5
22/06/2023,-4.875,-6.75,-12.75,-12,-14.75,-17.25,-19.125,-20.25,-20.75,-20.75,-20.875,-21,-21,-22.125,-25.5,-30.75,-37.375
23/06/2023,-5,-6.5,-12.875,-12.375,-14.625,-16.75,-18.625,-19.625,-20.125,-20.125,-20.125,-20.25,-20.375,-21.25,-24.25,-29.75,-36
26/06/2023,-5.375,-6.875,-13.375,-12.75,-14.875,-17.25,-19.25,-20.25,-20.625,-20.75,-20.75,-20.875,-21,-21.75,-24.625,-30,-36.25
27/06/2023,-4.875,-6.875,-13.375,-12.75,-15.25,-17.75,-19.625,-20.625,-21.125,-21.125,-21.125,-21.25,-21.375,-22.25,-25.125,-30.375,-36.625
28/06/2023,-4.375,-6.25,-13.125,-12.75,-15.125,-17.75,-19.5,-20.5,-20.875,-21,-21,-21.125,-21.25,-22,-25,-30.25,-36.375
29/06/2023,-4.875,-14.87495,-13.25,-12.375,-15,-17.625,-19.5,-20.375,-20.875,-20.875,-20.875,-21,-21.125,-21.875,-24.75,-30,-36.125
30/06/2023,-4.25,-13.875,-12.5,-11.5,-14.25,-16.875,-18.875,-19.75,-20.25,-20.25,-20.25,-20.375,-20.5,-21.25,-24.125,-29.375,-35.625
03/07/2023,-4.25,-13.875,-12.5,-11.5,-14.25,-16.875,-18.875,-19.75,-20.25,-20.25,-20.25,-20.375,-20.5,-21.25,-24.125,-29.375,-35.625
04/07/2023,-3.875,-13.75,-12.25,-11.125,-14,-16.625,-18.375,-19.25,-19.875,-20,-20,-20,-20.125,-20.875,-23.625,-28.875,-35
05/07/2023,-4.125,-13.5,-12.25,-11.375,-14.375,-17,-18.875,-20.125,-20.5,-20.5,-20.5,-20.625,-21,-21.875,-24.875,-30.25,-36.25
06/07/2023,-5,-14.625,-13.25,-12.25,-15.25,-18,-19.875,-21,-21.5,-21.875,-21.875,-22,-22.125,-23,-26,-31.5,-38.5
07/07/2023,-5.25,-15.125,-13.625,-12.625,-15.375,-18.25,-20.25,-21.5,-22.25,-22.5,-22.5,-22.625,-22.75,-23.75,-26.75,-32.375,-38.625
10/07/2023,-5.25,-15,-13.625,-12.625,-15.375,-18.25,-20.25,-21.5,-22,-22.375,-22.375,-22.5,-22.62505,-23.625,-26.75,-32.375,-38.625
11/07/2023,-5.25,-15,-13.5,-12.5,-15.5,-18.125,-20.125,-21.375,-21.875,-22.25,-22.25,-22.25,-22.375,-23.375,-26.5,-31.87495,-38.25
12/07/2023,-5.875,-15.25,-13.5,-12.5,-15.24995,-17.875,-19.75,-20.75,-21.25,-21.5,-21.5,-21.5,-21.625,-22.625,-25.625,-31.25,-37.375
13/07/2023,-5.25,-14.25005,-13,-11.75,-14.75,-17.625,-19.5,-20.375,-20.625,-21,-21,-21,-21,-22.125,-25.125,-30.625,-37
14/07/2023,-5.25,-14.25005,-12.625,-11.75,-14.625,-17.5,-19.5,-20.5,-21,-21.25,-21.25,-21.25,-21.5,-22.5,-25.5,-31.125,-37.75
17/07/2023,-5.375,-14.25005,-12.5,-11.75,-14.625,-17.5,-19.5,-20.5,-21,-21.25,-21.375,-21.375,-21.625,-22.625,-25.75,-31.375,-38
18/07/2023,-5.375,-14.25,-12.5,-11.875,-14.75,-17.5,-19.5,-20.5,-21,-21.5,-21.62505,-21.75,-21.875,-22.875,-26,-31.625,-38.25
19/07/2023,-4.75,-13.75,-12.125,-11.5,-14.5,-17,-19,-20,-20.5,-20.875,-21,-21,-21.125,-22.125,-25.125,-31,-37.5
20/07/2023,-4.75,-13.75,-12.125,-11.625,-14.625,-17.375,-19.375,-20.625,-21.125,-21.5,-21.5,-21.5,-21.625,-22.5,-25.5,-31.375,-38
21/07/2023,-4.75,-13.5,-12.125,-11.5,-14.375,-17.125,-19.125,-20.25,-20.875,-21.25,-21.25,-21.25,-21.375,-22.25,-25.25,-31.125,-37.75
24/07/2023,-4.625,-13,-11.875,-11.375,-14.125,-17.125,-19.25,-20.375,-21,-21.375,-21.375,-21.375,-21.5,-22.375,-25.25,-31.25,-37.875
25/07/2023,-4,-12.5,-11.5,-11.25,-13.875,-16.625,-18.625,-19.75,-20.375,-20.625,-20.75,-20.875,-21,-22,-24.875,-30.625,-37.625
26/07/2023,-4.5,-12.75,-11.625,-11.375,-14,-16.625,-18.625,-19.75,-20.5,-20.75,-20.875,-21,-21.125,-22.25,-25.125,-30.875,-38.375
27/07/2023,-5.875,-12.75,-12.125,-11.375,-13.87495,-16.625,-18.625,-19.75,-20.375,-20.625,-20.75,-20.875,-21,-22,-25,-30.75,-38.25
28/07/2023,-5.9375,-13.125,-11.9375,-11.75,-14,-16.74995,-18.75,-19.875,-20.625,-21,-21.25,-21.375,-21.5,-22.625,-25.625,-31.625,-39.125
31/07/2023,-4.75,-12.75,-11.75,-11.375,-13.75,-16.5,-18.5,-19.625,-20.375,-20.75,-21,-21.25,-21.375,-22.5,-25.5,-31.5,-39
01/08/2023,-5.875,-12.625,-11.75,-11.375,-13.75,-16.5,-18.5,-19.75,-20.625,-21,-21.25,-21.5,-21.625,-22.75,-25.75,-31.875,-39.625
02/08/2023,-5.75,-12.25,-11.75,-11.375,-13.5,-16.125,-18.125,-19.375,-20.25,-20.625,-21,-21.25,-21.375,-22.25,-25.25,-31.375,-39.125
03/08/2023,-4.625,-12,-11.375,-11,-13.625,-16.25,-18.25,-19.5,-20.25,-20.75,-21.125,-21.375,-21.5,-22.5,-25.5,-31.375,-39
04/08/2023,-4.75,-12.25,-11.5,-11.25,-13.75,-16.5,-18.5,-19.75,-20.5,-20.875,-21.125,-21.5,-21.625,-22.625,-25.625,-31.62495,-39.625
07/08/2023,-4.875,-12.625,-11.625,-11.5,-14.125,-16.75,-18.75,-19.875,-20.625,-21,-21.25,-21.5,-21.625,-22.625,-25.625,-31.625,-39.75
08/08/2023,-4.625,-12.375,-11.5,-11.5,-14.125,-16.62505,-18.5,-19.625,-20.5,-20.875,-21.125,-21.375,-21.5,-22.625,-25.75,-31.625,-40
09/08/2023,-4.75,-12.5,-11.5,-11.5,-14.125,-16.75,-18.625,-19.75,-20.375,-20.75,-21,-21.25,-21.5,-22.625,-25.625,-31.62505,-39.875
10/08/2023,-4.625,-12.5,-11.5,-11.5,-14.125,-16.625,-18.5,-19.625,-20.375,-20.875,-21,-21.25,-21.5,-22.5,-25.5,-31.375,-39.625
11/08/2023,-4.25,-11.875,-11.25,-11.375,-14,-16.625,-18.5,-19.75,-20.625,-21,-21.125,-21.375,-21.5,-22.875,-25.875,-31.75,-40
14/08/2023,-4,-12,-11.25,-11.375,-14.25,-16.75,-18.625,-19.875,-20.75,-21.125,-21.25,-21.5,-21.625,-22.875,-26,-31.875,-40.125
15/08/2023,-4.25,-12.125,-11.25,-11.5,-14.375,-17,-18.875,-20.125,-21,-21.375,-21.50005,-21.75,-22,-22.875,-26,-31.875,-40.375
16/08/2023,-4.25,-12.125,-11.5,-11.75,-14.49995,-17.25,-19.125,-20.25,-21,-21.375,-21.5,-21.875,-22.125,-23,-26.125,-32,-40.375
17/08/2023,-4.25,-12.25,-11.75,-12,-14.875,-17.5,-19.375,-20.625,-21.375,-21.75,-21.875,-22.125,-22.375,-23.375,-26.375,-32.375,-40.75
18/08/2023,-4.75,-12.5,-11.75,-12.25,-15,-17.625,-19.5,-20.875,-21.5,-21.875,-22,-22.25,-22.5,-23.5,-26.5,-32.5,-41.125
21/08/2023,-5.875,-13.75,-12.875,-13,-15.375,-18.25,-20,-21.125,-21.875,-22.25,-22.375,-22.5,-22.75,-23.875,-27,-33,-41.625
22/08/2023,-6,-14.5,-13.375,-13.25,-15.375,-18,-19.875,-21.25,-21.875,-22.25,-22.5,-22.625,-22.875,-24,-27.125,-33.125,-41.75
23/08/2023,-5.625,-14.375,-13,-13,-15.25,-17.875,-19.75,-21.125,-21.75,-22.125,-22.375,-22.625,-22.875,-24,-27.125,-33.125,-41.625
24/08/2023,-5.625,-14.25,-13,-12.875,-15.25,-17.875,-19.75,-21,-21.75,-22.25,-22.625,-22.875,-23,-24.125,-27.25,-33.125,-41.75
25/08/2023,-6,-14.5,-13.147,-13.125,-15.25,-17.875,-19.875,-21.125,-21.875,-22.375,-22.625,-22.875,-23.125,-24.375,-27.5,-33.375,-42
28/08/2023,-6,-14.5,-13.147,-13.125,-15.25,-18,-20,-21.25,-22,-22.5,-22.625,-22.875,-23.125,-24.375,-27.5,-33.5,-42.25
29/08/2023,-5.75,-14.5,-13.125,-13,-15.5,-18.125,-20,-21.5,-22.25,-22.75,-23,-23.25,-23.5,-24.625,-27.75,-33.75,-42.5
30/08/2023,-4.75,-13.5,-12.375,-12.25,-15.125,-17.75,-19.5,-21,-21.875,-22.375,-22.75,-23,-23.25,-24.875,-28.25,-34.375,-43.25
31/08/2023,-4.75,-13.375,-11.875,-12.00005,-14.75,-17.375,-19.25,-20.625,-21.5,-22.125,-22.375,-22.625,-22.875,-24.625,-28.125,-34.375,-43.5
01/09/2023,-4.25,-12.625,-11.125,-11.25,-14,-16.625,-18.5,-20,-20.75,-21.375,-21.625,-21.75,-22.125,-23.75,-27.125,-33.625,-42.5
04/09/2023,-4.375,-12.625,-11.125,-11.25,-14,-16.75,-18.75,-20.125,-21.125,-21.5,-21.875,-22,-22.25,-23.75,-27.25,-33.625,-42.5
05/09/2023,-4.125,-12.625,-11.25,-11.375,-14.25,-16.875,-18.875,-20.125,-20.875,-21.375,-21.75,-22,-22.25,-23.75,-27.25,-33.5,-42.375
06/09/2023,-3.875,-12.125,-11,-11,-14,-16.75,-18.625,-19.75,-20.5,-21,-21.375,-21.625,-21.875,-23.5,-26.875,-32.875,-41.75
07/09/2023,-3,-11.5,-10.5,-10.625,-13.875,-16.625,-18.5,-19.625,-20.5,-21,-21.25,-21.5,-21.75,-23.5,-26.75,-32.75,-41.625
08/09/2023,-2,-9.875,-9.375,-9.5,-12.875,-15.75,-17.625,-19,-19.75,-20.25,-20.625,-20.875,-21,-22.5,-25.625,-31.375,-40
11/09/2023,-2.125,-10,-9.5,-9.5,-13,-16,-17.75,-19.125,-20,-20.5,-20.875,-21.125,-21.375,-22.625,-25.625,-31.25,-40
12/09/2023,-2,-9.875,-9.125,-9.125,-12.75,-15.625,-17.5,-18.875,-19.75,-20.25,-20.5,-20.625,-20.875,-22,-25.125,-30.875,-39.5
13/09/2023,-1.5,-7.5,-8,-8.5,-12.375,-15.125,-17.25,-18.5,-19.375,-19.75,-20.125,-20.375,-20.625,-22,-25,-30.625,-39
14/09/2023,-1.375,-7,-7.25,-7.75,-11.25,-14.25,-16.25,-17.625,-18.5,-18.875,-19.125,-19.375,-19.625,-20.375,-23,-28.875,-36.875
15/09/2023,-1.5,-7.25,-7.25,-7.75,-11.5,-14.625,-16.75,-18.25,-19,-19.5,-19.625,-19.875,-20.125,-21,-24,-29.5,-37.125
18/09/2023,-1.25,-6.75,-7,-7.5,-11.25,-14.5,-16.625,-18,-18.875,-19.375,-19.75,-19.875,-20,-21,-24,-29.5,-37.25
19/09/2023,-0.5,-6.5,-6.625,-7.125,-11,-14.375,-16.5,-17.875,-18.75,-19.375,-19.625,-19.875,-20,-21,-24,-29.5,-37.125
20/09/2023,0.5,-5.875,-6.125,-6.625,-10.5,-13.5,-15.75,-17.375,-18.375,-18.875,-19.125,-19.375,-19.5,-20.5,-23.625,-29.25,-37
21/09/2023,1.25,-5.25,-5.375,-6.25,-9.875,-13,-15.375,-17,-18,-18.5,-18.875,-19,-19.125,-20.25,-23.375,-29,-37
22/09/2023,0.5,-5.75,-6,-7.125,-10.25,-13.375,-15.75,-17.375,-18.5,-19,-19.375,-19.5,-19.625,-20.75,-24,-29.875,-37.875
25/09/2023,-0.625,-6.5,-6.5,-7.37505,-10.5,-13.75,-16.125,-17.875,-18.75,-19.25,-19.625,-19.875,-20,-21.125,-24.375,-30.25,-38.375
26/09/2023,-0.75,-6.5,-6.75,-7.375,-10.75,-14,-16.25,-18,-19,-19.5,-19.875,-20.125,-20.375,-21.375,-24.5,-30.375,-38.625
27/09/2023,-1.375,-7.875,-7.75,-8,-11.125,-14.375,-16.625,-18.375,-19.375,-19.875,-20.25,-20.5,-20.625,-21.625,-24.75,-30.5,-38.875
28/09/2023,-12.375,-9.375,-8.375,-8.375,-11.625,-14.875,-17.25,-19.125,-20,-20.5,-20.875,-21.125,-21.25,-22.25,-25.375,-31.125,-39.375
29/09/2023,-12.375,-9.375,-8.125,-8.125,-11.625,-14.875,-17.125,-19.125,-20,-20.375,-20.75,-20.875,-20.875,-21.75,-24.875,-30.625,-38.625
02/10/2023,-11.625,-8.625,-7.75,-7.75,-11.5,-14.625,-17,-18.875,-20,-20.5,-20.75,-20.75,-20.875,-21.875,-25,-30.625,-38.75
03/10/2023,-9.625,-7.5,-7.125,-7.25,-11.125,-14.25,-16.75,-18.625,-19.625,-20.125,-20.375,-20.625,-20.75,-21.75,-24.625,-30.25,-38.5
04/10/2023,-10.25,-8.125,-7.75,-8,-11.5,-14.75,-17.125,-18.625,-19.75,-20.25,-20.5,-20.625,-20.875,-21.875,-24.75,-30.375,-38.375
05/10/2023,-10.5,-8.125,-7.75,-8,-11.5,-15,-17.25,-19,-20,-20.5,-20.75,-21,-21.125,-22,-24.75,-30.375,-38.5
06/10/2023,-10,-8,-7.75,-8,-11.625,-14.875,-17.125,-18.875,-19.875,-20.375,-20.625,-20.75,-20.875,-21.625,-24.25,-29.875,-37.75
09/10/2023,-12.125,-8.875,-8.75,-9,-12,-15.125,-17.375,-19.125,-20.125,-20.75,-20.875,-21,-21.125,-21.75,-24.375,-30,-38
10/10/2023,-12.625,-9.5,-9,-9.125,-11.875,-15,-17.25,-19,-20,-20.375,-20.625,-20.75,-20.875,-21.5,-24,-29.5,-37.625
11/10/2023,-11.25,-8.75,-8.5,-8.625,-11.5,-14.5,-16.75,-18.375,-19.375,-19.875,-20.125,-20.25,-20.375,-20.875,-23.125,-28.75,-36.375
12/10/2023,-11.125,-8.625,-8.375,-8.625,-11.625,-14.5,-16.75,-18.375,-19.375,-19.75,-19.75,-19.875,-20,-20.5,-22.75,-27.875,-35.5
13/10/2023,-11.375,-8.875,-8.5,-9.125,-12.125,-15.125,-17.25,-18.875,-19.75,-20.125,-20.25,-20.25,-20.375,-21,-23.375,-28.25,-35.875
16/10/2023,-11.25,-8.625,-8.375,-8.75,-12.125,-15.125,-17.25,-18.625,-19.5,-19.75,-19.875,-19.875,-20,-20.5,-22.875,-27.375,-34.75
17/10/2023,-10.625,-8.125,-7.875,-8.25,-11.75,-14.5,-16.625,-18,-18.75,-19.125,-19.125,-19.25,-19.25,-19.875,-22.125,-26.5,-34.125
18/10/2023,-10.25,-8,-7.625,-7.875,-11.5,-14.5,-16.5,-17.75,-18.25,-18.5,-18.75,-18.875,-19,-19.5,-21.75,-25.875,-32.5
19/10/2023,-9.75,-7.75,-7.625,-7.75,-11.625,-14.5,-16.5,-17.75,-18.5,-18.75,-18.875,-19,-19.125,-19.875,-22.5,-27.25,-33.75
20/10/2023,-10.25,-7.875,-7.875,-8.25,-12.25,-14.875,-16.75,-18,-18.625,-19,-19.25,-19.375,-19.5,-20.25,-22.875,-27.625,-33.75
23/10/2023,-10.25,-8.375,-7.75,-8.375,-12.25,-15.125,-17.125,-18.25,-18.875,-19.125,-19.375,-19.5,-19.625,-20.375,-23,-27.75,-33.75
24/10/2023,-9.75,-7.875,-7.375,-7.875,-12.25,-15,-17.125,-18.375,-19,-19.125,-19.25,-19.375,-19.5,-20.125,-22.625,-27.375,-33.5
25/10/2023,-8.875,-7.125,-7,-7.375,-11.25,-14.25,-16.5,-18,-18.75,-18.875,-19,-19.125,-19.25,-19.875,-22.25,-27,-33.125
26/10/2023,-8.875,-7,-7,-7.5,-11.25,-14.25,-16.5,-18,-18.625,-18.875,-19,-19.125,-19.125,-19.625,-22,-26.625,-32.625
27/10/2023,-9.375,-7.25,-7.125,-7.5,-11.25,-14.25,-16.5,-18.125,-18.75,-18.875,-19,-19.125,-19.25,-19.75,-22,-26.625,-32.625
30/10/2023,-9.75,-7.5,-7.375,-7.875,-11.5,-14.625,-16.75,-18.25,-18.875,-19.125,-19.25,-19.375,-19.375,-19.875,-22.125,-26.75,-32.75
31/10/2023,-9.5,-7.5,-7.375,-7.625,-11.25,-14.5,-16.5,-18.25,-18.875,-19.125,-19.25,-19.375,-19.5,-20,-22.25,-26.75,-32.625
01/11/2023,-7.25,-5.875,-6.375,-6.875,-10.75,-14,-16.125,-17.625,-18.375,-18.5,-18.625,-18.75,-18.875,-19.375,-21.625,-25.75,-31.375
02/11/2023,-6.625,-5.25,-5.75,-6.25,-10,-13.625,-15.75,-17.25,-18,-18.25,-18.375,-18.5,-18.625,-19,-21.25,-25.25,-30.375
03/11/2023,-5.125,-4.875,-5.375,-6,-9.625,-13,-15,-16.5,-17.25,-17.5,-17.625,-17.75,-17.875,-18.375,-20.625,-24.625,-29.5
06/11/2023,-5.5,-5,-5.5,-6.125,-9.625,-12.875,-15.25,-16.87505,-17.5,-17.75,-17.875,-18,-18.125,-18.625,-21,-25,-29.875
07/11/2023,-5.75,-5.375,-5.875,-6.375,-9.75,-13,-15.5,-17.25,-18,-18.25,-18.375,-18.5,-18.625,-19.25,-21.375,-25.375,-30.375
08/11/2023,-4.875,-4.7505,-5.625,-6.25,-9.25,-12.375,-14.875,-16.5,-17.25,-17.5,-17.625,-17.75,-17.875,-18.5,-20.75,-24.5,-29.625
09/11/2023,-4.375,-4.375,-5.125,-5.875,-8.875,-12,-14.5,-16.125,-16.875,-17.125,-17.25,-17.375,-17.5,-18,-20.25,-23.875,-29
10/11/2023,-4.5,-4.5,-5.125,-5.875,-9,-12,-14.5,-16.125,-17,-17.125,-17.25,-17.375,-17.5,-18,-20.25,-23.875,-29
13/11/2023,-4.75,-4.625,-5.5,-6.125,-9,-12.125,-14.375,-16.125,-16.875,-17.125,-17.25,-17.375,-17.375,-18,-20.25,-23.875,-28.875
14/11/2023,-6.375,-5.5,-6.125,-6.5,-9,-11.75,-13.875,-15.5,-16.125,-16.375,-16.5,-16.5,-16.375,-17,-19.125,-22.75,-27.5
15/11/2023,-5.875,-5.25,-5.75,-6,-8.75,-11.5,-13.5,-14.875,-15.625,-15.875,-15.875,-15.875,-15.875,-16.25,-18.5,-22.25,-26.875
16/11/2023,-4.75,-4.375,-5.25,-5.625,-8.375,-11.25,-13.25,-14.5,-15.375,-15.625,-15.75,-15.75,-15.75,-16.25,-18.5,-22.375,-26.75
17/11/2023,-4,-4,-4.875,-5.375,-8.375,-11,-13,-14.5,-15.375,-15.625,-15.75,-15.75,-15.75,-16.375,-18.625,-22.375,-26.75
20/11/2023,-3.75,-3.75,-4.5,-4.875,-8,-10.875,-12.875,-14.5,-15.25,-15.5,-15.625,-15.625,-15.625,-16.375,-18.625,-22.5,-26.875
21/11/2023,-5,-4.5,-5,-5.375,-8.375,-11.25,-13.375,-15,-15.75,-16.125,-16.25,-16.25,-16.25,-16.875,-19.25,-23.125,-27.875
22/11/2023,-7,-5.625,-5.625,-6,-8.875,-11.625,-13.75,-15.25,-16,-16.375,-16.375,-16.375,-16.5,-17.25,-19.5,-23.875,-29
23/11/2023,-5.25,-4.5,-4.75,-5.375,-8.625,-11.5,-13.625,-15.125,-15.875,-16.125,-16.25,-16.25,-16.25,-17,-19.375,-23.75,-28.875
24/11/2023,-5.25,-4.5,-4.875,-5.625,-8.875,-11.75,-14,-15.5,-16.375,-16.625,-16.625,-16.625,-16.625,-17.375,-19.75,-24.125,-29.25
27/11/2023,-5.625,-4.625,-4.875,-5.5,-8.75,-11.75,-14.125,-15.875,-16.625,-16.875,-17,-16.99995,-17,-17.75,-20.25,-24.5,-29.625
28/11/2023,-6.125,-4.75,-5,-5.5,-8.75,-11.75,-14.25,-15.875,-16.625,-16.875,-16.875,-17,-17,-17.75,-20.125,-24.25,-29.5
29/11/2023,-5.875,-4.875,-5,-5.625,-8.875,-11.75,-14.375,-15.875,-16.625,-16.875,-16.875,-17,-17,-17.75,-20.25,-24.125,-29.25
30/11/2023,-5.125,-4.25,-4.5,-5.125,-8.25,-11.375,-14,-15.75,-16.875,-16.875,-17,-17.125,-17.125,-17.625,-20.125,-24,-28.875
01/12/2023,-5.125,-4.375,-4.75,-5.25,-8.375,-11.375,-14,-15.875,-16.75,-17,-17.125,-17.125,-17.125,-17.875,-20.25,-24,-28.875
04/12/2023,-4.5,-3.625,-4,-4.75,-7.875,-11.125,-13.5,-15.375,-16.25,-16.5,-16.5,-16.5,-16.5,-17.25,-19.75,-23.375,-28.375
05/12/2023,-4.5,-3.375,-3.875,-4.5,-7.75,-10.625,-13.25,-15.125,-16,-16.25,-16.375,-16.5,-16.5,-17.25,-19.625,-23.625,-28.5
06/12/2023,-4.375,-3.25,-3.5,-4.125,-7.25,-10,-12.625,-14.625,-15.625,-16,-16.25,-16.25,-16.25,-17,-19.375,-23.375,-28.25
07/12/2023,-4.75,-3.5,-3.75,-4.125,-6.875,-9.625,-12.25,-14.125,-15.125,-15.5,-15.75,-15.75,-15.75,-16.5,-19,-23.125,-27.625
08/12/2023,-4.5,-3.375,-3.5,-4,-6.625,-9.25,-11.5,-13.375,-14.75,-15.125,-15.25,-15.375,-15.5,-16.125,-18.625,-22.75,-27.75
11/12/2023,-4.375,-3.375,-3.375,-3.875,-6.5,-9,-11.375,-13.125,-14.375,-14.625,-14.875,-15.125,-15.25,-16,-18.75,-23.375,-28.5
12/12/2023,-5.25,-3.625,-3.625,-3.875,-6.5,-9,-11.25,-12.875,-14.125,-14.625,-15,-15.125,-15.375,-16.125,-18.75,-23.375,-28.5
13/12/2023,-4.25,-2.875,-3,-3.5,-6,-8.375,-10.875,-12.5,-13.75,-14.25,-14.5,-14.625,-14.75,-15.5,-18,-22.625,-27.375
14/12/2023,-3.25,-2.375,-2.5,-2.875,-5.5,-8.25,-10.5,-12.25,-13.375,-13.875,-14.125,-14.25,-14.375,-15.125,-17.625,-22.25,-27.25
15/12/2023,-2.5,-1.875,-2.25,-2.75,-5.625,-8.125,-10.5,-12.125,-13.375,-13.75,-14.125,-14.25,-14.375,-15.125,-17.625,-22.25,-27
18/12/2023,-0.625,-0.625,-1.125,-2,-5.25,-7.875,-10.25,-12,-13.25,-13.5,-13.875,-14.125,-14.25,-14.875,-17.375,-22,-26.875
19/12/2023,0.25,0,-0.375,-0.625,-4.25,-7,-9.375,-11.125,-12.5,-12.875,-13.25,-13.5,-13.625,-14.375,-16.875,-21.625,-26.375
20/12/2023,1.125,0.875,0.375,-0.125,-3.75,-6.75,-9.125,-11,-12.125,-12.625,-12.875,-13,-13.125,-14,-16.25,-20.75,-25.625
21/12/2023,0.625,0.625,0.625,-0.375,-3.75,-6.875,-9.25,-11.25,-12.375,-12.875,-13.25,-13.5,-13.625,-14.25,-16.75,-21.25,-26.125
22/12/2023,0.5,0.5,0.5,-0.375,-3.75,-6.875,-9.25,-11.25,-12.375,-12.875,-13.125,-13.375,-13.625,-14.375,-16.625,-21.25,-26.5
26/12/2023,0.5,0.375,0.25,-0.375,-3.625,-6.875,-9.375,-11.375,-12.5,-12.875,-13.125,-13.375,-13.625,-14.375,-16.75,-21.75,-26.5
27/12/2023,1.25,1,0.75,0.125,-3.5,-6.75,-9.25,-11.25,-12.375,-12.875,-13.125,-13.375,-13.5,-14.25,-16.75,-21.625,-26.375
28/12/2023,2.5,1.75,0.875,0.125,-3.5,-6.75,-9.25,-11.25,-12.5,-12.875,-13.125,-13.375,-13.5,-14.25,-16.75,-21.625,-26.375
29/12/2023,3,2.5,1.75,0,-3.5,-6.75,-9.25,-11.25,-12.5,-12.875,-13.25,-13.5,-13.75,-14.25,-16.75,-21.625,-26.375
02/01/2024,0,0.25,0.375,-1.25,-5.375,-8.875,-11.375,-13.625,-14.625,-14.875,-15.125,-15.25,-15.375,-16.125,-18.25,-22.875,-27.75
03/01/2024,-0.375,-0.625,-0.625,-2.25,-6,-9.5,-12.125,-14.125,-15.25,-15.625,-15.875,-16.125,-16.375,-17,-19,-23.5,-28.375
04/01/2024,-0.125,-0.25,-0.375,-2.25,-6.125,-9.5,-12,-14,-15.25,-15.75,-15.875,-16,-16.25,-16.875,-18.75,-23.375,-28.25
05/01/2024,-0.5,-0.625,-0.75,-3.125,-7,-9.875,-12.5,-14.5,-16,-16.5,-16.625,-16.75,-17,-17.75,-19.875,-24.625,-29.75
08/01/2024,0,-0.625,-0.875,-3,-6.5,-9.5,-12.25,-14.25,-15.625,-16.125,-16.25,-16.375,-16.625,-17.375,-19.5,-24.25,-29.125
09/01/2024,0.375,-0.125,-0.375,-2.625,-6.125,-9,-11.75,-13.75,-15.125,-15.625,-15.875,-16.125,-16.5,-17.125,-19.25,-23.875,-28.75
10/01/2024,0,-0.625,-0.875,-3.25,-6.5,-9.625,-12.25,-14.25,-15.49995,-16,-16.5,-16.75,-16.875,-17.5,-19.75,-24.375,-29.25
11/01/2024,0,-0.5,-0.75,-3,-6.375,-9.375,-12,-13.875,-15.125,-15.75,-16.25,-16.375,-16.5,-17.125,-19.375,-23.75,-28.25
12/01/2024,-0.375,-0.75,-1,-3.125,-6.5,-9.5,-12,-13.875,-15.25,-15.875,-16.25,-16.375,-16.5,-17.125,-19.375,-23.625,-28.375
15/01/2024,-0.5,-0.625,-0.875,-3.25,-6.5,-9.5,-11.875,-13.75,-15.25,-15.875,-16.125,-16.25,-16.375,-17,-19.25,-23.375,-28.125
16/01/2024,-1.125,-1.125,-1.25,-3.5,-6.5,-9.5,-12,-13.875,-15.125,-15.75,-16,-16.125,-16.25,-16.75,-18.875,-23,-27.75
17/01/2024,-1.5,-1.375,-1.5,-3.625,-6.375,-9.375,-11.75,-13.625,-14.75,-15.25,-15.625,-15.875,-16,-16.5,-18.5,-22.875,-27.375
18/01/2024,-1.125,-1,-1.25,-3.5,-6.25,-9.25,-11.625,-13.375,-14.5,-15.125,-15.375,-15.625,-15.75,-16.25,-18.375,-22.75,-27.5
19/01/2024,-0.625,-0.5,-0.625,-3.125,-5.875,-8.625,-11,-12.875,-13.875,-14.625,-14.875,-15,-15.125,-15.625,-17.625,-22,-26.875
22/01/2024,-0.375,-0.5,-0.625,-3.125,-5.875,-8.625,-11,-12.875,-14.125,-14.625,-14.875,-15,-15.25,-15.75,-17.75,-22.125,-27
23/01/2024,-0.75,-0.625,-0.75,-3.375,-5.875,-8.5,-10.875,-12.75,-13.875,-14.5,-14.75,-14.875,-14.875,-15.375,-17.375,-21.75,-26.5
24/01/2024,-0.375,-0.5,-0.875,-3.5,-5.875,-8.5,-10.875,-12.625,-13.75,-14.375,-14.625,-14.75,-14.875,-15.375,-17.25,-21.625,-26.5
25/01/2024,-0.5,-0.5,-1,-3.625,-5.875,-8.25,-10.5,-12.25,-13.25,-13.75,-14,-14.25,-14.5,-14.75,-16.75,-20.875,-25.25
26/01/2024,-0.5,-0.5,-1,-3.5,-5.875,-8.25,-10.375,-12.25,-13.25,-13.75,-14,-14.125,-14.25,-14.625,-16.5,-20.5,-24.875
29/01/2024,-0.625,-0.625,-1.125,-3.75,-6,-8.375,-10.5,-12.25,-13.25,-13.75,-14,-14.125,-14.25,-14.625,-16.5,-20.5,-24.875
30/01/2024,-0.875,-1.125,-1.125,-3.75,-6,-8.25,-10.5,-12.25,-13.25,-13.625,-13.875,-14,-14.125,-14.5,-16,-19.75,-24
31/01/2024,-5.5,-3.875,-3.625,-5,-7.125,-9.125,-11.125,-12.875,-13.875,-14.25,-14.375,-14.5,-14.625,-15,-16.375,-20.125,-24.25
01/02/2024,-4.5,-4,-3.75,-5.125,-7.125,-9.125,-11.625,-13.25,-14.125,-14.5,-14.625,-14.75,-14.75,-15.25,-16.75,-20.75,-24.5
02/02/2024,-3.75,-3.625,-3.5,-5.25,-7.25,-9.25,-11.25,-13,-14,-14.375,-14.625,-14.75,-14.75,-15.125,-16.625,-20.5,-24.5
05/02/2024,-2.5,-2.375,-2.625,-4.75,-6.875,-9.125,-11.25,-12.875,-13.875,-14.25,-14.375,-14.625,-14.625,-15.125,-16.625,-20.5,-24.5
06/02/2024,-1.75,-1.875,-2.5,-4.375,-6.75,-8.875,-11,-12.625,-13.75,-14.125,-14.375,-14.5,-14.62495,-15.25,-16.75,-20.625,-24.5
07/02/2024,-2.125,-2.375,-2.75,-5.125,-7.5,-9.625,-11.5,-13.375,-14.375,-14.875,-15,-15.125,-15.25,-15.875,-17.75,-21.75,-25.75
08/02/2024,-1.875,-2.25,-2.625,-4.875,-7.25,-9.5,-11.5,-13.375,-14.375,-14.875,-15,-15.125,-15.25,-15.75,-17.75,-21.625,-25.625
09/02/2024,-1.75,-2.125,-2.625,-5,-7.25,-9.5,-11.5,-13.125,-14.25,-14.625,-14.75,-14.875,-15,-15.625,-17.5,-21.375,-25.25
12/02/2024,-1.75,-2.125,-2.49995,-4.625,-7.25,-9.5,-11.5,-13.125,-14.25,-14.625,-14.75,-14.875,-15,-15.625,-17.5,-21.375,-25.25
13/02/2024,-1.75,-2.24995,-2.625,-4.875,-7.375,-9.5,-11.5,-13,-14.125,-14.5,-14.75,-14.875,-15,-15.625,-17.5,-21.375,-25.375
14/02/2024,-1.875,-2.375,-2.75,-4.875,-7.375,-9.5,-11.625,-13.125,-14.25,-14.75,-15,-15.125,-15.25,-15.875,-17.75,-21.625,-25.875
15/02/2024,-1.625,-2.125,-2.5,-4.875,-7.25,-9.5,-11.625,-13.125,-14.375,-14.75,-15,-15.125,-15.25,-16,-18,-22,-26.25
16/02/2024,-1.625,-2,-2.5,-4.75,-7.25,-9.5,-11.5,-13.125,-14.25,-14.75,-14.875,-15,-15.125,-15.75,-17.75,-21.75,-26.125
19/02/2024,-1.625,-2.125,-2.49995,-4.875,-7.25,-9.5,-11.5,-13.125,-14.375,-14.75,-14.875,-15,-15.125,-15.75,-17.75,-21.75,-26.125
20/02/2024,-1.25,-2.125,-2.375,-4.875,-7.125,-9.375,-11.375,-13,-14.25,-14.5,-14.625,-14.75,-14.875,-15.5,-17.5,-21.5,-25.75
21/02/2024,-1.375,-1.875,-2.25,-4.75,-7,-9.125,-11,-12.625,-13.75,-14.25,-14.375,-14.5,-14.5,-15.125,-17,-21,-25.375
22/02/2024,-1.5,-2,-2.375,-4.375,-6.625,-8.625,-10.5,-12.125,-13.25,-13.75,-13.875,-14,-14.125,-14.75,-16.625,-20.5,-24.875
23/02/2024,-1.5,-1.875,-2.25,-4.25,-6.375,-8.5,-10.5,-12.125,-13.25,-13.75,-13.875,-14,-14.125,-14.75,-16.75,-20.875,-25.125
26/02/2024,-1.5,-1.75,-2.125,-4.125,-6.25,-8.375,-10.375,-12,-13.125,-13.625,-13.75,-13.875,-14,-14.625,-16.625,-20.75,-25.25
27/02/2024,-1.375,-1.625,-2.125,-4,-6,-7.875,-10,-11.5,-12.625,-13,-13.25,-13.375,-13.375,-14.125,-16.125,-20.25,-25
28/02/2024,-1.125,-1.625,-2,-4,-5.75,-7.75,-9.75,-11.25,-12.375,-12.875,-13,-13.125,-13.25,-14,-16,-20.125,-24.875
29/02/2024,-0.875,-1.375,-1.75,-3.875,-5.625,-7.5,-9.375,-11,-12.125,-12.625,-12.875,-13,-13.125,-13.875,-15.875,-20,-24.875
01/03/2024,-1.625,-2.25,-2.125,-4.375,-6,-7.75,-9.625,-11.125,-12.375,-12.875,-13,-13.125,-13.25,-14,-16.125,-20.25,-24.875
04/03/2024,-1.625,-2,-2.375,-4.375,-6,-7.75,-9.625,-11.125,-12.375,-12.875,-13,-13.125,-13.25,-14.125,-16.125,-20.25,-24.875
05/03/2024,-1.875,-2.125,-2.625,-4.75,-6.125,-7.75,-9.625,-11.125,-12.375,-12.75,-12.875,-13,-13,-14,-15.875,-20,-24.75
06/03/2024,-1.75,-2,-2.5,-4.5,-6,-7.75005,-9.5,-11,-12.125,-12.5,-12.75,-12.875,-12.875,-13.5,-15.5,-19.5,-24.125
07/03/2024,-0.85,-1.5,-1.875,-4.125,-5.875,-7.375,-9,-10.5,-11.625,-12.125,-12.25,-12.375,-12.5,-13.125,-15.125,-19.125,-23.75
08/03/2024,-1,-1.5,-2,-4,-5.625,-7.125,-8.875,-10.375,-11.5,-11.875,-12,-12.125,-12.25,-12.875,-14.875,-18.875,-23.5
11/03/2024,-0.875,-1.37495,-1.875,-3.875,-5.5,-7.125,-8.625,-10.125,-11.25,-11.625,-11.75,-11.875,-12,-12.625,-14.625,-18.625,-23.25
12/03/2024,-1.25,-1.5,-2.125,-4.125,-5.625,-7.25,-8.875,-10.25,-11.375,-11.875,-12,-12.125,-12.25,-12.875,-14.875,-18.875,-23.5
13/03/2024,-1.125,-1.5,-2,-4,-5.375,-7.125,-8.875,-10.375,-11.625,-12.125,-12.25,-12.375,-12.5,-13.125,-15.125,-19.125,-23.625
14/03/2024,-1,-1.375,-2,-4,-5.5,-7.125,-8.75,-10.5,-11.625,-12.125,-12.25,-12.375,-12.5,-13.125,-15.125,-19.125,-23.75
15/03/2024,-1,-1.375,-1.875,-3.875,-5.375,-6.875,-8.5,-10,-11,-11.75,-12,-12.125,-12.25,-13,-15,-19,-23.5
18/03/2024,-0.5,-0.875,-1.625,-3.75,-5.375,-7.125,-8.75,-10.25,-11.375,-11.875,-12.125,-12.25,-12.5,-13.125,-15.25,-19.25,-23.75
19/03/2024,0.25,-0.125,-1.125,-3.375,-5.25,-7,-8.625,-10.125,-11.375,-11.875,-12.125,-12.25,-12.5,-13.125,-15.125,-19.125,-23.75
20/03/2024,1.25,0.625,-0.5,-2.625,-4.625,-6.5,-8.125,-9.625,-10.875,-11.375,-11.5,-11.875,-12,-12.75,-14.875,-18.875,-23.625
21/03/2024,1.25,0.5,-0.125,-2.5,-4.25,-6.125,-7.75,-9.375,-10.5,-11.125,-11.375,-11.5,-11.875,-12.75,-15,-19.125,-24.125
22/03/2024,1.125,0.375,-0.25,-2.625,-4.25,-6,-7.625,-9.125,-10.375,-11,-11.125,-11.375,-11.625,-12.5,-14.875,-19,-24.25
25/03/2024,0.875,0.125,-0.25,-2.625,-4.25,-6,-7.5,-9,-10.125,-10.625,-11,-11.25,-11.5,-12.375,-14.75,-19,-24.375
26/03/2024,1.125,0.5,-0.125,-2.375,-3.875,-5.375,-6.875,-8.375,-9.5,-10.125,-10.375,-10.625,-10.875,-11.75,-14.125,-18.375,-24
27/03/2024,0.75,0.625,-1.875,-2,-3.625,-5,-6.25,-7.75,-8.75,-9.5,-9.875,-10.125,-10.375,-11.375,-13.875,-18.375,-24
28/03/2024,1,0.875,-1.625,-1.875,-3.5,-5,-6.375,-7.875,-9,-9.625,-10,-10.25,-10.75,-11.625,-14.125,-18.625,-24.5
29/03/2024,1,0.625,-1.625,-1.875,-3.5,-5,-6.375,-7.75,-9,-9.625,-10,-10.25,-10.625,-11.5,-14,-18.5,-24.375
01/04/2024,1,0.625,-1.625,-1.875,-3.5,-5,-6.375,-7.75,-9,-9.625,-10,-10.25,-10.625,-11.5,-14,-18.5,-24.375
02/04/2024,0.75,0.625,-1.625,-1.75,-3.25,-4.625,-6.125,-7.5,-8.625,-9.25,-9.625,-9.875,-10.125,-11.125,-13.5,-18.00005,-24
03/04/2024,0.5,0.375,-1.75,-1.875,-3.25,-4.625,-6.125,-7.625,-8.75,-9.25,-9.5,-9.875,-10,-10.875,-13.25,-17.625,-23.625
04/04/2024,0.5,0.375,-2.125,-1.75,-3.25,-4.75,-6.25,-7.75,-8.875,-9.375,-9.625,-10,-10.125,-11,-13.375,-17.5,-23.5
05/04/2024,-0.25,0.125,-2.25,-2.25,-3.5,-5,-6.5,-8,-9,-9.625,-9.75,-10.125,-10.25,-11.125,-13.625,-17.75,-23.75
08/04/2024,-0.875,-0.25,-2.875,-2.75,-3.875,-5.25,-6.75,-8.25,-9.25,-9.875,-10.125,-10.375,-10.5,-11.375,-13.75,-18,-24.125
09/04/2024,-0.75,-0.625,-2.875,-2.625,-3.625,-5.125,-6.625,-8,-9,-9.625,-9.875,-10.125,-10.25,-11.125,-13.625,-17.75,-23.875
10/04/2024,-1.125,-0.625,-3.125,-2.875,-3.875,-5.375,-6.875,-8.25,-9.25,-9.875,-10.125,-10.25,-10.5,-11.25,-13.75,-18,-24.25
11/04/2024,-0.875,-0.75,-3.125,-3,-4.25,-5.75,-7.25,-8.5,-9.5,-10.125,-10.25,-10.5,-10.625,-11.5,-14,-18.375,-24.625
12/04/2024,-1.75,-1.625,-4,-3.875,-5.125,-6.5,-7.875,-9.125,-10,-10.5,-10.75,-10.875,-11.125,-12,-14.375,-18.75,-24.875
15/04/2024,-1.5,-1.25,-3.375,-3.25,-4.75,-6.25,-7.75,-8.75,-9.75,-10.375,-10.5,-10.75,-11,-11.875,-14.125,-18.5,-24.625
16/04/2024,-2.375,-2,-4.25,-3.75,-5,-6.375,-7.625,-8.625,-9.625,-10.125,-10.375,-10.625,-10.75,-11.5,-14,-18.5,-25
17/04/2024,-2.375,-2,-4.25,-3.75,-4.75,-6.25,-7.625,-8.75,-9.625,-10,-10.375,-10.625,-10.75,-11.5,-14,-18.5,-25.125
18/04/2024,-1.875,-1.75,-4.375,-3.875,-5,-6.375,-7.75,-8.875,-9.625,-10,-10.25,-10.5,-10.875,-11.5,-14,-18.5,-25
19/04/2024,-1.75,-1.875,-4.375,-4,-5.125,-6.5,-7.875,-9.125,-9.875,-10.25,-10.5,-10.75,-10.875,-11.625,-14,-18.5,-25
22/04/2024,-1,-1.25,-4,-3.75,-5,-6.5,-7.875,-9.125,-10,-10.5,-10.75,-11,-11.125,-11.75,-14.125,-18.5,-25
23/04/2024,0.5,-0.25,-3.25,-3.125,-5,-6.375,-7.875,-9.125,-10,-10.375,-10.625,-10.875,-11,-11.625,-14,-18.375,-24.875
24/04/2024,1,0.25,-3,-3.125,-4.875,-6.25,-7.75,-9.125,-9.75,-10.25,-10.5,-10.75,-10.875,-11.5,-13.875,-18.25,-24.625
25/04/2024,1.125,0.375,-2.75,-2.75,-4.5,-6,-7.75,-8.875,-9.5,-10,-10.375,-10.5,-10.625,-11.25,-13.625,-18,-24.25
26/04/2024,1.25,0.375,-2.875,-3,-4.375,-5.875,-7.375,-8.625,-9.375,-9.875,-10.25,-10.375,-10.5,-11.125,-13.375,-17.875,-24.125
29/04/2024,1.5,0.75,-2.375,-2.125,-4.25,-5.75,-7.375,-8.75,-9.5,-10,-10.25,-10.5,-10.625,-11.25,-13.625,-18.125,-24.375
30/04/2024,1.25,0.875,-2.125,-2,-3.875,-5.625,-7.375,-8.875,-9.625,-10.125,-10.5,-10.75,-10.875,-11.5,-13.75,-18.125,-24.5
01/05/2024,1.25,1,-1.875,-1.875,-3.75,-5.75,-7.375,-9,-9.625,-10.125,-10.5,-10.75,-10.875,-11.5,-13.75,-17.875,-24.25
02/05/2024,1.625,1.5,-1.5,-1.5,-3.375,-5.375,-7.125,-8.625,-9.5,-10,-10.375,-10.625,-10.75,-11.25,-13.375,-17.75,-24
03/05/2024,1.25,1.375,-1.375,-1.375,-3.25,-5.25,-6.875,-8.25,-9.125,-9.625,-10,-10.25,-10.375,-10.875,-13,-17.375,-23.625
06/05/2024,1.25,1.25,-1.5,-1.5,-3.375,-5.25,-6.875,-8.25,-9.125,-9.625,-10,-10.25,-10.375,-10.875,-13,-17.375,-23.625
07/05/2024,0.875,0.75,-1.625,-1.625,-3.375,-5.25,-6.875,-8.25,-9.125,-9.625,-10.125,-10.25,-10.375,-10.875,-13,-17.25,-23.5
08/05/2024,0.625,0.625,-1.625,-1.625,-3.5,-5.25,-6.875,-8.125,-9.125,-9.75,-10.25,-10.375,-10.625,-11.25,-13.375,-17.625,-23.875
09/05/2024,0.625,0.625,-1.625,-1.75,-3.5,-5.25,-7,-8.25,-9.25,-9.875,-10.375,-10.625,-10.875,-11.5,-13.75,-18.25,-24.75
10/05/2024,0.875,0.875,-1.5,-1.5,-3.5,-5.25,-6.875,-8.25,-9.25,-9.875,-10.25,-10.375,-10.625,-11.25,-13.625,-17.875,-24.5
13/05/2024,1.5,1.25,-1.125,-1.125,-3,-4.75,-6.375,-7.5,-8.625,-9.125,-9.625,-9.875,-10.125,-10.875,-13.125,-17.625,-24.25
14/05/2024,1.5,1.25,-1.125,-1.125,-2.75,-4.625,-6.25,-7.625,-8.75,-9.25,-9.875,-10.125,-10.375,-11,-13.25,-17.5,-24.25
15/05/2024,2.375,2,-0.25,-0.375,-2.25,-4.25,-6,-7.375,-8.25,-9,-9.5,-9.75,-10,-10.75,-12.875,-17.25,-24
16/05/2024,2.75,2.625,0.375,0.25,-1.5,-3.75,-5.375,-6.75,-7.875,-8.625,-9.125,-9.375,-9.625,-10.25,-12.375,-16.75,-23.375
17/05/2024,3.625,3.375,1.25,1.25,-0.75,-3.125,-4.875,-6.375,-7.5,-8.25,-8.875,-9,-9.25,-9.875,-12,-16.375,-23
20/05/2024,3.625,3.25,1.5,1.375,-0.25,-2.625,-4.625,-5.875,-7.125,-8,-8.5,-8.75,-9,-9.625,-11.75,-16.125,-22.75
21/05/2024,2.25,2.25,0.75,0.75,-0.5,-2.625,-4.5,-5.875,-7,-7.75,-8.25,-8.5,-8.75,-9.5,-11.75,-16.25,-22.875
22/05/2024,2.375,2.375,0.875,0.75,-0.5,-2.5,-4.375,-5.875,-7,-7.75,-8.125,-8.375,-8.625,-9.375,-11.75,-16.25,-22.875
23/05/2024,3,2.875,1.375,1.25,0,-2,-3.875,-5.125,-6.375,-7,-7.5,-7.75,-8,-9,-11.25,-15.875,-22.75
24/05/2024,3.125,3,1.5,1.375,0.25,-1.875,-3.75,-5,-6.125,-6.875,-7.375,-7.625,-7.875,-8.75,-11.125,-15.625,-22.25
27/05/2024,3.125,3,1.5,1.375,0.25,-1.875,-3.75,-5,-6.125,-6.875,-7.25,-7.5,-7.75,-8.625,-11,-15.625,-22.125
28/05/2024,2.875,2.75,1.375,1.375,0.25,-1.5,-3.375,-4.875,-5.875,-6.625,-7.25,-7.5,-7.875,-8.625,-11,-15.625,-22.375
29/05/2024,2.125,2.5,1.5,1.625,0.5,-1.25,-3.25,-4.625,-5.875,-6.625,-7.25,-7.5,-7.75,-8.5,-10.875,-15.625,-22.5
30/05/2024,2.625,2.75,2,2,0.875,-0.875,-2.875,-4.25,-5.25,-6.25,-6.875,-7.25,-7.5,-8.25,-10.625,-15.375,-22.25
31/05/2024,3,3,2.25,2.5,1.375,-0.375,-2.125,-3.625,-4.75,-5.625,-6.25,-6.625,-6.75,-7.75,-10.125,-14.875,-22
03/06/2024,3.125,3,2.125,2.25,1.25,-0.5,-2.375,-3.875,-5,-5.75,-6.375,-6.625,-6.75,-7.75,-10.125,-14.875,-22.125
04/06/2024,2.375,2.25,1.75,1.75,1.125,-0.625,-2.25,-3.75,-4.875,-5.5,-6.125,-6.375,-6.625,-7.625,-10,-14.625,-21.75
05/06/2024,2.375,2.375,1.875,1.875,1.25,-0.25,-1.875,-3.375,-4.5,-5.125,-5.625,-6,-6.25,-7.25,-9.5,-14.25,-21.375
06/06/2024,2.5,2.5,1.875,2,1.25,0.125,-1.25,-2.25,-3.25,-4,-4.5,-4.875,-5.125,-6.125,-8.375,-12.875,-20
07/06/2024,2.125,2.125,1.5,1.75,1.125,0.125,-1.125,-2.125,-3,-3.625,-4.125,-4.5,-4.75,-5.75,-8,-12.5,-19.625
10/06/2024,2.25,1.875,1.5,1.5,0.875,-0.25,-1,-2,-2.75,-3.375,-3.875,-4.125,-4.375,-5.5,-7.75,-12.125,-19.375
11/06/2024,1.375,1.5,1.125,0.875,0.125,-0.875,-1.875,-2.875,-3.5,-4.25,-4.5,-4.875,-5.125,-6.12495,-8.375,-12.75,-20
12/06/2024,2.125,2.125,1.75,1.625,0.5,-0.375,-1.25,-2.25,-3,-3.5,-3.875,-4.125,-4.375,-5.375,-7.625,-12.125,-19.375
13/06/2024,2.375,2.25,1.625,1.5,0.25,-0.625,-1.5,-2.375,-3.125,-3.625,-4,-4.25,-4.375,-5.5,-7.875,-12.375,-19.5
14/06/2024,0.875,1,0.375,0.375,-1.375,-2.375,-3.5,-4.375,-5,-5.5,-5.875,-6.25,-6.5,-7.375,-9.625,-14.375,-21.5
17/06/2024,2.125,2,1.5,1.375,-0.25,-1.5,-2.375,-3.125,-3.75,-4.25,-4.625,-5,-5.25,-6.25,-8.375,-12.875,-19.75
18/06/2024,3,2.875,2.5,2.125,0.5,-0.625,-1.625,-2.625,-3.375,-3.75,-4.125,-4.375,-4.625,-5.5,-7.75,-12.375,-19.125
19/06/2024,2.375,2.375,2,1.875,0.25,-1.125,-2.25,-3.25,-3.875,-4.375,-4.75,-5,-5.25,-6,-8.25,-12.875,-19.75
20/06/2024,2.5,2.25,1.75,1.5,-0.125,-1.25,-2.375,-3.25,-3.875,-4.375,-4.75,-5,-5.25,-6.125,-8.25,-12.875,-19.875
21/06/2024,2.125,2,1.5,1.25,-0.5,-1.625,-2.75,-3.75,-4.5,-4.875,-5.25,-5.5,-5.75,-6.625,-8.75,-13.375,-21.25
24/06/2024,1.75,1.375,1,0.75,-1.125,-2.25,-3.375,-4.25,-5,-5.5,-5.75,-6,-6.25,-7.125,-9.5,-14.25,-21.75
25/06/2024,2,1.625,1.125,0.875,-0.875,-2,-3.125,-4.125,-4.875,-5.375,-5.625,-5.875,-6.125,-6.875,-9.25,-14,-21.625
26/06/2024,1.875,1.875,1.25,1,-1,-2.25,-3.5,-4.375,-5.25,-5.75,-5.875,-6.25,-6.5,-7.5,-10,-14.75,-22.375
27/06/2024,1.625,1.125,1,0.5,-2.125,-3,-4.375,-5.375,-6.125,-6.5,-6.75,-7.125,-7.375,-8.875,-11.75,-16.625,-24.125
28/06/2024,0.375,0.375,0.25,-0.125,-2.375,-3.875,-5.125,-6,-6.75,-7.25,-7.5,-7.75,-8,-9.625,-12.75,-17.375,-25
01/07/2024,1.5,0.875,0.875,0.75,-1.5,-2.875,-4.5,-5.75,-6.5,-6.875,-7.25,-7.5,-7.75,-9.125,-12.125,-17.375,-25.375
02/07/2024,1.5,1.125,0.875,0.625,-1.125,-2.625,-4.25,-5.375,-6.25,-6.5,-6.875,-7.125,-7.375,-8.75,-11.875,-17.125,-25
03/07/2024,1.5,1.125,0.875,0.75,-1,-2.5,-4.125,-5.125,-5.875,-6.25,-6.625,-6.875,-7.125,-8.25,-11.125,-16.375,-24.25
04/07/2024,1.375,1,0.75,0.625,-1.125,-2.75,-4.25,-5.25,-6,-6.5,-6.875,-7.125,-7.375,-8.375,-11.25,-16.5,-24.375
05/07/2024,1.375,1,0.375,0.375,-1.375,-3,-4.5,-5.625,-6.375,-6.75,-7.125,-7.375,-7.625,-8.625,-11.625,-17,-25.25
08/07/2024,1.75,1.25,0.875,0.75,-1.125,-2.875,-4.25,-5.5,-6.25,-6.625,-6.875,-7.125,-7.5,-8.5,-11.5,-16.875,-25
09/07/2024,2.125,1.5,1.25,1.125,-0.25,-1.875,-3.375,-4.5,-5.375,-5.75,-6,-6.375,-6.625,-7.75,-10.75,-16,-24.375
10/07/2024,2.375,1.75,1.125,1,-0.25,-1.625,-3.125,-4.25,-5,-5.5,-5.875,-6.125,-6.25,-7.375,-10.375,-15.75,-23.75
11/07/2024,2.75,2,1.5,1.375,0.125,-1.125,-2.5,-3.625,-4.375,-4.875,-5.25,-5.5,-5.625,-6.875,-9.75,-15.125,-23
12/07/2024,2.875,2.125,1.625,1.5,0.25,-1,-2.25,-3.5,-4.25,-4.75,-5.125,-5.375,-5.5,-6.75,-9.625,-14.875,-22.875
15/07/2024,2.125,1.625,1.25,1.25,0.25,-1,-2.25,-3.5,-4.25,-4.75,-5.125,-5.375,-5.5,-6.75,-9.625,-14.875,-22.875
16/07/2024,2.375,1.75,1.25,1.25,0.125,-1.25,-2.5,-3.625,-4.5,-5,-5.375,-5.625,-5.875,-7,-10,-15.125,-23.125
17/07/2024,2.25,1.625,1.125,1.125,0.125,-1.125,-2.25,-3.25,-4.125,-4.625,-5,-5.25,-5.5,-6.625,-9.5,-14.75,-22.75
18/07/2024,2.25,1.625,1,1,0,-1.125,-2.25,-3.375,-4.125,-4.625,-5,-5.375,-5.625,-6.625,-9.5,-14.625,-22.625
19/07/2024,2.25,1.625,1.125,1.125,0,-1.125,-2.25,-3.375,-4.125,-4.625,-5,-5.375,-5.75,-6.75,-9.625,-14.75,-22.75
22/07/2024,2.25,1.625,1.125,1,0,-1.125,-2.25,-3.25,-4.125,-4.625,-5,-5.375,-5.625,-6.625,-9.5,-14.75,-22.75
23/07/2024,2.25,1.75,1.25,1.125,0.125,-1.12505,-2.25,-3.375,-4.125,-4.625,-5,-5.25,-5.625,-6.5,-9.25,-14.5,-22.375
24/07/2024,2.25,1.625,1.25,1,0.125,-1.125,-2.375,-3.375,-4.125,-4.625,-5,-5.375,-5.75,-6.625,-9.25,-14.375,-21.875
25/07/2024,1.875,1.25,0.75,0.375,-0.25,-1.625,-3,-4,-4.75,-5.25,-5.625,-6,-6.25,-7.125,-9.75,-14.75,-22.25
26/07/2024,1.875,1.25,0.875,0.625,-0.5,-1.625,-3,-4,-4.75,-5.25,-5.625,-6,-6.25,-7.125,-9.625,-14.625,-22
29/07/2024,1.875,1.25,0.875,0.75,-0.5,-1.75,-3,-4,-4.75,-5.25,-5.75,-6.125,-6.375,-7.25,-9.875,-15,-22.25
30/07/2024,2.375,1.75,1.375,1,-0.375,-1.5,-2.75,-3.75,-4.5,-5,-5.375,-5.75,-6.125,-7,-9.625,-14.625,-21.875
31/07/2024,2.25,1.625,1.375,1,-0.375,-1.75,-3,-3.875,-4.625,-5.125,-5.5,-5.75,-6.125,-7,-9.625,-14.625,-21.625
01/08/2024,2.25,1.625,1.375,1,-0.5,-1.75,-3,-4,-4.75,-5.25,-5.625,-6,-6.375,-7.125,-9.75,-14.75,-21.875
02/08/2024,0.75,0.75,0.625,0.125,-1.25,-2.5,-3.75,-4.75,-5.375,-5.875,-6.25,-6.625,-7,-7.75,-10.375,-15.25,-22.375
05/08/2024,0.5,0.375,0.125,-0.375,-1.75,-3.375,-4.5,-5.5,-6.25,-6.75,-7.25,-7.625,-8,-8.75,-11.5,-16.75,-23.875
06/08/2024,1.25,0.75,0.375,0.25,-1.75,-3.25,-4.375,-5.5,-6.25,-6.625,-7.125,-7.625,-8,-9,-12,-17.25,-24.875
07/08/2024,1.875,1.5,0.75,0.5,-1.5,-3,-4.5,-5.625,-6.375,-7,-7.375,-7.75,-8.125,-9.25,-12.25,-17.625,-25.375
08/08/2024,2,1.625,0.875,0.5,-1.5,-3.25,-4.5,-5.625,-6.625,-7.125,-7.625,-8,-8.375,-9.5,-12.5,-17.75,-25.625
09/08/2024,2,1.5,0.875,0.5,-1.625,-3.25,-4.625,-5.75,-6.75,-7.25,-7.75,-8.12505,-8.625,-9.75,-12.75,-18.125,-26.125
12/08/2024,2.125,1.625,1,0.5,-1.625,-3.375,-4.75,-6,-7,-7.625,-8.125,-8.5,-9,-10.25,-13.25,-18.75,-26.625
